[
    {
        "uuid": "8bd4d506-8a1d-11e9-a591-3863bb98c88b",
        "song": "Bala Hindinnam Oba Magema Nam ",
        "singer": "Shashika Nisansala ",
        "lyricUnicode": "\u0db6\u0dbd\u0dcf \u0dc4\u0dd2\u0db3\u0dd2\u0db1\u0dca\u0db1\u0db8\u0dca \u0d94\u0db6 \u0db8\u0d9c\u0dda\u0db8 \u0db1\u0db8\u0dca\r\n\u0daf\u0dd4\u0d9a\u0dd2\u0db1\u0dca \u0db8\u0dd2\u0dba\u0dd9\u0db1\u0dca\u0db1\u0db8\u0dca \u0db8\u0dcf \u0dc4\u0dd0\u0dbb\u0dba\u0dcf\u0db1\u0db8\u0dca\r\n\u0dba\u0dc5\u0dd2\u0dad\u0dca \u0d9a\u0dd2\u0dba\u0db1\u0dca\u0db1\u0db8\u0dca \u0d94\u0db6 \u0db8\u0d9c\u0dda\u0db8 \u0db1\u0db8\u0dca\r\n\u0dc4\u0dd9\u0da7\u0dad\u0dca \u0dc4\u0dd2\u0db3\u0dd2\u0db1\u0dca\u0db1\u0db8\u0dca \u0d94\u0db6 \u0dc5\u0d9f \u0dbb\u0dc4\u0dc3\u0dd2\u0db1\u0dca\n\r\n\u0dbb\u0dd0\u0dc4\u0dd0\u0dba\u0dd2 \u0dc4\u0dac \u0dad\u0dbd\u0dba\u0dd2 \u0db1\u0dd4\u0db9 \u0d9c\u0dd0\u0db1 \u0db6\u0dd2\u0dba\u0d9a\u0dca \u0db8\u0da7 \u0daf\u0dd0\u0db1\u0dd9\u0dba\u0dd2\r\n\u0d85\u0dc4\u0d9a \u0db6\u0dbd\u0db1\u0dca \u0d89\u0db1\u0dca\u0db1\u0da7 \u0db6\u0dd1 \u0db1\u0dd4\u0db9\u0dad\u0dca \u0db8\u0da7 \u0db8\u0d9c\u0dda\r\n\u0daf\u0db1\u0dd2\u0db8\u0dd2 \u0db8\u0db8\u0dad\u0dca \u0dc5\u0dd9\u0db1\u0dca\u0d9c\u0dad\u0dd4\u0d9a\u0db8\u0dca \u0d85\u0dc4\u0dc3\u0da7\u0dad\u0dca \u0dc0\u0dd0\u0da9\u0dd3\r\n\u0db1\u0dd4\u0db9\u0dda \u0dc3\u0dd9\u0db1\u0dd9\u0dc4\u0dc3\u0da7 \u0dc0\u0dd0\u0da9\u0dd2 \u0dc4\u0dc0\u0dca\u0dc4\u0dbb\u0dab \u0db8\u0da7 \u0db1\u0dd0\u0dad\u0dd3\n\r\n\u0dc4\u0dac\u0db1\u0dca\u0db1\u0da7 \u0d91\u0db4\u0dcf \u0db5\u0dbd \u0db1\u0dd1 \u0db8\u0dda \u0daf\u0dd2\u0dc0\u0dd2 \u0d9a\u0dad\u0dbb\u0dda\r\n\u0db1\u0dd4\u0db9\u0dda\u0db8 \u0dc0\u0dd3 \u0d8b\u0db4\u0daf\u0dd2\u0db1\u0dca\u0db1\u0db8\u0dca \u0db8\u0d82 \u0db8\u0dad\u0dd4 \u0dc3\u0dc3\u0dbb\u0dda\r\n\u0db8\u0da7\u0dad\u0dca \u0db8\u0dc4\u0db8\u0dd9\u0dbb\u0d9a\u0dca\u0dc0\u0dd3 \u0db1\u0dd4\u0db9 \u0db8\u0d9c\u0dda \u0dc4\u0dd2\u0dad \u0dbb\u0dd0\u0db3\u0dd3\r\n\u0db1\u0dd4\u0db9\u0dda \u0dad\u0dbb\u0db8\u0dca \u0dc4\u0ddc\u0db3 \u0dc4\u0dd2\u0dad \u0db8\u0db8 \u0dad\u0dc0\u0dad\u0dca \u0daf\u0dd0\u0d9a \u0db1\u0dd0\u0dad\u0dd3\n\r\n\u0db6\u0dbd\u0dcf \u0dc4\u0dd2\u0db3\u0dd2\u0db1\u0dca\u0db1\u0db8\u0dca......"
    },
    {
        "uuid": "8d75b7b4-8a1d-11e9-9242-3863bb98c88b",
        "song": "Balikaviyan Thaksala Doren ",
        "singer": "Janaka Wickramasinghe ",
        "lyricUnicode": "\u0db6\u0dcf\u0dbd\u0dd2\u0d9a\u0dcf\u0dc0\u0dd2\u0dba\u0db1\u0dca \u0dad\u0d9a\u0dca\u0dc3\u0dbd\u0dcf \u0daf\u0ddc\u0dbb\u0dd9\u0db1\u0dca\r\n\u0d89\u0dc3\u0dca\u0dc3\u0dd2\u0dbd\u0dcf \u0dc4\u0ddc\u0dbb\u0dd9\u0db1\u0dca \u0db6\u0dbd\u0dcf\u0dc0\u0dd2 \u0d9c\u0dc3\u0dca\u0dc3\u0dbd\u0dcf \u0db1\u0dd4\u0dc0\u0db1\u0dca\r\n\u0dba\u0db1\u0dca\u0dad\u0dbb\u0dda \u0dc4\u0dac\u0dd2\u0db1\u0dca \u0db8\u0db1\u0dca\u0dad\u0dbb\u0dda \u0daf\u0dd4\u0db8\u0dd2\u0db1\u0dca\r\n\u0dbb\u0dcf\u0dc0\u0dab\u0dcf \u0d87\u0dc0\u0dd2\u0dad\u0dca \u0dc4\u0dd2\u0db3\u0dd3\u0dc0\u0dd2 \u0dc3\u0dd9\u0dba\u0dd2\u0dbd\u0db8\u0dda \u0d89\u0db3\u0db1\u0dca\n\r\n\u0dbd\u0dd2\u0dba\u0dcf \u0db8\u0dd4\u0dad\u0dd4 \u0dc0\u0daf\u0db1\u0dca \u0dba\u0ddc\u0db8\u0dcf \u0dc3\u0dd4\u0dc0\u0db3 \u0db4\u0dd0\u0db1\u0dca\r\n\u0d91\u0dc0\u0dcf \u0daf\u0dd6\u0dad\u0dba\u0db1\u0dca \u0d9a\u0dbb\u0db8\u0dad \u0db8\u0dc4\u0dcf \u0db4\u0dd9\u0db8\u0dca \u0dc4\u0dc3\u0dd4\u0db1\u0dca\r\n\u0db8\u0dc0\u0dcf \u0db6\u0ddc\u0dbb\u0dd4 \u0dc0\u0daf\u0db1\u0dca \u0d9c\u0dd9\u0db1\u0dcf \u0d85\u0dc0\u0dc3\u0dbb\u0dd9\u0db1\u0dca\r\n\u0db8\u0dd2\u0daf\u0dd3 \u0d9a\u0dd4\u0da9\u0dd4\u0dc0\u0dd9\u0db1\u0dca \u0d89\u0d9c\u0dd2\u0dbd\u0dd9\u0dad\u0dd2 \u0dc3\u0dca\u0dc0\u0dbb\u0dca\u0dab\u0db8\u0dcf\u0dbd\u0dd2\u0dba\u0db1\u0dca\n\r\n\u0db6\u0dcf\u0dbd\u0dd2\u0d9a\u0dcf\u0dc0\u0dd2\u0dba\u0db1\u0dca......\n\r\n\u0d8b\u0dad\u0dca\u0db4\u0dbd\u0dcf\u0dc0\u0dd2\u0dba\u0db1\u0dca \u0db6\u0dcf\u0dbd \u0db6\u0ddc\u0dbd\u0daf\u0dd2\u0dba\u0db1\u0dca\r\n\u0db8\u0dad\u0dca\u0dc0\u0dd9\u0dbd\u0dcf \u0db4\u0dd9\u0db8\u0dd2\u0db1\u0dca \u0daf\u0dd9\u0db1\u0dd4\u0dc0\u0db1\u0dca \u0db4\u0dd9\u0db8\u0dca\u0db6\u0dbb\u0dcf \u0dc5\u0d9f\u0dd2\u0db1\u0dca\r\n\u0db8\u0dbd\u0dca \u0dc0\u0dd0\u0da7\u0dd9\u0db1\u0dca \u0d91\u0dc4\u0dcf \u0dbb\u0d9f\u0dc4\u0dbd\u0dd2\u0db1\u0dca \u0db8\u0dd9\u0dc4\u0dcf\r\n\u0dc3\u0dd2\u0db1\u0dcf \u0db4\u0dcf\u0dbb\u0dd4\u0dc0\u0dd9\u0db1\u0dca \u0d9a\u0ddc\u0dad\u0dd0\u0db1\u0daf \u0dbb\u0d82\u0d9f\u0db1\u0dda \u0dbb\u0dd0\u0d9f\u0dd4\u0db8\u0dca\n\r\n\u0db6\u0dcf\u0dbd\u0dd2\u0d9a\u0dcf\u0dc0\u0dd2\u0dba\u0db1\u0dca......"
    },
    {
        "uuid": "906e32d0-8a1d-11e9-a95f-3863bb98c88b",
        "song": "Bamara Asin Ingi Maranaa ",
        "singer": "Milton Mallawaarachchi ",
        "lyricUnicode": "\u0db6\u0db8\u0dbb \u0d87\u0dc3\u0dd2\u0db1\u0dca \u0d89\u0d9f\u0dd2\u0db8\u0dbb\u0db1\u0dcf\r\n\u0db8\u0ddc\u0dab\u0dbb \u0d9a\u0dd2\u0d9a\u0dd2\u0dc5\u0dd2\u0dba\u0db1\u0dca \u0dbb\u0d9f\u0db1\u0dcf\r\n\u0dba\u0dd9\u0ddf\u0dc0\u0db1\u0dba\u0dda \u0db8\u0d9f=\u0dbd\u0dca \u0d9c\u0dd9\u0daf\u0dbb \r\n\u0dc3\u0dd0\u0dab\u0d9a\u0dd9\u0dc5\u0dd2\u0dba\u0dba\u0dd2 \u0dc0\u0dc3\u0db1\u0dca\u0dad\u0dba\u0dda\r\n\u0d91\u0db1\u0dca\u0db1 \u0dc3\u0dd0\u0dbb\u0dc3\u0dd2\u0dbd\u0dcf \u0d91\u0db1\u0dca\u0db1 \u0dc3\u0dd0\u0dbb\u0dc3\u0dd2\u0dbd\u0dcf\r\n\u0d91\u0db1\u0dca\u0db1 \u0dc3\u0dd0\u0dbb\u0dc3\u0dd2\u0dbd\u0dcf \u0d91\u0db1\u0dca\u0db1 \u0dc3\u0dd0\u0dbb\u0dc3\u0dd2\u0dbd\u0dcf\n\r\n\u0dbd\u0dd2\u0dba\u0dad\u0db9\u0dbb\u0dcf \u0db8\u0dbd\u0dca \u0db4\u0dd2\u0db4\u0dd9\u0dab\u0dcf\r\n\u0dbb\u0db1\u0dca \u0dad\u0dbb\u0dd4 \u0d9a\u0dd0\u0db1\u0dca \u0daf\u0dd2\u0daf\u0dd4\u0dc5\u0dd4 \u0daf\u0dd9\u0db1\u0dcf\r\n\u0dc0\u0dc3\u0db1\u0dca\u0dad\u0dba\u0dda \u0d85\u0dad\u0dca\u0dad\u0da7\u0dd4 \u0dbd\u0dcf\r\n\u0dc3\u0db8\u0db1\u0dbd\u0dd2\u0dba\u0db1\u0dca \u0db8\u0dbd\u0da7 \u0dc0\u0dd4\u0dab\u0dcf\r\n\u0dba\u0dd9\u0ddf\u0dc0\u0db1\u0dba\u0dda \u0db8\u0d9f=\u0dbd\u0dca \u0d9c\u0dd9\u0daf\u0dbb \r\n\u0dc3\u0dd0\u0dab\u0d9a\u0dd9\u0dc5\u0dd2\u0dba\u0dba\u0dd2 \u0dc0\u0dc3\u0db1\u0dca\u0dad\u0dba\u0dda\r\n\u0d91\u0db1\u0dca\u0db1 \u0dc3\u0dd0\u0dbb\u0dc3\u0dd2\u0dbd\u0dcf \u0d91\u0db1\u0dca\u0db1 \u0dc3\u0dd0\u0dbb\u0dc3\u0dd2\u0dbd\u0dcf\r\n\u0d91\u0db1\u0dca\u0db1 \u0dc3\u0dd0\u0dbb\u0dc3\u0dd2\u0dbd\u0dcf \u0d91\u0db1\u0dca\u0db1 \u0dc3\u0dd0\u0dbb\u0dc3\u0dd2\u0dbd\u0dcf\n\r\n\u0dad\u0dc4\u0d82\u0da0\u0dd2\u0dba\u0dda \u0db8\u0dd4\u0dbb \u0db8\u0dd0\u0daf\u0dd4\u0dbb\u0dda\r\n\u0dc4\u0ddc\u0dbb \u0dbb\u0dc4\u0dc3\u0dda \u0d85\u0d9c\u0dd4\u0dc5\u0dd4 \u0dc4\u0dd0\u0dbb\u0dda\r\n\u0dc3\u0ddc\u0dc5\u0ddc\u0dc3\u0dca \u0dc0\u0dd2\u0dba\u0dda \u0dbb\u0dd0\u0dba \u0d9a\u0dd0\u0dc5\u0db9\u0dda\r\n\u0dc3\u0dd4\u0dc0\u0dba \u0dc3\u0dd0\u0daf\u0dda \u0db1\u0dd2\u0db8\u0dda\u0dc2\u0dba\u0dda\r\n\u0dba\u0dd9\u0ddf\u0dc0\u0db1\u0dba\u0dda \u0db8\u0d9f=\u0dbd\u0dca \u0d9c\u0dd9\u0daf\u0dbb \r\n\u0dc3\u0dd0\u0dab\u0d9a\u0dd9\u0dc5\u0dd2\u0dba\u0dba\u0dd2 \u0dc0\u0dc3\u0db1\u0dca\u0dad\u0dba\u0dda\r\n\u0d91\u0db1\u0dca\u0db1 \u0dc3\u0dd0\u0dbb\u0dc3\u0dd2\u0dbd\u0dcf \u0d91\u0db1\u0dca\u0db1 \u0dc3\u0dd0\u0dbb\u0dc3\u0dd2\u0dbd\u0dcf\r\n\u0d91\u0db1\u0dca\u0db1 \u0dc3\u0dd0\u0dbb\u0dc3\u0dd2\u0dbd\u0dcf \u0d91\u0db1\u0dca\u0db1 \u0dc3\u0dd0\u0dbb\u0dc3\u0dd2\u0dbd\u0dcf\n\r\n\u0db6\u0db8\u0dbb \u0d87\u0dc3\u0dd2\u0db1\u0dca \u0d89\u0d9f\u0dd2\u0db8\u0dbb\u0db1\u0dcf....."
    },
    {
        "uuid": "95593a48-8a1d-11e9-92fe-3863bb98c88b",
        "song": "Bidimu Adura Rahase ",
        "singer": "Thisija Uthpala ",
        "lyricUnicode": "\u0daf\u0d9a\u0dd2\u0db1 \u0daf\u0d9a\u0dd2\u0db1 \u0db8\u0dbd\u0dca \u0db8\u0d9f\u0dc4\u0dd0\u0dbb\u0dbd\u0dcf\r\n\u0dc3\u0dd2\u0db9\u0dd2\u0db1 \u0dc3\u0dd2\u0db9\u0dd2\u0db1 \u0db8\u0daf \u0db4\u0dc0\u0db1 \u0dc3\u0ddc\u0dba\u0dcf\r\n\u0d87\u0dc0\u0dd2\u0daf \u0d87\u0dc0\u0dd2\u0daf \u0d9c\u0dd2\u0dba \u0db8\u0d82 \u0dc3\u0ddc\u0dba\u0dbd\u0dcf\r\n\u0dc3\u0dd4\u0dc0\u0db3 \u0dc3\u0dd4\u0dc0\u0db3 \u0daf\u0dd4\u0db1\u0dca \u0db8\u0dbd \u0dc3\u0dd2\u0db8\u0dca\u0db6\u0dcf\r\n\u0db8\u0dad\u0dd2\u0db1\u0dca \u0db8\u0dad\u0dca\u0dc0 \u0dc3\u0dd4\u0dc0\u0db6\u0dbb \u0dc0\u0dd3\u0dbd\u0dcf\r\n\u0d9a\u0dd9\u0dbd\u0dd9\u0dc3 \u0dba\u0db8\u0dca\u0daf \u0db8\u0dbd \u0d85\u0dad\u0d87\u0dbb\u0dbd\u0dcf\n\r\n\u0db4\u0dd2\u0db1\u0dd2 \u0d9a\u0dd0\u0da7 \u0dad\u0dd0\u0dc0\u0dbb\u0dd4\u0db1\u0dd4 \u0daf\u0dd2\u0dbd\u0dd2\u0dc3\u0dd9\u0db1 \u0db4\u0dd9\u0dad\u0dd2 \u0d85\u0d9c\r\n\u0dc3\u0dd2\u0db9\u0dd2\u0db1\u0dca\u0db1 \u0db8\u0da7 \u0dc3\u0dd2\u0dad\u0dca \u0daf\u0dda\r\n\u0db4\u0db8\u0dab\u0da7 \u0db1\u0dd0\u0dbd\u0dc0\u0dd9\u0db1 \u0dc3\u0dd2\u0dc4\u0dd2\u0db1\u0dca \u0db1\u0da7\u0dd4\u0dc0 \u0db6\u0dd0\u0db3\r\n\u0dbb\u0d9f\u0daf\u0dd9\u0db8\u0dd4 \u0d85\u0db4\u0dd2 \u0dbb\u0dd2\u0dc3\u0dd2\u0dc3\u0dda\r\n\u0db8\u0daf \u0db4\u0dc0\u0db1\u0dda \u0dc3\u0dd0\u0dbd\u0dd9\u0db8\u0dd4 \u0dc5\u0db3\u0dd4\u0db1\u0dda\r\n\u0d85\u0db4\u0dd2 \u0db6\u0dd2\u0db3\u0dd2\u0db8\u0dd4 \u0d85\u0db3\u0dd4\u0dbb \u0dbb\u0dc4\u0dc3\u0dda\n\r\n\u0d94\u0db6 \u0dbd\u0dd6\u0dc4\u0dd4\u0db6\u0db3\u0dd2\u0db1\u0da7 \u0dc3\u0dd2\u0dad \u0dad\u0dc0 \u0d9a\u0dd3\u0dc0\u0dad\u0dca\r\n\u0db4\u0dbd\u0d9a\u0dca \u0dc0\u0dda\u0daf \u0dc3\u0ddc\u0db3\u0dd4\u0dbb\u0dda\r\n\u0d9a\u0dc0\u0daf\u0dcf \u0dc4\u0ddd \u0dba\u0dbd\u0dd2 \u0db4\u0dd2\u0db4\u0dd4\u0db1\u0ddc\u0dad\u0dca \u0daf\u0dd2\u0db1\u0dba\u0d9a\r\n\u0db8\u0d9c\u0dd9\u0db8 \u0dc0\u0db1\u0dca\u0db1 \u0dc3\u0dc3\u0dbb\u0dda\r\n\u0db8\u0db3 \u0db4\u0dc0\u0db1\u0dda \u0dc3\u0dd0\u0dbd\u0dd9\u0db8\u0dca \u0dc5\u0db3\u0dd4\u0db1\u0dda\r\n\u0d85\u0db4\u0dd2 \u0db6\u0dd2\u0db3\u0dd2\u0db8\u0dd4 \u0d85\u0db3\u0dd4\u0dbb \u0dbb\u0dc4\u0dc3\u0dda\n\r\n\u0daf\u0d9a\u0dd2\u0db1 \u0daf\u0d9a\u0dd2\u0db1..."
    },
    {
        "uuid": "96d9e640-8a1d-11e9-a77c-3863bb98c88b",
        "song": "Bimata Pathitha Viyali Kolaya Gasata Epa Wee ",
        "singer": "Charitha Priyadarshani ",
        "lyricUnicode": "\u0db6\u0dd2\u0db8\u0da7 \u0db4\u0dad\u0dd2\u0dad \u0dc0\u0dd2\u0dba\u0dc5\u0dd2 \u0d9a\u0ddc\u0dc5\u0dba \u0d9c\u0dc3\u0da7 \u0d91\u0db4\u0dcf\u0dc0\u0dd3\r\n\u0db8\u0dc4 \u0db4\u0ddc\u0dc5\u0dc0\u0da7 \u0db6\u0dbb\u0d9a\u0dca \u0db1\u0ddc\u0dc0\u0dd3 \u0daf\u0dbb\u0dcf\u0d9c\u0db1\u0dd4 \u0db6\u0dd0\u0dbb\u0dd3\r\n\u0db8\u0da7 \u0db8\u0dda \u0da7\u0dd2\u0d9a \u0dc0\u0dd0\u0da9\u0dd2\u0dba\u0dd2 \u0d9a\u0dd2\u0dba\u0dcf \u0d9c\u0d9f\u0da7 \u0d91\u0db4\u0dcf\u0dc0\u0dd3\r\n\u0db8\u0dc4 \u0db8\u0dd4\u0dc4\u0dd4\u0daf\u0da7 \u0dc4\u0dd9\u0dbd\u0db1 \u0da2\u0dbd\u0dba \u0d91\u0dba\u0da7 \u0dc0\u0dd0\u0da9\u0dd2 \u0db1\u0ddc\u0dc0\u0dda\n\r\n\u0dbb\u0dd0\u0d9c\u0dd9\u0db1 \u0d9c\u0ddc\u0dc3\u0dd2\u0db1\u0dca \u0d9c\u0dd9\u0d9f\u0dca \u0da2\u0dbd\u0dba \u0dc4\u0dd2\u0dbb\u0dd4\u0da7 \u0d91\u0db4\u0dcf\u0dc0\u0dd3\r\n\u0db8\u0dc4 \u0dc0\u0dd0\u0dc3\u0dd2 \u0dbd\u0dd9\u0dc3 \u0dba\u0dc5\u0dd2 \u0d91\u0dc0\u0dca\u0dc0\u0daf \u0db4\u0ddc\u0dc5\u0dc0 \u0db4\u0dd2\u0dc5\u0dd2\u0d9c\u0db1\u0dd3\r\n\u0dc0\u0dd9\u0dbb\u0dc5 \u0db8\u0db3\u0d9a\u0dca \u0dc0\u0dd0\u0dc5\u0daf \u0d9c\u0db1\u0dca\u0db1 \u0dc3\u0dd2\u0dad\u0dcf \u0dc4\u0dd0\u0db4\u0dd9\u0db8\u0dd2\u0db1\u0dd3\r\n\u0d9c\u0dd2\u0dba \u0dbb\u0dc5 \u0db4\u0dd9\u0dc5 \u0db1\u0dd0\u0dc0\u0dad\u0dad\u0dca \u0d86\u0dc0\u0daf \u0dc3\u0dba\u0dd4\u0dbb \u0db4\u0dd2\u0dc5\u0dd2\u0d9c\u0db1\u0dd3\n\r\n\u0db6\u0dd2\u0db8\u0da7 \u0db4\u0dad\u0dd2\u0dad\n\r\n\u0dc3\u0dd4\u0dc5\u0dd2 \u0dc3\u0dd4\u0dc5\u0d9f\u0d9a\u0dca \u0dbd\u0dd9\u0dc3 \u0dc4\u0dd0\u0db8\u0dd4\u0dc0\u0daf \u0dbd\u0ddc\u0dc0\u0da7 \u0db1\u0db4\u0dd4\u0dbb\u0dd4 \u0dc0\u0dd3\r\n\u0db8\u0dd4\u0daf\u0dd4 \u0db4\u0dc0\u0db1\u0d9a\u0dca \u0dc0\u0dd3 \u0d86 \u0dc0\u0dd2\u0da7 \u0dad\u0dd4\u0da7\u0dd2\u0db1\u0dca \u0db4\u0dd2\u0dc5\u0dd2\u0d9c\u0db1\u0dd3\r\n\u0db1\u0dd4\u0db9 \u0db8\u0dcf \u0dc4\u0dd0\u0dbb \u0dba\u0db1\u0db8\u0dd4\u0daf\u0dd4 \u0d85\u0daf \u0dc3\u0dd0\u0dc4\u0dd0\u0dc3\u0dd2 \u0dc0\u0dd2\u0dbd\u0dc3\u0dd2\u0db1\u0dd3\r\n\u0dc0\u0dd0\u0dbb\u0daf\u0dd3 \u0d86\u0db4\u0dc3\u0dd4 \u0d86\u0dc0\u0ddc\u0dad\u0dca \u0db8\u0dc3\u0dd2\u0dad \u0d89\u0da9 \u0dc4\u0dd2\u0db8\u0dd3 //\n\r\n\u0db6\u0dd2\u0db8\u0da7 \u0db4\u0dad\u0dd2\u0dad\r\n\u0db8\u0dc4 \u0db8\u0dd4\u0dc4\u0dd4\u0daf\u0da7 \u0dc4\u0dd9\u0dbd\u0db1 \u0da2\u0dbd\u0dba \u0d91\u0dba\u0da7 \u0dc0\u0dd0\u0da9\u0dd2 \u0db1\u0ddc\u0dc0\u0dda ////"
    },
    {
        "uuid": "9759da1e-8a1d-11e9-a6af-3863bb98c88b",
        "song": "Binda Mage Sith Dahana ",
        "singer": "Jagath Wickramasinghe ",
        "lyricUnicode": "\u0db6\u0dd2\u0db1\u0dca\u0daf \u0db8\u0d9c\u0dd9 \u0dc3\u0dd2\u0dad\u0dca \u0daf\u0dd0\u0dc4\u0dd0\u0db1 \u0db1\u0ddc\u0dc3\u0dd9\u0dbd\u0dca\u0dc0\u0dd3 \u0dc0\u0dd0\u0da9 \u0dc0\u0dc3\u0db1\r\n\u0dba\u0d9c\u0dca\u0d9c\u0dbd\u0dda \u0db8\u0dc4 \u0d9a\u0db1\u0dca\u0daf \u0d87\u0dba \u0dc0\u0d9c\u0dd9\u0dba\u0dd2\r\n\u0d9a\u0db1\u0dca\u0daf \u0db4\u0dcf\u0db8\u0dd4\u0dbd \u0d9c\u0dbd\u0db1 \u0dc3\u0dd2\u0dc3\u0dd2\u0dbd\u0dc3\u0db8 \u0dc3\u0dbb\u0dd2\u0d9a\u0dbb\u0db1\r\n\u0dc3\u0ddc\u0db3\u0dd4\u0dbb\u0dd4 \u0db8\u0dcf\u0d9c\u0dbd\u0dca \u0d9c\u0d9f\u0dad\u0dca \u0d87\u0dba \u0dc0\u0d9c\u0dd9\u0dba\u0dd2\n\r\n\u0dc3\u0dd4\u0dc5\u0dd2 \u0dc3\u0dd4\u0dc5\u0d82 \u0d85\u0d9a\u0dd4\u0dab\u0dd4 \u0dc3\u0dd0\u0dbb \u0dc0\u0dd0\u0dc4\u0dd2 \u0d9a\u0ddd\u0da9 \u0dbd\u0dd0\u0dc0\u0dca \u0d9c\u0dd2\u0db1\u0dd2\u0daf\r\n\u0daf\u0dd2\u0dc0\u0dcf \u0dbb\u0dd0\u0dba \u0d85\u0dbb\u0dd4\u0db8\u0dba\u0d9a\u0dca \u0db1\u0ddc\u0dc0\u0dda\u0db8\u0dd0\u0dba\u0dd2\r\n\u0daf\u0dd4\u0d9a\u0dca \u0d9c\u0dd0\u0dc4\u0dd0\u0da7 \u0dc4\u0dd2\u0dbb\u0dd2\u0dc4\u0dd0\u0dbb\u0daf \u0d89\u0dc0\u0dc3\u0db1\u0dcf \u0db8\u0dda \u0d9a\u0db1\u0dca\u0daf\r\n\u0db8\u0d9c\u0dda \u0dc4\u0daf \u0d9c\u0dd0\u0db6 \u0dc3\u0dd9\u0db1\u0dda \u0dc0\u0da9\u0dcf\u0dbd\u0dba\u0dd2\r\n\u0dba\u0d9c\u0dca\u0d9c\u0dbd\u0dda \u0db8\u0dc4 \u0d9a\u0db1\u0dca\u0daf \u0d87\u0dba \u0dc0\u0d9c\u0dd9\u0dba\u0dd2\n\r\n\u0d9a\u0dd2\u0dc3\u0dd2\u0daf\u0dd4 \u0d85\u0dc4\u0dd2\u0dad\u0d9a\u0dca \u0db1\u0dd0\u0dad\u0dd2\u0dc0 \u0daf\u0dbb\u0dcf \u0db4\u0dbb\u0db8\u0dbd\u0dca \u0db4\u0dd9\u0dad\u0dd2\u0daf \r\n\u0dc5\u0d9c\u0d9c\u0dca\u0db1\u0dcf \u0dad\u0db1\u0dd4\u0dc0\u0d9a\u0da7 \u0d9c\u0dbd\u0dcf \u0dba\u0dba\u0dd2\r\n\u0dc3\u0dc3\u0dbb \u0d89\u0db8 \u0db4\u0dd2\u0dc5\u0dd2\u0dc3\u0dd2\u0db3\u0dd4\u0db8 \u0dc3\u0daf\u0dcf\u0d9a\u0dbd\u0dca \u0db1\u0ddc\u0db1\u0dc0\u0dad\u0dd2\u0db1\r\n\u0d87\u0d9c\u0dda \u0dc5\u0dba\u0dda \u0dc3\u0dca\u0db1\u0dda\u0dc4\u0dba \u0dc0\u0d9c\u0dda\u0db8\u0dba\u0dd2\r\n\u0dc3\u0ddc\u0db3\u0dd4\u0dbb\u0dd4 \u0db8\u0dcf\u0d9c\u0dbd\u0dca \u0d9c\u0d9f\u0dad\u0dca \u0d87\u0dba \u0dc0\u0d9c\u0dd9\u0dba\u0dd2\n\r\n\u0db6\u0dd2\u0db1\u0dca\u0daf \u0db8\u0d9c\u0dd9 \u0dc3\u0dd2\u0dad\u0dca....."
    },
    {
        "uuid": "98d11e22-8a1d-11e9-b928-3863bb98c88b",
        "song": "Bindu Bindu Tharaka ",
        "singer": "Gunadasa Kapuge ",
        "lyricUnicode": "\u0db6\u0dd2\u0d82\u0daf\u0dd4 \u0db6\u0dd2\u0d82\u0daf\u0dd4 \u0dad\u0dcf\u0dbb\u0d9a\u0dcf \u0d9a\u0daf\u0dd4\u0dc5\u0dd4 \u0db8\u0dbd\u0dca \u0dc0\u0dd2\u0dbd\u0dda\r\n\u0d8b\u0db8\u0dad\u0dd4\u0dc0\u0dd3 \u0dc3\u0db3\u0dba\u0dd2 \u0d94\u0db6\u0dba\u0dd2 \u0dc4\u0dd2\u0db1\u0dd0\u0dc4\u0dd4\u0db1\u0dcf \u0dbb\u0dd0\u0dba\u0dda\r\n\u0dc3\u0dd4\u0db6 \u0db4\u0dd0\u0dad\u0dd4\u0db8\u0dca \u0d85\u0d9c\u0dcf\u0db0\u0dba\u0dda \u0d9c\u0dd3\u0dad\u0dd2\u0d9a\u0dcf \u0d87\u0dc3\u0dda\r\n\u0d85\u0dc4\u0dd2\u0db8\u0dd2\u0dc0\u0dd4 \u0d86\u0daf\u0dbb\u0dda \u0dbb\u0dad\u0dca \u0db1\u0dd9\u0dc5\u0dd4\u0db8\u0dca \u0db4\u0dd2\u0db4\u0dda\r\n\u0db6\u0dd2\u0d82\u0daf\u0dd4 \u0db6\u0dd2\u0d82\u0daf\u0dd4 \u0dad\u0dcf\u0dbb\u0d9a\u0dcf \u0d9a\u0daf\u0dd4\u0dc5\u0dd4 \u0db8\u0dbd\u0dca \u0dc0\u0dd2\u0dbd\u0dda\r\n\u0d8b\u0db8\u0dad\u0dd4\u0dc0\u0dd3 \u0dc3\u0db3\u0dba\u0dd2 \u0d94\u0db6\u0dba\u0dd2 \u0dc4\u0dd2\u0db1\u0dd0\u0dc4\u0dd4\u0db1\u0dcf \u0dbb\u0dd0\u0dba\u0dda\n\r\n\u0dad\u0db1\u0dd2\u0dc0\u0dd3 \u0d9c\u0dd2\u0db8\u0dca\u0dc4\u0dcf\u0db1\u0dba\u0dda\r\n\u0dc0\u0dd0\u0dbd\u0db4\u0dda \u0d9a\u0ddc\u0dc0\u0dd4\u0dbd\u0dcf \u0dc0\u0db1\u0dda\r\n\u0dc3\u0db3 \u0db8\u0dad \u0d86\u0daf\u0dbb\u0dba\u0dda \u0dc3\u0dd1\u0dba \u0db8\u0dd0\u0dc0\u0dda\r\n\u0dc0\u0dd2\u0dba\u0dd0\u0d9a\u0dd3 \u0db6\u0db9\u0dbb \u0d9c\u0dd3\u0dad \u0db8\u0dbd\u0d9a \u0dbb\u0ddc\u0db1\u0dca \u0dc3\u0dd0\u0dbd\u0dda\n\r\n\u0db6\u0dd2\u0d82\u0daf\u0dd4 \u0db6\u0dd2\u0d82\u0daf\u0dd4 \u0dad\u0dcf\u0dbb\u0d9a\u0dcf \u0d9a\u0daf\u0dd4\u0dc5\u0dd4 \u0db8\u0dbd\u0dca \u0dc0\u0dd2\u0dbd\u0dda\r\n\u0d8b\u0db8\u0dad\u0dd4\u0dc0\u0dd3 \u0dc3\u0db3\u0dba\u0dd2 \u0d94\u0db6\u0dba\u0dd2 \u0dc4\u0dd2\u0db1\u0dd0\u0dc4\u0dd4\u0db1\u0dcf \u0dbb\u0dd0\u0dba\u0dda\n\r\n\u0dc0\u0dd2\u0dc3 \u0db8\u0daf\u0dd4 \u0db4\u0dd4\u0dbb\u0dc0\u0dcf \u0dc0\u0dd2\u0dad\u0dda\r\n\u0d9c\u0dd9\u0db1\u0daf\u0dd2 \u0daf\u0ddd\u0dad\u0dd2\u0db1\u0dca \u0d94\u0db6\u0dda\r\n\u0db8\u0dcf \u0dc4\u0daf \u0dc3\u0dd1\u0dba \u0daf\u0dc0\u0dcf \u0daf\u0dd1\u0dc3 \u0db1\u0dd2\u0dc0\u0dcf\r\n\u0db1\u0d82\u0dc0\u0db1\u0dd4 \u0db8\u0db1\u0dca\u0daf\u0dc4\u0dcf\u0dc3 \u0db8\u0dd2\u0dba\u0dd9\u0db1 \u0db8\u0dcf \u0db1\u0dd9\u0dad\u0dda\n\r\n\u0db6\u0dd2\u0d82\u0daf\u0dd4 \u0db6\u0dd2\u0d82\u0daf\u0dd4 \u0dad\u0dcf\u0dbb\u0d9a\u0dcf.....\n"
    },
    {
        "uuid": "99cc1ac0-8a1d-11e9-a844-3863bb98c88b",
        "song": "Bindunu Kalaka Amathaka Kala Nohaki Nam Sithin ",
        "singer": "Punsiri Soysa ",
        "lyricUnicode": "\u0db6\u0dd2\u0daf\u0dd4\u0db1\u0dd4 \u0d9a\u0dbd\u0d9a \u0d85\u0db8\u0dad\u0d9a \u0d9a\u0dbd \r\n\u0db1\u0ddc\u0dc4\u0dd0\u0d9a\u0dd2 \u0db1\u0db8\u0dca \u0dc3\u0dd2\u0dad\u0dd2\u0db1\u0dca\r\n\u0db6\u0dd2\u0dd9\u0db3\u0db1 \u0db6\u0daf\u0dd4\u0db1\u0dca \u0d9a\u0dd4\u0db8\u0d9a\u0da7 \r\n\u0dc3\u0dd4\u0dbb\u0d9a\u0dd2\u0db8\u0dca\u0daf \u0d86\u0daf\u0dbb\u0dd9\u0db1\u0dca //\n\r\n\u0db8\u0daf\u0dc4\u0dc3 \u0db4\u0dd1 \u0daf\u0dd1\u0dc3 \u0dc4\u0dd2\u0dad \u0dc4\u0dac\u0dc0\u0dcf \r\n\u0dba\u0db1\u0dca\u0db1 \u0dba\u0dcf\u0dc0\u0dd2 \u0db1\u0db8\u0dca //\r\n\u0d9a\u0daf\u0dd4\u0dbd\u0dda \u0dbb\u0dd2\u0daf\u0dd4\u0db8\u0dd9\u0db1\u0dca \u0dc3\u0ddc\u0dba\u0db8\u0dd2 \u0dbb\u0dc3 \u0dc4\u0dd0\u0d9f\u0dd4\u0db8\u0dca\r\n\u0d9a\u0dd4\u0db8\u0da7 \u0dc3\u0dd4\u0db6 \u0db4\u0dd0\u0dad\u0dd4\u0db8\u0dca\n\r\n\u0db6\u0dd2\u0daf\u0dd4\u0db1\u0dd4 \u0d9a\u0dbd\u0d9a..... \n\r\n\u0dc0\u0dd0\u0da7\u0dc4\u0dd9\u0db1\u0dca\u0db1\u0dda \u0db1\u0dd1 \u0dc0\u0dd2\u0db1\u0dca\u0daf \u0daf\u0dd4\u0d9a \u0dbb\u0dd4\u0daf\u0dd4\u0dbb\u0dd4\r\n\u0db1\u0dd2\u0db8\u0dcf \u0dc0\u0dd3 \u0db1\u0dd0\u0dad\u0dd2 //\r\n\u0d9c\u0dd2\u0dbd\u0dd2\u0dc4\u0dd3 \u0d9c\u0dd2\u0dba\u0daf\u0dd9\u0db1\u0dca \u0db4\u0dd9\u0db8\u0da7 \u0daf\u0dd4\u0db1\u0dca \u0dbb\u0dd2\u0daf\u0dd4\u0db8\u0dca\r\n\u0db6\u0dd2\u0daf\u0dd4\u0db1\u0dd4 \u0db4\u0dd9\u0db8\u0dca \u0db4\u0dd0\u0dad\u0dd4\u0db8\u0dca\n\r\n\u0db6\u0dd2\u0daf\u0dd4\u0db1\u0dd4 \u0d9a\u0dbd\u0d9a..... ////"
    },
    {
        "uuid": "9b4d5564-8a1d-11e9-8d5f-3863bb98c88b",
        "song": "Bodiyen Wata Boo Pathak Se ",
        "singer": "W D Amaradeva ",
        "lyricUnicode": "\u0dba\u0dc3\u0dca\u0dc3\u0db8\u0dd6\u0dbd\u0dda \u0db1\u0dd2\u0dc3\u0dd2\u0db1\u0dca\u0db1\u0ddd\u0dc0 \u0dc3\u0db6\u0dca\u0db6\u0dcf\u0dbb\u0dd2 \u0dc0\u0dd2\u0da2\u0dba\u0d82 \u0d85\u0d9a\u0dcf\r\n\u0db4\u0dad\u0dca\u0dad\u0ddd \u0dc3\u0db6\u0dca\u0db6\u0da4\u0dca\u0da4\u0dd4\u0dad\u0d82 \u0dc3\u0dad\u0dca\u0dae\u0dcf \r\n\u0dc0\u0db1\u0dca\u0daf\u0dda\u0dad\u0d82 \u0db6\u0ddd\u0db0\u0dd2\u0db4\u0dcf\u0daf\u0db4\u0d82\n\r\n\u0db6\u0ddd\u0db0\u0dd2\u0dba\u0dd9\u0db1\u0dca \u0dc0\u0da7 \u0db6\u0ddd \u0db4\u0dad\u0d9a\u0dca \u0dc3\u0dda\r\n\u0dc3\u0dd4\u0db8\u0dd4\u0daf\u0dd4 \u0dc0\u0dd0\u0dbd\u0dd2 \u0db8\u0dc5\u0dd4\u0dc0\u0dda\r\n\u0dc0\u0dd0\u0dad\u0dd2\u0dbb \u0d89\u0db1\u0dca\u0db1\u0da7 \u0dc0\u0dbb\u0db8\u0dca \u0db8\u0da7 \u0d9a\u0ddc\u0dc4\u0dd2\u0daf\u0ddd\r\n\u0daf\u0dd4\u0db8\u0dd2\u0db3\u0dd4 \u0dc4\u0dd9\u0dc0\u0db1\u0dda \u0dc3\u0dd2\u0dc4\u0dd2\u0dbd\u0dca \u0db4\u0dc0\u0db1\u0dda\r\n\u0db1\u0dd2\u0dc0\u0dd3 \u0dc3\u0dd0\u0db1\u0dd0\u0dc4\u0dd3 \u0dbb\u0dd0\u0db3\u0dd3 \u0d89\u0db1\u0dca\u0db1\u0dd9\u0db8\u0dca\r\n\u0db6\u0ddd\u0db0\u0dd2\u0dba\u0dd9\u0db1\u0dca \u0dc0\u0da7 \u0db6\u0ddd \u0db4\u0dad\u0d9a\u0dca \u0dc3\u0dda\n\r\n\u0dc3\u0dd0\u0dbd\u0dd9\u0db1 \u0db6\u0ddd\u0db4\u0dad\u0dca \u0dc3\u0dd9\u0db8\u0dd2\u0db1\u0dca \u0db8\u0dd4\u0db8\u0dd4\u0dab\u0db1\r\n\u0db8\u0dd2\u0dba\u0dd4\u0dbb\u0dd4 \u0db6\u0dd4\u0daf\u0dd4\u0d9c\u0dd4\u0dab \u0dc3\u0dbb\u0dd2\u0db1\u0dca \u0dc3\u0dd0\u0db1\u0dc4\u0dd3\r\n\u0daf\u0dd4\u0db8\u0dd2\u0db3\u0dd4 \u0dc4\u0dd9\u0dc0\u0dab\u0dda \u0dc3\u0dd2\u0dc4\u0dd2\u0dbd\u0dca \u0db4\u0dc0\u0db1\u0dda\r\n\u0db1\u0dd2\u0dc0\u0dd3 \u0dc3\u0dd0\u0db1\u0dc4\u0dd3 \u0dbb\u0dd0\u0db3\u0dd3 \u0d89\u0db1\u0dca\u0db1\u0dd9\u0db8\u0dca\n\r\n\u0db6\u0ddd\u0db0\u0dd2\u0dba\u0dd9\u0db1\u0dca \u0dc0\u0da7 \u0db6\u0ddd \u0db4\u0dad\u0d9a\u0dca \u0dc3\u0dda\r\n\u0dc3\u0dd4\u0db8\u0dd4\u0daf\u0dd4 \u0dc0\u0dd0\u0dbd\u0dd2 \u0db8\u0dc5\u0dd4\u0dc0\u0dda\r\n\u0dc0\u0dd0\u0dad\u0dd2\u0dbb \u0d89\u0db1\u0dca\u0db1\u0da7 \u0dc0\u0dbb\u0db8\u0dca \u0db8\u0da7 \u0d9a\u0ddc\u0dc4\u0dd2\u0daf\u0ddd\r\n\u0daf\u0dd4\u0db8\u0dd2\u0db3\u0dd4 \u0dc4\u0dd9\u0dc0\u0db1\u0dda \u0dc3\u0dd2\u0dc4\u0dd2\u0dbd\u0dca \u0db4\u0dc0\u0db1\u0dda\r\n\u0db1\u0dd2\u0dc0\u0dd3 \u0dc3\u0dd0\u0db1\u0dd0\u0dc4\u0dd3 \u0dc0\u0dd0\u0dad\u0dd2\u0dbb \u0d89\u0db1\u0dca\u0db1\u0dd9\u0db8\u0dca\r\n\u0db6\u0ddd\u0db0\u0dd2\u0dba\u0dd9\u0db1\u0dca \u0dc0\u0da7 \u0db6\u0ddd \u0db4\u0dad\u0d9a\u0dca \u0dc3\u0dda\n\r\n\u0dc5\u0daf\u0dc5\u0dd4 \u0db6\u0ddd \u0db4\u0dad\u0dca \u0dad\u0dd9\u0db8\u0dcf \u0dc0\u0dd1\u0dc4\u0dd9\u0db1\r\n\u0dbb\u0dd2\u0daf\u0dd3\u0dc0\u0db1\u0dca \u0dc3\u0db3 \u0daf\u0dd2\u0dba\u0dd9\u0db1\u0dca \u0db1\u0dd0\u0dc4\u0dd0\u0dc0\u0dd3\r\n\u0daf\u0dd4\u0db8\u0dd2\u0db3\u0dd4 \u0dc4\u0dd9\u0dc0\u0db1\u0dda \u0dc3\u0dd2\u0dc4\u0dd2\u0dbd\u0dca \u0db4\u0dc0\u0db1\u0dda\r\n\u0db1\u0dd2\u0dc0\u0dd3 \u0dc3\u0dd0\u0db1\u0dd0\u0dc4\u0dd3 \u0dbb\u0dd0\u0db3\u0dd3 \u0d89\u0db1\u0dca\u0db1\u0dd9\u0db8\u0dca\n\r\n\u0db6\u0ddd\u0db0\u0dd2\u0dba\u0dd9\u0db1\u0dca \u0dc0\u0da7 \u0db6\u0ddd \u0db4\u0dad\u0d9a\u0dca \u0dc3\u0dda\r\n\u0dc3\u0dd4\u0db8\u0dd4\u0daf\u0dd4 \u0dc0\u0dd0\u0dbd\u0dd2 \u0db8\u0dc5\u0dd4\u0dc0\u0dda\r\n\u0dc0\u0dd0\u0dad\u0dd2\u0dbb \u0d89\u0db1\u0dca\u0db1\u0da7 \u0dc0\u0dbb\u0db8\u0dca \u0db8\u0da7 \u0d9a\u0ddc\u0dc4\u0dd2\u0daf\u0ddd\r\n\u0daf\u0dd4\u0db8\u0dd2\u0db3\u0dd4 \u0dc4\u0dd9\u0dc0\u0db1\u0dda \u0dc3\u0dd2\u0dc4\u0dd2\u0dbd\u0dca \u0db4\u0dc0\u0db1\u0dda\r\n\u0db1\u0dd2\u0dc0\u0dd3 \u0dc3\u0dd0\u0db1\u0dd0\u0dc4\u0dd3 \u0dbb\u0dd0\u0db3\u0dd3 \u0d89\u0db1\u0dca\u0db1\u0dd9\u0db8\u0dca\r\n\u0db6\u0ddd\u0db0\u0dd2\u0dba\u0dd9\u0db1\u0dca \u0dc0\u0da7 \u0db6\u0ddd \u0db4\u0dad\u0d9a\u0dca \u0dc3\u0dda"
    },
    {
        "uuid": "9bc58136-8a1d-11e9-ac36-3863bb98c88b",
        "song": "Boho Kalak Oya Innako Matath Wada Sathutin ",
        "singer": "Athula Adikari ",
        "lyricUnicode": "\u0db6\u0ddc\u0dc4\u0ddd \u0d9a\u0dbd\u0d9a\u0dca \u0d94\u0dba\u0dcf \u0d89\u0db1\u0dca\u0db1\u0d9a\u0ddd \u0db8\u0da7\u0dad\u0dca \u0dc0\u0da9\u0dcf \u0dc3\u0dad\u0dd4\u0da7\u0dd2\u0db1\u0dca\r\n\u0db1\u0dd1\u0db1\u0dda \u0d94\u0dba\u0dcf \u0dad\u0dbb\u0db8\u0dca \u0db8\u0da7 \u0db1\u0db8\u0dca \u0dc0\u0da7\u0dd2\u0db1 \u0d9a\u0dd9\u0db1\u0dd9\u0d9a\u0dca \u0d9a\u0ddc\u0dc4\u0dd9\u0dc0\u0dad\u0dca\r\n\u0db4\u0dd2\u0dbd\u0dd2\u0d9c\u0db1\u0dca\u0db1\u0dd1 \u0dc3\u0dd2\u0dad \u0dad\u0dc0\u0db8\u0dad\u0dca \u0daf\u0dd4\u0d9a\u0dca \u0daf\u0dd4\u0db1\u0dca\u0db1\u0dda \u0d94\u0dba\u0dba\u0dd2 \u0d9a\u0dd2\u0dba\u0dcf\r\n\u0db8\u0dad\u0dd4 \u0dc3\u0dc3\u0dbb\u0dda \u0d91\u0d9a\u0dca \u0dc0\u0dda\u0dc0\u0dcf \u0d85\u0db4\u0dd2 \u0d85\u0db4\u0d9c\u0dda \u0dbd\u0ddc\u0dc0\u0dda \u0dc3\u0daf\u0dcf\n\r\n\u0daf\u0dd4\u0d9a \u0daf\u0db1\u0dca\u0db1 \u0d94\u0db6\u0db8\u0daf \u0daf\u0dd4\u0d9a \u0d94\u0dc4\u0ddc\u0db8 \u0daf\u0dd4\u0db1\u0dca\u0db1\u0dda \u0db4\u0dab \u0dad\u0dbb\u0db8\u0dca \u0dbd\u0d82 \u0dc0\u0dd9\u0dbd\u0dcf\r\n\u0d94\u0db6 \u0daf\u0db1\u0dca\u0db1\u0dda \u0db1\u0dd1 \u0dad\u0dc0 \u0d94\u0db6 \u0db1\u0dd0\u0dad\u0dd2\u0dc0 \u0db6\u0dd0\u0dbb\u0dd2 \u0db6\u0dc0 \u0db8\u0db8 \u0dc4\u0ddc\u0daf\u0dd2\u0db1\u0dca \u0daf\u0db1\u0dca\u0db1\u0dc0\u0dcf\r\n\u0db4\u0dd2\u0dbd\u0dd2\u0d9c\u0db1\u0dca\u0db1\u0dd1 \u0dc3\u0dd2\u0dad \u0dad\u0dc0\u0db8\u0dad\u0dca \u0daf\u0dd4\u0d9a\u0dca \u0daf\u0dd4\u0db1\u0dca\u0db1\u0dda \u0d94\u0dba\u0dba\u0dd2 \u0d9a\u0dd2\u0dba\u0dcf\r\n\u0db8\u0dad\u0dd4 \u0dc3\u0dc3\u0dbb\u0dda \u0d91\u0d9a\u0dca \u0dc0\u0dda\u0dc0\u0dcf \u0d85\u0db4\u0dd2 \u0d85\u0db4\u0d9c\u0dda \u0dbd\u0ddc\u0dc0\u0dda \u0dc3\u0daf\u0dcf\n\r\n\u0db8\u0dcf \u0daf\u0dcf\u0dbd\u0dcf \u0dba\u0db1\u0d9a\u0ddc\u0da7 \u0daf\u0dd4\u0d9a \u0dc4\u0dd2\u0dad\u0dd4\u0db1\u0dd9 \u0db1\u0dd0\u0dad\u0dd2\u0dc0\u0daf \u0dc0\u0dd9\u0db1 \u0dc4\u0dd2\u0dad\u0d9a \u0db4\u0dd0\u0da7\u0dbd\u0dd2\u0dbd\u0dcf\r\n\u0d94\u0db6 \u0d86\u0dba\u0dda \u0d91\u0db1\u0dc0\u0daf \u0db8\u0db8 \u0dad\u0dcf\u0db8 \u0dc4\u0dd2\u0dad \u0dc4\u0dd2\u0dad \u0da2\u0dd3\u0dc0\u0dd2\u0dad\u0dda \u0d9c\u0dd9\u0dc0\u0db1\u0dc0\u0dcf\r\n\u0db4\u0dd2\u0dbd\u0dd2\u0d9c\u0db1\u0dca\u0db1\u0dd1 \u0dc3\u0dd2\u0dad \u0dad\u0dc0\u0db8\u0dad\u0dca \u0daf\u0dd4\u0d9a\u0dca \u0daf\u0dd4\u0db1\u0dca\u0db1\u0dda \u0d94\u0dba\u0dba\u0dd2 \u0d9a\u0dd2\u0dba\u0dcf\r\n\u0db8\u0dad\u0dd4 \u0dc3\u0dc3\u0dbb\u0dda \u0d91\u0d9a\u0dca \u0dc0\u0dda\u0dc0\u0dcf \u0d85\u0db4\u0dd2 \u0d85\u0db4\u0d9c\u0dda \u0dbd\u0ddc\u0dc0\u0dda \u0dc3\u0daf\u0dcf\n\r\n\u0db6\u0ddc\u0dc4\u0ddd \u0d9a\u0dbd\u0d9a\u0dca..... "
    },
    {
        "uuid": "9edede5e-8a1d-11e9-baaa-3863bb98c88b",
        "song": "Bomaluwe Mal Suwandata Petali ",
        "singer": "Sanath Nandasiri ",
        "lyricUnicode": "\u0db6\u0ddd\u0db8\u0dbd\u0dd6\u0dc0\u0dda \u0db8\u0dbd\u0dca \u0dc3\u0dd4\u0dbd\u0d9f\u0d9a \u0db4\u0dd0\u0da7\u0dbd\u0dd3\r\n\u0d85\u0db8\u0dca\u0db8\u0dcf \u0db4\u0dd9\u0dc0\u0dca \u0d9a\u0dd2\u0dbb\u0dd2 \u0dc3\u0dd4\u0dc0\u0db3 \u0d9c\u0dbd\u0dcf \u0d91\u0db1\u0dca\u0db1\u0dda\r\n\u0dc3\u0dd4\u0db4\u0dd4\u0dbb\u0dd4\u0daf\u0dd4 \u0d8b\u0db1\u0dd4\u0dc4\u0dd4\u0db8\u0d9a\u0da7 \u0dc3\u0dd2\u0dad \u0d88\u0db3\u0dd3\r\n\u0d9c\u0dda \u0daf\u0ddc\u0dbb \u0dc3\u0dd9\u0dbd\u0dca\u0dbd\u0db8\u0dca \u0db4\u0dd2\u0da7\u0dd2\u0dba \u0db8\u0dad\u0d9a\u0dca \u0dc0\u0dd9\u0db1\u0dca\u0db1\u0dda\r\n\u0daf\u0d82 \u0db6\u0ddd \u0dc0\u0dd2\u0da7\u0dd2\u0dba\u0dcf \u0d9a\u0dd0\u0dbd\u0dda \u0db8\u0dd0\u0daf\u0dd2\u0db1\u0dca\r\n\u0d91\u0db1\u0dca\u0db1 \u0dc4\u0dd2\u0dad\u0dba\u0dd2 \u0d94\u0db6 \u0dbd\u0d9f\u0da7 \u0dc3\u0dd0\u0db1\u0dd2\u0db1\u0dca\n\r\n\u0d91\u0dad\u0dd9\u0dbb \u0d9a\u0dbb\u0db1\u0dca\u0db1\u0db8\u0dca \u0dc4\u0dad\u0dbb \u0dc0\u0dbb\u0dd2\u0d9c\u0dba\u0db8\r\n\u0dc3\u0db1\u0dca\u0dc3\u0dcf\u0dbb\u0dda \u0dba\u0db1 \u0db8\u0dda \u0d9c\u0db8\u0db1\u0dda\r\n\u0da0\u0dd4\u0da7\u0dca\u0da7\u0d9a\u0dca \u0dc3\u0dd9\u0dbd\u0dca\u0dbd\u0db8\u0dca \u0d9a\u0dbb\u0dbd\u0dcf \u0d91\u0db1\u0dca\u0db1\u0daf\r\n\u0db4\u0dd4\u0dbb\u0dd4\u0daf\u0dd4 \u0dba\u0dc4\u0dbd\u0dd6\u0dc0\u0db1\u0dca \u0dc4\u0dcf \u0dc3\u0dd0\u0db1\u0dd9\u0db1\u0dd2\r\n\u0d91\u0dc4\u0dd9\u0db8 \u0d9c\u0dd2\u0dba\u0dad\u0dca \u0d92 \u0d85\u0dba \u0db4\u0ddc\u0da9\u0dd2 \u0dc3\u0dcf\u0daf\u0dd6\r\n\u0d9a\u0dd2\u0dba\u0dcf \u0d9a\u0dd2\u0dba\u0db1 \u0dc0\u0dd2\u0da7 \u0dc0\u0dd0\u0daf \u0dc0\u0dd0\u0da7\u0dd2\u0dbd\u0dcf\r\n\u0d9a\u0ddc\u0dc4\u0ddc\u0db8\u0daf \u0d85\u0db8\u0dca\u0db8\u0dda \u0d94\u0da7\u0dca\u0da7\u0dd4 \u0daf\u0dd4\u0dc0\u0db1\u0dca\u0db1\u0dda\r\n\u0dc0\u0dd9\u0dbd\u0dca \u0d89\u0db4\u0db1\u0dd0\u0dbd\u0dca\u0dbd\u0dda \u0db4\u0dd0\u0db1 \u0db1\u0da7\u0dbd\u0dcf\n\r\n\u0db6\u0ddd\u0db8\u0dbd\u0dd6\u0dc0\u0dda \u0db8\u0dbd\u0dca.....\n\r\n\u0db6\u0dc0\u0dba\u0dd9\u0db1\u0dca \u0db6\u0dc0\u0dba\u0dda \u0db4\u0dd9\u0dbb\u0dd4\u0db8\u0dca \u0db4\u0dd4\u0dbb\u0dcf \u0db8\u0db8\r\n\u0db6\u0dc0\u0dd4\u0db1\u0dca \u0dc0\u0da9\u0dcf \u0d8b\u0db4\u0daf\u0dd2\u0db1 \u0dc0\u0dcf\u0dbb\u0dda\r\n\u0daf\u0dd2\u0db1\u0dba\u0d9a \u0db8\u0dad\u0dd4\u0daf\u0dcf \u0dc4\u0dad\u0dbb \u0dc0\u0dbb\u0dd2\u0d9c\u0dba\u0db8 \r\n\u0d91\u0dad\u0dd9\u0dbb \u0d9a\u0dbb\u0db1\u0dca\u0db1\u0db8\u0dca \u0dc3\u0db1\u0dca\u0dc3\u0dcf\u0dbb\u0dda\r\n\u0d89\u0db1\u0dca\u0db4\u0dc3\u0dd4 \u0d87\u0dc0\u0dd2\u0daf\u0dd2\u0db1\u0dca \u0d85\u0db8\u0dca\u0db8\u0dda \u0d94\u0db6 \u0dbd\u0d9c \r\n\u0d89\u0db1\u0dca\u0db1\u0db8\u0dca \u0d9a\u0dd2\u0dbb\u0dd2 \u0dc3\u0dd4\u0dc0\u0daf\u0dda \u0d91\u0dad\u0dd2\u0dbd\u0dcf\r\n\u0d9a\u0ddc\u0dc4\u0ddc\u0db8\u0daf \u0d85\u0db8\u0dca\u0db8\u0dda \u0d91\u0dc4\u0dd9\u0db8 \u0d9a\u0dbb\u0db1\u0dca\u0db1\u0dda \r\n\u0d85\u0db8\u0dca\u0db8\u0dca\u0dad\u0dca \u0dc3\u0dc3\u0dbb\u0dd9\u0db1\u0dca \u0d91\u0dad\u0dd9\u0dbb \u0dc0\u0dd9\u0dbd\u0dcf"
    },
    {
        "uuid": "9f610938-8a1d-11e9-b810-3863bb98c88b",
        "song": "Bonda Meedum Kandu Ralle ",
        "singer": "Abeywardana Balasooriya ",
        "lyricUnicode": "\u0db6\u0ddc\u0db3 \u0db8\u0dd3\u0daf\u0dd4\u0db8\u0dca \u0d9a\u0db3\u0dd4\u0dbb\u0dd0\u0dbd\u0dca\u0dbd\u0dda \u0dc3\u0dd4\u0dbb\u0d82\u0d9c\u0db1\u0dcf \u0dbb\u0da2 \u0daf\u0dc4\u0db1\u0dda\r\n\u0d94\u0db6\u0dda \u0dc3\u0dd2\u0db1\u0dcf \u0d9a\u0db3\u0dd4\u0dc5\u0dd4 \u0db6\u0dd2\u0db3\u0d9a\u0dca \u0dc4\u0dd9\u0da7\u0dad\u0dca \u0dc0\u0dcf\u0dc3\u0db1\u0dcf\r\n\u0dc4\u0dd9\u0da7\u0dad\u0dca \u0dc0\u0dcf\u0dc3\u0db1\u0dcf\u0dc0\u0db1\u0dca\r\n\u0dc3\u0dd2\u0dc4\u0dd2\u0db1 \u0db1\u0daf\u0dd3 \u0dbb\u0dc5 \u0dbb\u0dd0\u0dbd\u0dca\u0dbd\u0dda \u0db4\u0dd0\u0dad\u0dd4\u0db8\u0dca \u0dbb\u0dd4\u0dc0\u0dbd\u0dca \u0dbb\u0db1\u0dca \u0d94\u0dbb\u0dd4\u0dc0\u0dd9\r\n\u0d94\u0db6\u0dda \u0db1\u0dd2\u0db8\u0dbd \u0db1\u0dd9\u0dad\u0dca \u0daf\u0dca\u200d\u0dbb\u0dcf\u0dc4\u0dd2\u0db1\u0dca \u0db8\u0da7\u0dad\u0dca \u0dc0\u0dcf\u0dc3\u0db1\u0dcf\r\n\u0db8\u0da7\u0dad\u0dca \u0dc0\u0dcf\u0dc3\u0db1\u0dcf\u0dc0\u0db1\u0dca\n\r\n\u0dc4\u0dd2\u0dad\u0d9a \u0dad\u0dd0\u0dc0\u0dd4\u0dbd\u0dca \u0dc3\u0d82\u0dc3\u0dd2\u0db3\u0dd2\u0dbd\u0dcf\r\n\u0db8\u0dd2\u0da7\u0dd2\u0dba\u0dcf\u0dc0\u0dad \u0db8\u0dbd\u0dca \u0d89\u0dc3\u0dd2\u0dbd\u0dcf\r\n\u0db8\u0dbd\u0dca \u0dc0\u0dbb\u0dd4\u0dc3\u0dcf \u0dc3\u0dd4\u0dc0\u0db3 \u0dc3\u0db8\u0dba \r\n\u0db8\u0da7\u0dad\u0dca \u0dc0\u0dcf\u0dc3\u0db1\u0dcf \u0db8\u0da7\u0dad\u0dca \u0dc0\u0dcf\u0dc3\u0db1\u0dcf\u0dc0\u0db1\u0dca\r\n\u0dbb\u0dd1 \u0dc3\u0dd2\u0dba\u0db1\u0dca\u0d9c\u0dda \u0db1\u0ddc\u0db1\u0dd2\u0db8\u0dd2 \u0db1\u0dcf\u0daf \r\n\u0dad\u0dd0\u0dc0\u0dd4\u0dbd\u0dca \u0d9a\u0ddc\u0dc0\u0dd4\u0dbd\u0dca \u0dc0\u0dd2\u0dc4\u0d9f \u0d9c\u0dd3\u0dad\r\n\u0d85\u0db4\u0da7 \u0d87\u0dbb\u0dd4\u0dab\u0dd4 \u0dc4\u0dd4\u0daf\u0d9a\u0dbd\u0dcf\u0dc0 \r\n\u0dc4\u0dd9\u0da7\u0dad\u0dca \u0dc0\u0dcf\u0dc3\u0db1\u0dcf \u0dc4\u0dd9\u0da7\u0dad\u0dca \u0dc0\u0dcf\u0dc3\u0db1\u0dcf\u0dc0\u0db1\u0dca\n\r\n\u0dc3\u0dd2\u0dc4\u0dd2\u0db1 \u0db1\u0daf\u0dd3 \u0dbb\u0dc5...\n\r\n\u0db8\u0dcf\u0dbd \u0dc4\u0dad\u0d9a\u0dca \u0db4\u0dc5\u0daf\u0db1\u0dca\u0db1\u0da7\r\n\u0dc4\u0dd3\u0db1 \u0dc4\u0dad\u0d9a\u0dca \u0d91\u0dbd\u0dd2\u0dc0\u0db1\u0dca\u0db1\u0da7\r\n\u0daf\u0ddc\u0dbd\u0ddc\u0dc3\u0dca \u0db8\u0dc4\u0dda \u0db4\u0dc4\u0db1\u0dca \u0d91\u0dc5\u0dd2\u0dba\r\n\u0db8\u0da7\u0dad\u0dca \u0dc0\u0dcf\u0dc3\u0db1\u0dcf..\u0db8\u0da7\u0dad\u0dca \u0dc0\u0dcf\u0dc3\u0db1\u0dcf\u0dc0\u0db1\u0dca\r\n\u0d85\u0db1\u0dcf\u0d9c\u0dad\u0dba \u0d9a\u0dd2\u0dbb\u0dd4\u0dc5\u0dd4 \u0daf\u0dbb\u0dcf\r\n\u0daf\u0dd9\u0db4\u0dcf \u0db8\u0dd4\u0dbd\u0da7 \u0dc0\u0da9\u0dd2\u0db1 \u0dad\u0dd4\u0dbb\u0dcf\r\n\u0dbd\u0dc0\u0db1\u0dca \u0db4\u0ddc\u0d9f\u0db1 \u0db8\u0dd2\u0dba\u0dd4\u0dbb\u0dd4 \u0dad\u0dd9\u0db4\u0dd4\u0dbd\u0dca\r\n\u0dc4\u0dd9\u0da7\u0dad\u0dca \u0dc0\u0dcf\u0dc3\u0db1\u0dcf \u0dc4\u0dd9\u0da7\u0dad\u0dca \u0dc0\u0dcf\u0dc3\u0db1\u0dcf\u0dc0\u0db1\u0dca\n\r\n\u0db8\u0da7\u0dad\u0dca \u0dc0\u0dcf\u0dc3\u0db1\u0dcf \u0dc4\u0dd9\u0da7\u0dad\u0dca \u0dc0\u0dcf\u0dc3\u0db1\u0dcf\u0dc0\u0db1\u0dca.. ////"
    },
    {
        "uuid": "a09dce00-8a1d-11e9-a38b-3863bb98c88b",
        "song": "Boot Song (Boot Sinduwa) ",
        "singer": "Sirasa Super Star ",
        "lyricUnicode": "\u0d9c\u0dc3\u0dca\u0dc3\u0dcf \u0db6\u0dbd\u0dbd\u0dcf \u0dba\u0db1\u0dca\u0db1\u0dda \u0dc4\u0dd2\u0da0\u0dca\u0da0\u0dd2 \u0d9a\u0ddc\u0dbd\u0dca\u0dbd\u0dda \u0dc0\u0dd9\u0dba\u0dd2\u0daf \u0db8\u0dd9\u0dbd\u0dca\u0dbd\r\n\u0dc0\u0dd0\u0dc3\u0dca\u0dc3\u0dda \u0db1\u0dcf\u0dbd\u0dcf \u0dc0\u0dcf\u0d9c\u0dda \u0d89\u0dc3\u0dca\u0dc3\u0dd2 \u0d9a\u0ddc\u0db1\u0dca\u0da9\u0dda \u0db6\u0dd6\u0dc3\u0dd2 \u0d9a\u0dd9\u0dbd\u0dca\u0dbd\r\n\u0db6\u0dd0\u0dbd\u0dca\u0db8\u0db1\u0dca \u0db4\u0dcf\u0dbd\u0dcf \u0dba\u0db1\u0dca\u0db1\u0dda \u0d87\u0dba\u0dd2\u0daf\u0ddd \u0d9a\u0dd9\u0dbd\u0dca\u0dbd \u0db6\u0dd9\u0dbd\u0dca\u0dbd\u0dda \u0d91\u0dbd\u0dca\u0dbd \u0dad\u0dd0\u0dbd\u0dca\u0dbd\r\n\u0d94\u0da0\u0dca\u0da0\u0db8\u0dca \u0db4\u0dcf\u0dbd\u0dcf \u0dc3\u0dbd\u0dca\u0dbd\u0db8\u0dca \u0dc0\u0dd9\u0dba\u0dd2\u0daf\u0ddd \u0dbb\u0dd1\u0db1\u0dda \u0d9a\u0ddc\u0dbd\u0dca\u0dbd\u0db1\u0dca \u0db8\u0dd9\u0dbd\u0dca\u0dbd\n\r\n\u0d89\u0d9f\u0dd2\u0dc0\u0dc3\u0dca\u0dc3\u0dcf \u0daf\u0dd1\u0dc3 \u0dbd\u0dcf \u0daf\u0dd9\u0dad\u0ddc\u0dbd \u0dbb\u0ddd\u0dc3\r\n\u0db1\u0dd1 \u0d9a\u0ddc\u0dbd\u0dca\u0dbd\u0ddd \u0dbb\u0dd1\u0db1\u0dda \u0d85\u0dc0\u0dd4\u0dbd \u0dad\u0dd0\u0dc0\u0dd4\u0dbd\r\n\u0d9c\u0dd0\u0da7 \u0db4\u0dd2\u0da0\u0dca\u0da0 \u0db8\u0dcf\u0dbd \u0dbb\u0dad\u0dd4 \u0d9a\u0ddc\u0dab\u0dca\u0da9 \u0db6\u0ddd\u0dbd\r\n\u0dbb\u0dd0\u0dc0\u0da7\u0dd2\u0da0\u0dca\u0da0\u0dd2 \u0d9a\u0ddc\u0da0\u0dca\u0da0\u0dd2 \u0dc4\u0dd2\u0da0\u0dca\u0da0\u0dd2 \u0d9a\u0dd9\u0dbd\u0dca\u0dbd...\n\r\n\u0d9c\u0dc3\u0dca\u0dc3\u0dcf \u0db6\u0dbd\u0dcf\u0dbd \u0dba\u0db1\u0dca\u0db1\u0dda...\n\r\n\u0db8\u0dda \u0db6\u0dcf\u0dbb\u0dd3 \u0db1\u0dd1 \u0d9a\u0dcf\u0dbb\u0dd3 \u0db1\u0dd1 \u0db6\u0dda\u0dbb\u0dd3 \u0db8\u0da7 \u0d89\u0db1\u0dca\u0db1 \u0daf\u0dd9\u0db1\u0dca\u0db1\u0dda\r\n\u0db4\u0dcf\u0dc0\u0dd3 \u0dc4\u0db3 \u0dba\u0dcf\u0dc0\u0dd3 \u0d85\u0db4\u0dd2 \u0db1\u0dd1 \u0dc3\u0dc3\u0dbd\r\n\u0dc4\u0dbb\u0dd2 \u0d9c\u0ddd\u0dbb\u0dd2 \u0d85\u0dbb \u0dbd\u0dda\u0da9\u0dd2 \u0d85\u0db4\u0dda \u0db1\u0dcf\u0da9\u0dd2 \u0db1\u0dd1 \u0d9a\u0dd2\u0dc3\u0dd2\u0daf\u0dcf \u0d9c\u0dd0\u0dc3\u0dca\u0dc3\u0dd3\r\n\u0db1\u0dcf\u0dbb\u0dd3 \u0dc4\u0dbb\u0dd2 \u0d9c\u0ddd\u0dbb\u0dd3 \u0dc0\u0d82\u0da0\u0dcf\u0d9a\u0dcf\u0dbb\u0dd3....\n\r\nTamil Rap\n\r\n\u0dbb\u0dd4\u0dc0 \u0db8\u0dc0\u0db1\u0dca\u0db1 \u0d9a\u0dd2\u0dba\u0db1\u0dca\u0db1 \u0db8\u0db1\u0dc3\u0dda\r\n\u0d85\u0dad \u0dc0\u0db1\u0dcf\u0dbd\u0dcf \u0d91\u0dba\u0dcf\u0dbd\u0dcf \u0dbb\u0dd4\u0dc0\u0da7\u0dda\r\n\u0d85\u0dba\u0dd2\u0dba\u0ddd \u0db1\u0dd0\u0d9c\u0db1\u0dd3 \u0db8\u0dda \u0dc0\u0d9c\u0dda \u0d9a\u0dd0\u0dbb\u0d9a\u0dd3\r\n\u0dbb\u0dc0\u0da7\u0d9c\u0db1\u0dca\u0db1 \u0dbb\u0dc0\u0da7\u0d9c\u0db1\u0dca\u0db1 \u0dc5\u0d9f\u0da7 \u0d9c\u0db1\u0dca\u0db1 \u0db6\u0dd1...\n\r\nTamil Rap\n\r\n\u0db8\u0dda \u0d87\u0dc3\u0dca \u0daf\u0dd9\u0d9a... \u0d87\u0dc3\u0dca \u0daf\u0dd9\u0d9a... \u0d87\u0dc3\u0dca \u0daf\u0dd9\u0d9a\r\n\u0d85\u0db4\u0dda \u0d87\u0dc3\u0dca \u0daf\u0dd9\u0d9a \u0db8\u0dcf\u0db1\u0dda \u0dbb\u0d9f\u0db1\u0dca\u0db1\r\n\u0d89\u0d9f \u0d9c\u0dd0\u0dc3\u0dca\u0dc3\u0dd9\u0db1 \u0dad\u0dcf\u0dbd\u0dd9\u0da7 \u0dad\u0db6\u0dcf\u0db1\r\n\u0dbb\u0dd0\u0db3\u0dd9\u0db1\u0dca\u0db1 \u0db8\u0dcf\u0d9c\u0dda \u0db4\u0dcf\u0db8\u0dd4\u0dbd\r\n\u0d85\u0db4\u0dd2 \u0d85\u0db1\u0d82\u0d9c\u0dba\u0ddd \u0dc0\u0d9c\u0dda\u0db1\u0dda...\n\r\n\u0db6\u0ddc\u0dbb\u0dd4 \u0dc3\u0d9a\u0dca\u0d9a\u0dbb \u0db4\u0dcf\u0dbd\u0dcf \u0dc4\u0dac\u0db1\u0d9f\u0dcf\r\n\u0d85\u0db4\u0dd2 \u0da0\u0d82\u0da0\u0dbd \u0dc0\u0dd9\u0db1\u0dca \u0db1\u0dd1 \u0d9a\u0da7\u0dd4 \u0d9a\u0d9a\u0dcf\r\n\u0d9c\u0dba\u0dcf\u0dc0\u0dd3 \u0db6\u0dba\u0dd2\u0da7\u0dca \u0d9a\u0dbb \u0daf\u0db1\u0d9c\u0d9c\u0dcf\r\n\u0d9a\u0ddc\u0dbd\u0dd4 \u0dbb\u0dd6\u0dbd \u0daf\u0dd1\u0dc3 \u0dc0\u0dc3\u0dcf\n\r\n\u0dc3\u0d82\u0dc3\u0dcf\u0dbb\u0dda \u0db4\u0dda\u0db1... \u0d86\u0dc0\u0dcf \u0db8\u0dad\u0dca\u0dc0\u0dd3\u0dbd\u0dcf...\r\n\u0d85\u0db4\u0dd2 \u0db1\u0dd1\u0db1\u0dda \u0dc4\u0dd0\u0dac\u0dd4\u0dc0\u0dda \u0d9a\u0dd2\u0dc3\u0dd2\u0daf\u0dcf \u0dc0\u0dd3\u0dbd\u0dcf \u0db8\u0dcf\u0da7\u0dca\u0da7\u0dd4\r\n\u0d87\u0dc3\u0dca \u0db8\u0dcf\u0db1\u0dda \u0da0\u0dcf\u0da7\u0dd6... \u0daf\u0dd0\u0db8\u0dca\u0db8\u0dcf\u0da7 \u0db4\u0dcf\u0da9\u0dd4...\r\n\u0d9a\u0ddc\u0dbd\u0dd4 \u0dbb\u0dd6\u0db1\u0da7 \u0db1\u0dd1\u0db1\u0dda \u0dc4\u0dd2\u0dad \u0daf\u0dd9\u0db1\u0dca\u0db1\u0dda \u0dc3\u0dcf\u0dad\u0dca\u0dad\u0dd6...\n\r\nBoot \u0d9a\u0dcf\u0db4\u0dd4 \u0d9a\u0ddc\u0dbd\u0dca\u0dbd\u0ddd ... Boot \u0d9a\u0dcf\u0db4\u0dd4 \u0d9a\u0ddc\u0dbd\u0dca\u0dbd\u0ddd\r\n\u0daf\u0dd0\u0db1\u0dca Youtube , Facebook Like \u0d9a\u0dbb\u0db1\u0dca\u0db1\u0ddd...\n\r\n\u0db4\u0dd9\u0db8 \u0db1\u0dd1\u0db1\u0dda \u0d9a\u0db3\u0dd4 \u0d9a\u0ddc\u0dbd\u0dd4 \u0dbb\u0dd6\u0db1\u0dda \u0d85\u0da9\u0dd4\r\n\u0db8\u0dda \u0d9a\u0dd9\u0dbd\u0dca\u0dbd\u0db1\u0dca \u0d91\u0d9a\u0dca\u0d9a\u0dad\u0dca \u0db1\u0dd1\u0db1\u0dda \u0dad\u0dd3\u0db1\u0dca\u0daf\u0dd4\n\r\n\u0d9c\u0dc3\u0dca\u0dc3\u0dcf \u0db6\u0dbd\u0dbd\u0dcf \u0dba\u0db1\u0dca\u0db1\u0dda \u0dc4\u0dd2\u0da0\u0dca\u0da0\u0dd2 \u0d9a\u0ddc\u0dbd\u0dca\u0dbd\u0dda \u0dc0\u0dd9\u0dba\u0dd2\u0daf \u0db8\u0dd9\u0dbd\u0dca\u0dbd\r\n\u0dc0\u0dd0\u0dc3\u0dca\u0dc3\u0dda \u0db1\u0dcf\u0dbd\u0dcf \u0dc0\u0dcf\u0d9c\u0dda \u0d89\u0dc3\u0dca\u0dc3\u0dd2 \u0d9a\u0ddc\u0db1\u0dca\u0da9\u0dda \u0db6\u0dd6\u0dc3\u0dd2 \u0d9a\u0dd9\u0dbd\u0dca\u0dbd\n\r\n\u0db8\u0dda \u0db6\u0dcf\u0dbb\u0dd3 \u0db1\u0dd1 \u0d9a\u0dcf\u0dbb\u0dd3 \u0db1\u0dd1 \u0db6\u0dda\u0dbb\u0dd3 \u0db8\u0da7 \u0d89\u0db1\u0dca\u0db1 \u0daf\u0dd9\u0db1\u0dca\u0db1\u0dda\r\n\u0db4\u0dcf\u0dc0\u0dd3 \u0dc4\u0db3 \u0dba\u0dcf\u0dc0\u0dd3 \u0d85\u0db4\u0dd2 \u0db1\u0dd1 \u0dc3\u0dc3\u0dbd"
    },
    {
        "uuid": "a19ace6e-8a1d-11e9-9ecd-3863bb98c88b",
        "song": "Bosath Pema (Adaraya Nibbutha Padayaki) ",
        "singer": "Nipuni Nayanathara Thennakoon ",
        "lyricUnicode": "\u0d86\u0daf\u0dbb\u0dba \u0db1\u0dd2\u0db6\u0dca\u0db6\u0dd4\u0dad \u0db4\u0daf\u0dba\u0d9a\u0dd2\r\n\u0dc3\u0dd2\u0dad \u0daf\u0dc0\u0db1 \u0dad\u0dd0\u0db1\u0dca \u0db1\u0dd2\u0dc0\u0db1\u0dcf \u0dc4\u0dd0\u0da7\u0dd3 \r\n\u0d91\u0dba \u0d9a\u0dd2\u0dba\u0dcf \u0daf\u0dd4\u0db1\u0dca\u0db1\u0dda \u0db1\u0dd4\u0db9 \u0dad\u0db8\u0dba\u0dd2 \r\n\u0d86\u0daf\u0dbb\u0dba \u0db1\u0dd2\u0db6\u0dca\u0db6\u0dd4\u0dad \u0db4\u0daf\u0dba\u0d9a\u0dd2\n\r\n\u0db1\u0ddc\u0dc3\u0dd2\u0dad\u0dd6 \u0db6\u0dc3\u0d9a\u0dca \u0dc0\u0dd2\u0dbb\u0dc3\u0d9a \u0dc0\u0dd9\u0dbd\u0dcf \r\n\u0dc4\u0dd2\u0dad \u0dbb\u0dd2\u0daf\u0dd4\u0db1\u0dd4 \u0dad\u0dd0\u0db1 \u0db4\u0dd2\u0dbb\u0dd2\u0db8\u0dd0\u0daf \u0dad\u0dc0\u0dcf \r\n\u0d9a\u0db3\u0dd4\u0dbd\u0da7 \u0db4\u0dc0\u0dcf \u0d87\u0dc3\u0dca \u0d9a\u0db1\u0dca \u0dad\u0dd2\u0dba\u0dd9\u0db1 \u0db6\u0dc0 \r\n\u0d9a\u0dd2\u0dba\u0dcf \u0daf\u0dd4\u0db1\u0dca\u0db1\u0dda \u0db1\u0dd4\u0db9 \u0dad\u0db8\u0dcf \r\n\u0db1\u0dd4\u0db9\u0dda \u0db6\u0ddd\u0dc3\u0dad\u0dca \u0db4\u0dd9\u0db8 \u0dad\u0db8\u0dcf\n\r\n\u0d86\u0daf\u0dbb\u0dba \u0db1\u0dd2\u0db6\u0dca\u0db6\u0dd4\u0dad \u0db4\u0daf\u0dba\u0d9a\u0dd2.....\n\r\n\u0d87\u0dbd\u0daf\u0ddc\u0dc5 \u0db4\u0dc0\u0dcf \u0d9c\u0dd2\u0db1\u0dd2\u0dba\u0db8\u0dca \u0dc0\u0dd9\u0dbd\u0dcf \r\n\u0db4\u0dd9\u0db8\u0dca \u0daf\u0db1\u0dc0\u0dca\u0dc0\u0db8 \u0d87\u0dc0\u0dd2\u0dc5\u0dd4\u0dab\u0dd4 \u0daf\u0dd2\u0db1\u0dda \r\n\u0dba\u0dbd\u0dd2 \u0d86\u0daf\u0dbb\u0dda \u0daf\u0dc5\u0dd4 \u0dbd\u0dcf \u0dc0\u0dd0\u0da9\u0dd9\u0db1 \u0dc4\u0dd0\u0da7\u0dd2 \r\n\u0d9a\u0dd2\u0dba\u0dcf \u0daf\u0dd4\u0db1\u0dca\u0db1\u0dda \u0db1\u0dd4\u0db9 \u0dad\u0db8\u0dcf \r\n\u0db1\u0dd4\u0db9\u0dda \u0db6\u0ddd\u0dc3\u0dad\u0dca \u0db4\u0dd9\u0db8 \u0dad\u0db8\u0dcf \n\r\n\u0d86\u0daf\u0dbb\u0dba \u0db1\u0dd2\u0db6\u0dca\u0db6\u0dd4\u0dad \u0db4\u0daf\u0dba\u0d9a\u0dd2....."
    },
    {
        "uuid": "a2bef8c6-8a1d-11e9-8594-3863bb98c88b",
        "song": "Budu Karuna Dasa Themi ",
        "singer": "Nanda Malani ",
        "lyricUnicode": "\u0db6\u0dd4\u0daf\u0dd4 \u0d9a\u0dbb\u0dd4\u0dab\u0dcf \u0daf\u0dd1\u0dc3 \u0dad\u0dd9\u0db8\u0dd3 \r\n\u0db8\u0dd9\u0dad\u0dca \u0dc3\u0dd2\u0dc4\u0dd2\u0dbd\u0dd0\u0dbd\u0dd2 \u0d87\u0daf \u0dc4\u0dd0\u0dbd\u0dd4\u0db1\u0dcf\r\n\u0db1\u0dd2\u0dc0\u0dcf \u0dad\u0dcf\u0db4 \u0dbd\u0ddd\u0d9a\u0dad\u0dbb\u0dda \r\n\u0d85\u0db8\u0dcf \u0dc0\u0dad\u0dd4\u0dbb \u0d9c\u0dbd\u0dcf \u0db6\u0dc3\u0dd3\r\n\u0db6\u0dd4\u0daf\u0dd4 \u0d9a\u0dbb\u0dd4\u0dab\u0dcf \u0daf\u0dd1\u0dc3 \u0dad\u0dd9\u0db8\u0dd3 \n\r\n\u0d9a\u0daf\u0dd4 \u0dc0\u0dd0\u0da7\u0dd2 \u0dc0\u0dbd \u0db1\u0dd2\u0dc3\u0ddc\u0dbd\u0dca\u0db8\u0db1\u0dda\r\n\u0d9c\u0dc4\u0d9a\u0ddc\u0dbd \u0db8\u0dbd\u0dca \u0db4\u0dd2\u0db4\u0dd3 \u0db1\u0da7\u0dba\u0dd2 //\r\n\u0db1\u0dd0\u0dc0\u0dd4\u0db8\u0dca \u0db4\u0ddc\u0dbd\u0ddc\u0dc0 \u0db1\u0dc0 \u0db1\u0dd2\u0dbd\u0dca\u0dbd\u0dda \r\n\u0db6\u0dd4\u0daf\u0dd4 \u0dc3\u0dd2\u0dbb\u0dd2\u0db4\u0dcf \u0db4\u0dc4\u0dc3 \u0dbd\u0db6\u0dba\u0dd2\r\n\u0db6\u0dd4\u0daf\u0dd4 \u0d9a\u0dbb\u0dd4\u0dab\u0dcf \u0daf\u0dd1\u0dc3 \u0dad\u0dd9\u0db8\u0dd3 \n\r\n\u0d9a\u0dd9\u0dbd\u0dd9\u0dc3\u0dca \u0db8\u0dbd\u0dd2\u0db1\u0dca \u0d8b\u0d9a\u0da8\u0dbd\u0dd2 \u0dc3\u0dd2\u0dad\r\n\u0db1\u0dd2\u0dc0\u0dcf \u0dad\u0dc0\u0db8 \u0dc3\u0dd4\u0dc0\u0dba \u0dc3\u0ddc\u0dba\u0dba\u0dd2 //\r\n\u0db1\u0dd2\u0dc3\u0dbd \u0d94\u0db6\u0dda \u0db6\u0dd4\u0daf\u0dd4 \u0dbb\u0dd4\u0dc0 \u0dbd\u0d9c\r\n\u0db8\u0d9c\u0dd9 \u0dc4\u0daf \u0db7\u0dcf\u0dc0\u0db1\u0dcf \u0d9a\u0dbb\u0dba\u0dd2\r\n\u0db6\u0dd4\u0daf\u0dd4 \u0d9a\u0dbb\u0dd4\u0dab\u0dcf \u0daf\u0dd1\u0dc3 \u0dad\u0dd9\u0db8\u0dd3 "
    },
    {
        "uuid": "a33e0bb6-8a1d-11e9-aef1-3863bb98c88b",
        "song": "Budu Piyanane Obe Pada Karanemi Pinipa ",
        "singer": "Somathilaka Jayamaha ",
        "lyricUnicode": "\u0db6\u0dd4\u0daf\u0dd4 \u0db4\u0dd2\u0dba\u0dcf\u0dab\u0db1\u0dda \r\n\u0d94\u0db6\u0dda \u0db4\u0dcf\u0daf \u0d9a\u0dbb\u0db1\u0dd9\u0db8\u0dd2 \u0db4\u0dd2\u0dab\u0dd2\u0db4\u0dcf\n\r\n\u0db4\u0dd2\u0dba\u0dd9\u0db1\u0dca \u0db4\u0dd2\u0dba\u0da7 \u0db8\u0dd2\u0dc4\u0dd2\u0d9a\u0dad \u0dc3\u0db1\u0dc4\u0dcf\r\n\u0db6\u0dd0\u0dbd\u0dd6 \u0db6\u0dd0\u0dbd\u0dd6 \u0db1\u0dd9\u0dad\u0dca \u0dc3\u0dd2\u0dad\u0dca \u0db6\u0db3\u0dc0\u0dcf\r\n\u0daf\u0dc4\u0db8\u0dca \u0d85\u0db8\u0dcf\u0dc0\u0dd9\u0db1\u0dca \u0dad\u0dd2\u0dbd\u0ddc\u0dc0 \u0dad\u0dd9\u0db8\u0dd6\r\n\u0db6\u0dd4\u0daf\u0dd4 \u0db4\u0dd2\u0dba\u0dcf\u0dab\u0db1\u0dda\r\n\u0d94\u0db6\u0dda \u0db4\u0dcf\u0daf \u0d9a\u0dbb\u0db1\u0dd9\u0db8\u0dd2 \u0db4\u0dd2\u0dab\u0dd2\u0db4\u0dcf //\n\r\n\u0dc3\u0dc3\u0dbb \u0dc3\u0dba\u0dd4\u0dbb\u0d9a\u0da7 \u0db1\u0dde\u0d9a\u0dcf\u0dc0\u0dba\u0dd2\r\n\u0db1\u0dd2\u0db8\u0dbd \u0d85\u0db8\u0dd2\u0dbd \u0db1\u0dd9\u0dad\u0dca \u0dc3\u0dd2\u0dc5\u0dd2\u0dbd\u0dcf\u0dbb\u0dba\u0dd2\r\n\u0dbd\u0ddc\u0dc0\u0dda \u0d85\u0db1\u0d9c\u0dd2 \u0d9c\u0dd4\u0dab\u0daf\u0db8\u0dca \u0db8\u0dd4\u0dc4\u0dd4\u0daf\u0dba\u0dd2\r\n\u0db6\u0dd4\u0daf\u0dd4 \u0db4\u0dd2\u0dba\u0dcf \u0db8\u0d9c\u0dda\r\n\u0db7\u0dc0\u0dda \u0d85\u0db3\u0dd4\u0dbb \u0db1\u0dd0\u0dc3\u0dd4 \u0db8\u0dd2\u0dab\u0dd2 \u0db4\u0dc4\u0db1\u0dba\u0dd2 //\n\r\n\u0dc4\u0dd2\u0db8\u0dd2\u0dba\u0dd9\u0db1\u0dd2 \u0d94\u0d9b\u0dd9 \u0db8\u0ddc\u0d9a\u0dca \u0db8\u0d9c \u0dc4\u0db8\u0dd4\u0dc0\u0dda\r\n\u0dc4\u0dd0\u0daf\u0dd9\u0db8\u0dd2 \u0db6\u0dd0\u0db3\u0dd9\u0db8\u0dd2 \u0db1\u0dd0\u0dc4\u0dd0\u0dc0\u0dd9\u0db8\u0dd2 \u0db1\u0dd2\u0db6\u0db3\u0dda\r\n\u0dad\u0dd2\u0dbd\u0ddd \u0dad\u0dd2\u0dbd\u0d9a \u0dc3\u0db8\u0dca\u0db6\u0dd4\u0daf\u0dd4 \u0dc3\u0db8\u0dd2\u0db3\u0dda\r\n\u0db8\u0db8 \u0daf\u0dd2\u0dc0\u0dcf \u0dbb\u0dd0\u0dba\u0dda\r\n\u0d9c\u0dd2\u0dbd\u0dd3 \u0db1\u0dc4\u0db8\u0dd2 \u0db8\u0dd2\u0dba\u0d9a\u0dd0\u0db1\u0dca \u0daf\u0dc4\u0dbb\u0dda //"
    },
    {
        "uuid": "a3b8afde-8a1d-11e9-bb0a-3863bb98c88b",
        "song": "Budu Sadu Budu Sadu ",
        "singer": "Nanda Malani ",
        "lyricUnicode": "\u0db6\u0dd4\u0daf\u0dd4 \u0dc3\u0dcf\u0daf\u0dd4 \u0db6\u0dd4\u0daf\u0dd4 \u0dc3\u0dcf\u0daf\u0dd4 \r\n\u0dc3\u0db3\u0dd4\u0db1\u0dca \u0d9c\u0dc3\u0d9a\u0dca \u0dc0\u0dd9\u0db1\u0dca\u0db1\u0db8\u0dca \u0db8\u0db8 \r\n\u0dc3\u0db8\u0db1\u0dca \u0dc0\u0dd0\u0dbd\u0d9a\u0dca \u0dc0\u0dd9\u0db1\u0dca\u0db1\u0db8\u0dca\r\n\u0d94\u0db6\u0d9c\u0dda \u0db4\u0dcf\u0db8\u0dd4\u0dbd \u0dc3\u0db8\u0db1\u0dca \u0dc0\u0dd0\u0dbd\u0d9a\u0dca\u0dc0\u0dd3 \r\n\u0dc3\u0dd4\u0dc0\u0db3 \u0db8\u0dbd\u0dd2\u0db1\u0dca \u0dc3\u0dd0\u0dbb\u0dc3\u0dd9\u0db1\u0dca\u0db1\u0db8\u0dca\n\r\n\u0db6\u0dd4\u0daf\u0dd4 \u0dc3\u0dcf\u0daf\u0dd4.....\n\r\n\u0d94\u0db6 \u0dc0\u0dd0\u0da9\u0dd2 \u0d85\u0dbb\u0dab\u0dda \u0dc3\u0db3\u0dd4\u0db1\u0dca \u0d9c\u0dc3\u0d9a\u0dca\u0dc0\u0dd3\r\n\u0dc3\u0dd2\u0dc3\u0dd2\u0dbd \u0dc3\u0dd9\u0dc0\u0db1 \u0dbb\u0db3\u0dc0\u0db1\u0dca\u0db1\u0db8\u0dca\r\n\u0db6\u0dd4\u0daf\u0dd4 \u0dc3\u0dcf\u0daf\u0dd4 \u0db6\u0dd4\u0daf\u0dd4 \u0dc3\u0dcf\u0daf\u0dd4\r\n\u0db1\u0dd9\u0dc5\u0dd4\u0db8\u0dca \u0db8\u0dbd\u0d9a\u0dca \u0dc0\u0dd9\u0db1\u0dca\u0db1\u0db8\u0dca \u0db8\u0db8 \r\n\u0db1\u0dd9\u0dc5\u0dd4\u0db8\u0dca \u0db8\u0dbd\u0d9a\u0dca \u0dc0\u0dd9\u0db1\u0dca\u0db1\u0db8\u0dca\n\r\n\u0d94\u0db6\u0d9c\u0dda \u0db4\u0dd2\u0dba\u0dc0\u0dbb \u0db8\u0dd0\u0db1\u0dd4\u0db8\u0dca \u0d89\u0daf\u0dd2\u0dbb\u0dd2\u0dba\u0dda\r\n\u0db8\u0dd4\u0daf\u0dd4 \u0db4\u0dcf \u0db4\u0dd2\u0dc3\u0dca\u0db1\u0d9a\u0dca \u0dc0\u0dd9\u0db1\u0dca\u0db1\u0db8\u0dca\n\r\n\u0db6\u0dd4\u0daf\u0dd4 \u0dc3\u0dcf\u0daf\u0dd4.....\n\r\n\u0db6\u0dd4\u0daf\u0dd4 \u0dc3\u0dcf\u0daf\u0dd4 \u0db6\u0dd4\u0daf\u0dd4 \u0dc3\u0dcf\u0daf\u0dd4\r\n\u0db1\u0dd9\u0dc5\u0dd4\u0db8\u0dca \u0db8\u0dbd\u0d9a\u0dca \u0dc0\u0dd9\u0db1\u0dca\u0db1\u0db8\u0dca\r\n\u0db8\u0db8 \u0db1\u0dd9\u0dc5\u0dd4\u0db8\u0dca \u0db8\u0dbd\u0d9a\u0dca \u0dc0\u0dd9\u0db1\u0dca\u0db1\u0db8\u0dca"
    }
]