[
    {
        "uuid": "a776605e-8a1d-11e9-8b16-3863bb98c88b",
        "song": "Chanchala Dase Maya ",
        "singer": "Raini Charuka Gunathilaka ",
        "lyricUnicode": "\u0da0\u0d82\u0da0\u0dbd \u0daf\u0dd1\u0dc3\u0dda \u0db8\u0dcf\u0dba\u0dcf \u0d89\u0dc3\u0dca\u0dc3\u0dbb \u0dc0\u0dcf\u0d9c\u0dda \u0db4\u0dcf\u0dbd\u0dcf\r\n\u0d89\u0db1\u0dca\u0db1\u0da7 \u0d86\u0dba\u0dda \u0db8\u0dcf \u0dc4\u0dcf \u0d86\u0daf\u0dbb\u0dda \u0daf\u0dd3\u0dbd\u0dcf\r\n\u0db8\u0dbd\u0dca\u0db4\u0dd9\u0dad\u0dd2 \u0dc3\u0dd2\u0db1\u0dc4\u0dcf \u0d9c\u0dda\u0db1\u0dcf \u0db8\u0dd8\u0daf\u0dd4 \u0dc4\u0dcf\u0daf\u0dd4 \u0dc0\u0dd1\u0dc4\u0dda\u0db1\u0dcf\r\n\u0db1\u0dd2\u0db1\u0dca\u0daf\u0dd9\u0daf\u0dd2 \u0dc3\u0db1\u0dc3\u0dcf\u0dbd\u0dcf \u0dc4\u0dd3\u0db1 \u0dc3\u0dcf\u0daf\u0db1\u0dcf\r\n\u0d8a\u0dba\u0dda \u0dc0\u0dcf\u0d9c\u0dda \u0db8\u0dcf \u0daf\u0dd1\u0dad\u0dda \u0dba\u0dcf\u0dc0\u0dd3\u0dbd\u0dcf\r\n\u0dc3\u0dd3\u0dad\u0dda \u0db1\u0dd1\u0dc0\u0dd3\u0dbd\u0dcf \u0db1\u0dd4\u0db9 \u0d91\u0dba\u0dd2\u0daf\u0ddd \u0db4\u0dcf\u0dba\u0dcf\u0dbd\u0dcf\n\r\n\u0db1\u0dd2\u0db8\u0dca\u0dc4\u0dd2\u0db8\u0dca \u0db1\u0dd0\u0dad\u0dd2 \u0dc3\u0dd2\u0dad\u0dca\u0dad\u0db8\u0dca \u0dc4\u0daf \u0d9c\u0dd9\u0dad\u0dca\u0dad\u0db8\u0dca \u0d9a\u0dbb\u0dc0\u0dcf\r\n\u0db1\u0dd2\u0dbd\u0dca\u0dc0\u0db1\u0dca \u0db1\u0dd9\u0dad\u0dd4 \u0dba\u0db1\u0dca\u0dad\u0db8\u0dca \u0dc5\u0d9f \u0daf\u0dd0\u0db1\u0dca\u0db1\u0db8\u0dca \u0db1\u0dd0\u0dad\u0dd4\u0dc0\u0dcf\r\n\u0db4\u0dcf\u0da7 \u0dc3\u0dda\u0daf \u0dc3\u0dda\u0dbd \u0d9c\u0dd9\u0db1 \u0d86 \u0d94\u0dba\u0dcf\r\n\u0db1\u0dcf\u0dc0\u0daf\u0dcf\u0d9a \u0dc4\u0dd3\u0db1 \u0db4\u0dcf\u0dc5\u0dd4 \u0dc0\u0dd3 \u0d9c\u0dd2\u0dba\u0dcf\r\n\u0d8a\u0dba\u0dda \u0dc0\u0dcf\u0d9c\u0dda \u0db8\u0dcf \u0daf\u0dd1\u0dad\u0dda \u0dba\u0dcf\u0dc0\u0dd3\u0dbd\u0dcf\r\n\u0dc3\u0dd3\u0dad\u0dda \u0db1\u0dd1\u0dc0\u0dd3\u0dbd\u0dcf \u0db1\u0dd4\u0db9 \u0d91\u0dba\u0dd2\u0daf\u0ddd \u0db4\u0dcf\u0dba\u0dcf\u0dbd\u0dcf\n\r\n\u0dc3\u0db1\u0dca\u0dc3\u0dd4\u0db1\u0dca \u0db1\u0dd0\u0dad\u0dd2 \u0dc3\u0dd2\u0dad\u0dca \u0db1\u0db8\u0dca \u0db8\u0d9c\u0dd9 \u0d89\u0d9a\u0dca\u0db8\u0db1\u0dca \u0dc0\u0dd9\u0db1\u0dc0\u0dcf\r\n\u0dc5\u0d82 \u0dc5\u0d82 \u0dc0\u0dd9\u0db1\u0dd4 \u0d87\u0dad\u0dca\u0daf\u0dd0\u0dba\u0dd2 \u0dba\u0dc5\u0dd2 \u0db4\u0dd9\u0db8\u0dca\u0db6\u0dc3\u0dca \u0daf\u0ddc\u0da9\u0db1\u0dcf\r\n\u0db1\u0dd1\u0dc3\u0dd6 \u0d9c\u0dd3\u0dad \u0dc3\u0dd3\u0dad \u0dbb\u0dd1\u0d9a \u0d9c\u0dd3 \u0d9a\u0dd2\u0dba\u0dcf\r\n\u0d9a\u0ddd\u0dbd \u0daf\u0dd1\u0dc3 \u0dbd\u0ddd\u0dbd \u0dc0\u0dda\u0dc0\u0dd2 \u0db8\u0dcf \u0db4\u0dd9\u0dc5\u0dcf\r\n\u0d8a\u0dba\u0dda \u0dc0\u0dcf\u0d9c\u0dda \u0db8\u0dcf \u0daf\u0dd1\u0dad\u0dda \u0dba\u0dcf\u0dc0\u0dd3\u0dbd\u0dcf\r\n\u0dc3\u0dd3\u0dad\u0dda \u0db1\u0dd1\u0dc0\u0dd3\u0dbd\u0dcf \u0db1\u0dd4\u0db9 \u0d91\u0dba\u0dd2\u0daf\u0ddd \u0db4\u0dcf\u0dba\u0dcf\u0dbd\u0dcf\n\r\n\u0da0\u0d82\u0da0\u0dbd \u0daf\u0dd1\u0dc3\u0dda \u0db8\u0dcf\u0dba\u0dcf..."
    },
    {
        "uuid": "af5518ee-8a1d-11e9-935d-3863bb98c88b",
        "song": "Ciao Malli ",
        "singer": "Sanuka Wickramasinghe ",
        "lyricUnicode": "\u0db8\u0dcf\u0dc3 \u0d91\u0d9a\u0dba\u0dd2 \u0daf\u0dc0\u0dc3\u0dca \u0dad\u0dd4\u0db1\u0dba\u0dd2 \u0db8\u0dd4\u0dc4\u0dd4\u0daf\u0dd9\u0db1\u0dca \u0db1\u0db8\u0dca\r\n\u0db6\u0ddd\u0da7\u0dca\u0da7\u0dd4\u0dc0\u0dd9\u0db1\u0dca \u0d89\u0dad\u0dcf\u0dbd\u0dd2\u0dba\u0da7 \u0d86\u0dc0\u0dda \u0db8\u0d82\r\n\u0daf\u0dda\u0dc1\u0dcf\u0d82\u0dc1\u0dba \u0dc0\u0dd9\u0db1\u0dc3\u0dca \u0dc0\u0dd4\u0db1\u0dda \u0d91\u0dc4\u0dd9\u0daf\u0dd3 \u0daf\u0dd0\u0db1\u0dca\r\n\u0dc3\u0dd2\u0da4\u0dca\u0da4\u0ddc\u0dbb\u0dd3\u0db1\u0dcf \u0d8b\u0db9 \u0dc4\u0dd2\u0db1\u0dca\u0daf\u0dcf \u0db8\u0dd0\u0dbb\u0dd4\u0db1\u0dcf \u0db8\u0d82\n\r\n\u0d85\u0db1\u0dcf\u0dad \u0dc0\u0dd6 \u0dc0\u0dd9\u0dbd\u0dda \u0d9a\u0dd4\u0dab\u0dcf\u0da7\u0dd4 \u0dc3\u0dcf\u0d9c\u0dbb\u0dda \r\n\u0d9a\u0dcf\u0dc3\u0dd2 \u0db1\u0dd2\u0dc3\u0dcf \u0d85\u0db4\u0dd2 \u0dc0\u0dd2\u0dd9\u0db3\u0dc0\u0dd4\u0dc0\u0dcf\r\n\u0d89\u0dad\u0dcf\u0dbd\u0dd2 \u0db6\u0ddd\u0da9\u0dbb\u0dda \u0db4\u0dd0\u0db1\u0dca\u0db1\u0dcf \u0d9a\u0db3\u0dd4 \u0daf\u0dd2\u0d9c\u0dda\r\n\u0d9a\u0ddc\u0dbd\u0dba\u0d9a\u0dca \u0dc4\u0dd9\u0dc0\u0dd4\u0dc0\u0dcf \u0db4\u0dcf\u0dbb \u0db4\u0dd4\u0dbb\u0dcf\r\n\u0da0\u0dcf\u0d95 \u0db8\u0dbd\u0dca\u0dbd\u0dda \u0d9c\u0dd0\u0db8\u0dca\u0db8\u0da7 \u0d89\u0dad\u0dcf\u0dbd\u0dd2 \u0d86\u0dc0\u0dcf\r\n\u0da0\u0dcf\u0d95 \u0db8\u0dbd\u0dca\u0dbd\u0dda \u0dc4\u0d82\u0d9c\u0db1\u0dca \u0d89\u0db3\u0dc4\u0dd2\u0da7 \u0d87~\u0dd4\u0dc0\u0dcf\r\n\u0da0\u0dcf\u0d95 \u0db8\u0dbd\u0dca\u0dbd\u0dda \u0d85\u0db8\u0dca\u0db8\u0dc0 \u0db6\u0dbd\u0db1\u0dca\u0db1 \u0dba\u0db1\u0dc0\u0dcf\r\n\u0da0\u0dcf\u0d95 \u0db8\u0dbd\u0dca\u0dbd\u0dda\n\r\n\u0db6\u0dcf\u0dc3\u0dcf\u0dc0\u0dad\u0dca \u0db4\u0dd4\u0dbb\u0dd4\u0daf\u0dd4 \u0d8b\u0db1\u0dcf \u0dad\u0db1\u0dd2\u0dba\u0dd9\u0db1\u0dca \u0db8\u0d82\r\n\u0daf\u0dc0\u0dbd\u0dca\u0da7 \u0dc0\u0dd0\u0da9 \u0dbb\u0dd1\u0da7\u0dad\u0dca \u0dc0\u0dd0\u0da9 \u0dc0\u0dd2\u0dad\u0dbb\u0dba\u0dd2 \u0daf\u0dd0\u0db1\u0dca\r\n\u0db8\u0dd2\u0dbd\u0dcf\u0db1\u0ddd \u0dc0\u0dbd \u0dc2\u0ddd \u0dad\u0dd2\u0db6\u0dd4\u0db1\u0ddc\u0dad\u0dca \u0dba\u0db1\u0dc0\u0dcf \u0db8\u0dcf\r\n\u0dc3\u0db1\u0dd4\u0d9a \u0d91\u0d9a\u0dca\u0d9a \u0dc3\u0dd9\u0dbd\u0dca\u0dc6\u0dd2\u0dba\u0d9a\u0dd4\u0dad\u0dca \u0d9c\u0dd0\u0dc4\u0dd4\u0dc0\u0dcf \u0db6\u0d82\n\r\n\u0d85\u0db1\u0dcf\u0dad \u0dc0\u0dd6 \u0dc0\u0dd9\u0dbd\u0dda...\n\r\n\u0dc3\u0dd2\u0da4\u0dca\u0da4\u0ddc\u0dbb\u0dd3\u0db1\u0dcf \u0d94\u0dba\u0dcf \u0d91\u0d9a\u0dca\u0d9a \u0db6\u0dd2\u0dc0\u0dd4\u0dc0\u0dda \u0db8\u0dcf\u0d9c\u0dbb\u0dd3\u0da7\u0dcf\r\n\u0db8\u0d82 \u0d9c\u0db8\u0dda \u0dc4\u0dd2\u0da7\u0dd2\u0dba \u0d9a\u0dcf\u0dc5\u0dda \u0db4\u0dd0\u0daf\u0dca\u0daf\u0dda \u0dc4\u0dba\u0dbb\u0dca \u0d91\u0d9a\u0da7 \u0d86\u0da7\u0dcf\r\n\u0d85\u0db4\u0dda \u0d91\u0dc4\u0dcf \u0d9c\u0dd9\u0daf\u0dbb \u0db1\u0dd3\u0da7\u0dcf \u0d9c\u0dda \u0da9\u0ddd\u0da7\u0dcf \u0dad\u0db8\u0dba\u0dd2 \u0dbb\u0dd3\u0da7\u0dcf\r\n\u0db8\u0dda \u0db8\u0dcf\u0dad\u0dca \u0d91\u0d9a\u0dca\u0d9a \u0db4\u0dd0\u0db1\u0dbd\u0dcf \u0d9c\u0dd2\u0dc4\u0dd2\u0db1\u0dca \u0dbb\u0dd1\u0da7 \u0db1\u0dd1 \u0db4\u0dbb\u0dcf\u0da7\u0dcf\r\n\u0dc3\u0dbd\u0dca\u0dbd\u0dd2 \u0dad\u0dbb\u0dcf\u0dc4 \u0dc0\u0dd9\u0dbd\u0dcf \u0db8\u0da7\u0db8 \u0dad\u0dd2\u0db6\u0dca\u0db6\u0dcf \u0dc3\u0dd0\u0dbb\u0da7 \u0db6\u0dd6\u0da7\u0dcf\r\n\u0d89\u0dad\u0dd2\u0d82 \u0db6\u0ddd\u0da7\u0dca\u0da7\u0dd4\u0dc0\u0da7 \u0dc3\u0dbd\u0dca\u0dbd\u0dd2 \u0d9c\u0dd9\u0dc0\u0dd4\u0dc0\u0dda \u0d8b\u0d9a\u0dc3\u0dca \u0d9a\u0dbb\u0dbd\u0dcf \u0d86\u0da7\u0dcf\r\n\u0db8\u0dc4 \u0db8\u0dd4\u0dc4\u0dd4\u0daf \u0db8\u0dd0\u0daf\u0dca\u0daf\u0dda \u0d8b\u0dba\u0db1\u0dca \u0d9a\u0dd1\u0dc0\u0dda \u0d9a\u0dbb\u0dc0\u0dbd \u0db6\u0db1\u0dca \u0d9a\u0da7\u0dca\u0da7\u0dcf\r\n\u0d8b\u0db9 \u0daf\u0db1\u0dca\u0db1\u0dda \u0db1\u0dd1 \u0db8\u0db1\u0dca \u0d9a\u0dcf\u0db4\u0dd4 \u0d9a\u0da7\u0dca\u0da7 \u0db8\u0d9c\u0dda \u0dc3\u0dd2\u0da4\u0dca\u0da4\u0ddc\u0dbb\u0dd3\u0db1\u0dcf\n\r\n\u0d85\u0db1\u0dcf\u0dad \u0dc0\u0dd4 \u0dc0\u0dd9\u0dbd\u0dda...\n\r\n\u0da0\u0dcf\u0dd9\u0d95 \u0db8\u0dbd\u0dca\u0dbd\u0dda..."
    }
]