[
    {
        "uuid": "b49f34d8-8a1d-11e9-ad34-3863bb98c88b",
        "song": "Daga Gei Daduwam Siyumali Wadi Nam ",
        "singer": "Vijaya Kumaranathunga ",
        "lyricUnicode": "\u0daf\u0d9c\u0d9c\u0dd9\u0dba\u0dd2 \u0daf\u0da9\u0dd4\u0dc0\u0db8\u0dca \u0dc3\u0dd2\u0dba\u0dd4\u0db8\u0dd0\u0dbd\u0dd2 \u0dc0\u0dd0\u0da9\u0dd2 \u0db1\u0db8\u0dca\r\n\u0d85\u0dc5\u0dd4\u0d9c\u0ddd\u0dc3\u0dd4\u0dc0\u0db1\u0dda \u0d91\u0dbd\u0dca\u0dbd\u0dcf\u0db4\u0db1\u0dca\r\n\u0d85\u0dc5\u0dd4\u0d9c\u0ddd\u0dc3\u0dd4\u0dc0\u0db1\u0dda \u0d91\u0dbd\u0dca\u0dbd\u0dcf\u0db4\u0db1\u0dca \r\n\u0d9a\u0da7\u0dd4 \u0d89\u0db9\u0dd4\u0dbd\u0dda \u0d85\u0db4 \u0d91\u0dbd\u0dca\u0dbd\u0dcf\u0db4\u0db1\u0dca\n\r\n\u0dba\u0dd4\u0d9a\u0dca\u0dad\u0dd2\u0dba \u0d8b\u0daf\u0dd9\u0dc3\u0dcf \u0d9a\u0dd1\u0db8\u0ddc\u0dbb \u0daf\u0dd3\u0db8\u0dba\u0dd2 //\r\n\u0daf\u0d9c\u0d9c\u0dd9\u0dba\u0dd2 \u0dbd\u0dd1\u0db8\u0da7 \u0d85\u0db4 \u0dc3\u0dd0\u0db8 \u0d9a\u0dbd \u0db4\u0dc0\r\n\u0db8\u0dd4\u0d9b\u0dc0\u0dcf\u0da9\u0db8\u0dca \u0db6\u0dd0\u0daf \u0d91\u0d9a\u0dd9\u0d9a\u0dd4 \u0db1\u0dc3\u0db1 \u0d9a\u0dc5\r\n\u0daf\u0db1\u0dd2\u0dc0\u0dca \u0dc3\u0dd4\u0dc0\u0dc4\u0dc3\u0d9a\u0dca \u0dad\u0dc0 \u0d8b\u0db4\u0daf\u0dd2\u0db1 \u0db6\u0dc0\n\r\n\u0daf\u0d9c\u0d9c\u0dd9\u0dba\u0dd2 \u0daf\u0da9\u0dd4\u0dc0\u0db8\u0dca....\n\r\n\u0dc0\u0dbb\u0daf\u0da7 \u0d91\u0dbb\u0dd9\u0dc4\u0dd2\u0dc0 \u0d85\u0dc0\u0dd2\u0d94\u0dc3\u0dc0\u0db1\u0dca\u0db1\u0dda //\r\n\u0dbb\u0da7\u0d9a\u0da7 \u0daf\u0dd0\u0dba\u0d9a\u0da7 \u0dc4\u0dd2\u0dad \u0d87\u0dad\u0dd2 \u0db8\u0dd2\u0db1\u0dd2\u0dc3\u0dd4\u0db1\u0dca\r\n\u0dc1\u0dcf\u0db1\u0dca\u0dad\u0dd2\u0dc0\u0dcf\u0daf\u0dd3 \u0dad\u0db4\u0dc3\u0dca \u0dbb\u0d9a\u0dd2\u0db1\u0dca\u0db1\u0dda\r\n\u0db4\u0dd2\u0da7\u0d9a\u0ddc\u0daf\u0dd4 \u0db6\u0dd2\u0daf\u0d9c\u0dad\u0dca \u0d94\u0dc5 \u0db8\u0ddc\u0dc5 \u0db1\u0dd2\u0dc0\u0da7\u0dd4\u0db1\u0dca\n\r\n\u0daf\u0d9c\u0d9c\u0dd9\u0dba\u0dd2 \u0daf\u0da9\u0dd4\u0dc0\u0db8\u0dca...."
    },
    {
        "uuid": "b6b731d4-8a1d-11e9-93ab-3863bb98c88b",
        "song": "Daiwaya Ape Iranama Wela ",
        "singer": "Shihan Mihiranga ",
        "lyricUnicode": "\u0daf\u0ddb\u0dc0\u0dba \u0d85\u0db4\u0dda \u0d89\u0dbb\u0dab\u0db8 \u0dc0\u0dd9\u0dbd\u0dcf \u0d85\u0db4 \u0dc0\u0dd9\u0db1\u0dca \u0d9a\u0dbd\u0dcf \r\n\u0d94\u0db6 \u0daf\u0dd4\u0db1\u0dca \u0dc3\u0dd9\u0db1\u0dda \u0db8\u0dcf \u0dbd\u0d9c \u0dad\u0dd2\u0db6\u0dda \u0d87\u0dc3\u0dca \u0daf\u0dd9\u0d9a \u0dc0\u0dd9\u0dbd\u0dcf \r\n\u0db8\u0da7 \u0d94\u0db6 \u0dad\u0dbb\u0db8\u0dca \u0dc0\u0dd9\u0db1\u0d9a\u0dd9\u0d9a\u0dd4 \u0db1\u0dd0\u0dad\u0dd3 \u0d86\u0daf\u0dbb\u0dda \u0d9a\u0dbd\u0dda \u0dc3\u0daf\u0dcf \r\n\u0db8\u0d9c\u0dda \u0da2\u0dd3\u0dc0\u0dd2\u0dad\u0dda \u0db4\u0dd4\u0dbb\u0dcf \r\n\u0daf\u0ddb\u0dc0\u0dba \u0d85\u0db4\u0dda \u0d89\u0dbb\u0dab\u0db8 \u0dc0\u0dd9\u0dbd\u0dcf \u0d85\u0db4 \u0dc0\u0dd9\u0db1\u0dca \u0d9a\u0dbd\u0dcf \n\r\n\u0daf\u0dd0\u0db1 \u0daf\u0dd0\u0db1\u0dad\u0dca \u0dc0\u0dd2\u0daf\u0dc0\u0db1\u0dcf \u0dad\u0dbb\u0db8\u0dca \u0daf\u0dd4\u0d9a \u0db8\u0da7\u0db8 \u0daf\u0dd4\u0db1\u0dca\u0db1\u0dcf \r\n\u0dad\u0dc0 \u0dad\u0dc0\u0dad\u0dca \u0daf\u0dd4\u0d9a \u0dad\u0dd2\u0dba\u0dcf \u0d94\u0dba\u0dcf \u0db1\u0ddc\u0d91\u0db1 \u0db6\u0dc0 \u0d9a\u0dd3\u0dc0\u0dcf \r\n\u0db1\u0dd2\u0d9a\u0dca\u0db8\u0dd4\u0db1\u0dda \u0d94\u0db6 \u0d9a\u0ddc\u0dc4\u0dda \u0d85\u0daf \u0dc3\u0dcf\u0db8\u0dba\u0d9a\u0dca \u0db1\u0ddc\u0dad\u0dd2\u0dba\u0dcf \r\n\u0db8\u0d9c\u0dda \u0d86\u0daf\u0dbb\u0dda \u0dad\u0dc0\u0dad\u0dca \u0d94\u0db6\u0da7\u0db8 \u0dad\u0db8\u0dcf \r\n\u0daf\u0ddb\u0dc0\u0dba \u0d85\u0db4\u0dda \u0d89\u0dbb\u0dab\u0db8 \u0dc0\u0dd9\u0dbd\u0dcf \u0d85\u0db4 \u0dc0\u0dd9\u0db1\u0dca \u0d9a\u0dbd\u0dcf \n\r\n\u0daf\u0dd4\u0dbb \u0d87\u0dad\u0dad\u0dca \u0dc0\u0dd9\u0db1\u0dca \u0dc0\u0dd9\u0dbd\u0dcf \u0d94\u0dba\u0dcf \u0dbd\u0d9c \u0dc0\u0d9c\u0dda \u0daf\u0dd0\u0db1\u0dd4\u0db1\u0dcf \r\n\u0dc4\u0dd2\u0dad \u0dc4\u0daf\u0db1\u0dca \u0d89\u0db1\u0dca\u0db1\u0da7 \u0dad\u0dc0 \u0db6\u0dd1 \u0d94\u0db6\u0dda \u0d85\u0da9\u0dd4\u0dc0 \u0daf\u0dd0\u0db1\u0dd4\u0db1\u0dcf\r\n\u0db1\u0dd2\u0d9a\u0dca\u0db8\u0dd4\u0db1\u0dda \u0d94\u0db6 \u0d9a\u0ddc\u0dc4\u0dda \u0d85\u0daf \u0dc3\u0dcf\u0db8\u0dba\u0d9a\u0dca \u0db1\u0ddc\u0dad\u0dd2\u0dba\u0dcf \r\n\u0db8\u0d9c\u0dda \u0d86\u0daf\u0dbb\u0dda \u0dad\u0dc0\u0dad\u0dca \u0d94\u0db6\u0da7\u0db8 \u0dad\u0db8\u0dcf \n\r\n\u0daf\u0ddb\u0dc0\u0dba \u0d85\u0db4\u0dda..."
    },
    {
        "uuid": "b9dd2c08-8a1d-11e9-b6cd-3863bb98c88b",
        "song": "Dakina Wita Pansalak Pilimayak Bodhiyak ",
        "singer": "Malani Bulathsinghala ",
        "lyricUnicode": "\u0daf\u0d9a\u0dd2\u0db1 \u0dc0\u0dd2\u0da7 \u0db4\u0db1\u0dca\u0dc3\u0dbd\u0d9a\u0dca \u0db4\u0dd2\u0dbd\u0dd2\u0db8\u0dba\u0d9a\u0dca \u0db6\u0ddd\u0db0\u0dd2\u0dba\u0d9a\u0dca\r\n\u0dc4\u0dd4\u0db1\u0dc3\u0dca\u0db1\u0dd9\u0db1\u0dca \u0db1\u0dd0\u0d9c\u0dd2\u0da7\u0dd2\u0db8\u0dd2\u0db1\u0dca \u0dc0\u0db3\u0dd2\u0db1\u0dc0\u0dcf\r\n\u0dc4\u0daf\u0dda \u0db1\u0dd0\u0dad\u0dd2 \u0db7\u0d9a\u0dca\u0dad\u0dd2\u0dba\u0d9a\u0dca \u0dc0\u0dad \u0db4\u0dd4\u0dbb\u0dcf \u0dad\u0dc0\u0dbb\u0dcf\u0d9c\u0dd9\u0db1\r\n\u0d85\u0da9\u0dc0\u0db1\u0dca\u0dc0 \u0db1\u0dd9\u0dad\u0dca\u0db6\u0dbb\u0dc0 \u0db6\u0dbd\u0db1\u0dc0\u0dcf\n\r\n\u0d9c\u0dd0\u0db6\u0dd2\u0db1\u0dd2 \u0db8\u0dc0\u0dd4 \u0d9a\u0dd9\u0db1\u0dd9\u0d9a\u0dd4 \u0dc4\u0ddd \u0dbb\u0ddd\u0d9c\u0dd2\u0dba\u0dd9\u0d9a\u0dd4 \u0daf\u0dd4\u0da7\u0dd4 \u0d9a\u0dbd\u0da7\r\n\u0d9a\u0dc0\u0dd4\u0dc5\u0dd4\u0dc0\u0dd9\u0db1\u0dca \u0d85\u0db1\u0db1\u0dca\u0dad\u0dba \u0dc3\u0ddc\u0dba\u0db1\u0dc0\u0dcf\r\n\u0d85\u0dad\u0dd9\u0dc4\u0dd2 \u0dbb\u0dd0\u0daf\u0dd2 \u0db4\u0ddc\u0dad \u0db4\u0dad\u0dd9\u0dc4\u0dd2 \u0d91\u0d9a\u0db8 \u0db4\u0dda\u0dbd\u0dd2\u0dba \u0dad\u0dd4\u0dbd\u0db8\r\n\u0db1\u0dd9\u0dad\u0dca \u0daf\u0dc4\u0dc3\u0dca \u0dc0\u0dcf\u0dbb\u0dba\u0d9a\u0dca \u0daf\u0dd4\u0dc0\u0db1\u0dc0\u0dcf\n\r\n\u0daf\u0d9a\u0dd2\u0db1 \u0dc0\u0dd2\u0da7 \u0db4\u0db1\u0dca\u0dc3\u0dbd\u0d9a\u0dca..... \n\r\n\u0dc0\u0dcf\u0dbb\u0dd4 \u0db1\u0dd0\u0dad\u0dd2 \u0db8\u0dc4\u0dc5\u0dd4 \u0dc0\u0dad \u0db1\u0dd9\u0dad\u0dd9\u0dc4\u0dd2 \u0d9c\u0dd0\u0da7\u0dd9\u0dad\u0dd0\u0dba\u0dd2 \u0db6\u0dd2\u0dba\u0dd9\u0db1\u0dca\r\n\u0daf\u0dd9\u0db1\u0dd9\u0dad\u0dca \u0dba\u0dd4\u0d9c \u0db1\u0dd2\u0daf\u0dd2 \u0d9a\u0dd2\u0dbb\u0dcf \u0dc0\u0dd0\u0da7\u0dd9\u0db1\u0dc0\u0dcf\r\n\u0dbd\u0ddc\u0dc0\u0dda \u0d87\u0dad\u0dd2 \u0daf\u0dc4\u0dc3\u0d9a\u0dd4\u0dad\u0dca \u0d9c\u0dd0\u0da7\u0dbd\u0dd6 \u0dc3\u0dd2\u0dc4\u0dd2\u0dba\u0da7 \u0db1\u0d9c\u0dcf\r\n\u0d85\u0dc4\u0dc3 \u0db6\u0dd2\u0db8 \u0d9c\u0dd0\u0da7\u0dbd\u0db1\u0dca\u0db1 \u0dc4\u0daf\u0db1\u0dc0\u0dcf\n\r\n\u0daf\u0d9a\u0dd2\u0db1 \u0dc0\u0dd2\u0da7 \u0db4\u0db1\u0dca\u0dc3\u0dbd\u0d9a\u0dca....."
    },
    {
        "uuid": "bf9efa52-8a1d-11e9-b84c-3863bb98c88b",
        "song": "Dangakara Hasapana Hadakariyak Se ",
        "singer": "Chandana Liyanarachchi ",
        "lyricUnicode": "\u0daf\u0d9f\u0d9a\u0dcf\u0dbb \u0dc4\u0dc3\u0db4\u0dcf\u0db1 \u0dc4\u0dd0\u0da9\u0d9a\u0dcf\u0dbb\u0dd2\u0dba\u0d9a\u0dca \u0dc3\u0dda\r\n\u0d9a\u0dd2\u0db8\u0dd2\u0daf\u0dd9\u0db1\u0dca\u0db1 \u0dc3\u0db3 \u0d9a\u0dd0\u0db1\u0dca\u0dc0\u0dd2\u0dbd\u0dda\r\n\u0dc4\u0d82\u0dc3 \u0d9c\u0db8\u0db1\u0dda \u0dc3\u0dd2\u0dad \u0dc3\u0dd0\u0dbd\u0dda\u0dc0\u0dd3\r\n\u0dc3\u0dd0\u0dad\u0db4\u0dd9\u0db1\u0dca\u0db1 \u0dc4\u0daf \u0db8\u0d82\u0dad\u0dbd\u0dda\r\n\u0daf\u0d9f\u0d9a\u0dcf\u0dbb \u0dc4\u0dc3\u0db4\u0dcf\u0db1 \u0dc4\u0dd0\u0da9\u0d9a\u0dcf\u0dbb\u0dd2\u0dba\u0d9a\u0dca \u0dc3\u0dda\r\n\u0d9a\u0dd2\u0db8\u0dd2\u0daf\u0dd9\u0db1\u0dca\u0db1 \u0dc3\u0db3 \u0d9a\u0dd0\u0db1\u0dca\u0dc0\u0dd2\u0dbd\u0dd9\n\r\n\u0db4\u0dd9\u0db8\u0dca\u0dc0\u0db1\u0dca\u0dad\u0dba\u0dd2\u0db1\u0dca \u0dc3\u0dda \u0dc4\u0db8\u0dd4\u0dc0\u0db1\u0dca\u0db1 \u0db1\u0dd2\u0dc3\u0dd2\u0dc3\u0dda\r\n\u0dc3\u0dd2\u0dad\u0d9a\u0dd2\u0db1\u0dca \u0db6\u0dd0\u0db3\u0dd3 \u0d89\u0db1\u0dca\u0db1\u0dd9\u0db8\u0dd3 \r\n\u0dc4\u0db3 \u0d85\u0dbb\u0dab\u0dda \u0daf\u0ddc\u0dbb \u0dc4\u0dd0\u0dbb\u0dd3 \u0d94\u0db6\u0da7 \u0d89\u0da9\u0dd0\u0dad\u0dd2 \u0db8\u0dbd\u0dca\u0dc3\u0dbb \u0d85\u0dad\u0dbb\u0dda\r\n\u0db6\u0dd0\u0dbd\u0dca\u0db8\u0d9a \u0dbb\u0dd0\u0db3\u0dd2\u0dbd\u0dcf \u0d86\u0dbb\u0dcf\u0db0\u0db1\u0dcf \u0d94\u0db6\u0da7\u0db8\u0dba\u0dd2\n\r\n\u0daf\u0d9f\u0d9a\u0dcf\u0dbb \u0dc4\u0dc3\u0db4\u0dcf\u0db1....\n\r\n\u0db8\u0db0\u0dd4\u0db8\u0dbd\u0dca \u0db4\u0dd2\u0db4\u0dda\u0dc0\u0dd3 \u0dc0\u0dd2\u0dc4\u0d9f=\u0db1\u0dca \u0d9c\u0dba\u0dcf\u0dc0\u0dd3 \r\n\u0db4\u0dd2\u0db4\u0dd2 \u0db8\u0dbd\u0dca \u0db4\u0dbb\u0db8\u0dbd\u0dca \u0db1\u0ddc\u0dc0\u0dda\u0dc0\u0dd3 \r\n\u0d9a\u0dc0\u0dd2\u0dba\u0d9a\u0dca \u0dc3\u0dda \u0daf\u0dd0\u0dc0\u0da7\u0dd2\u0dbd\u0dcf \u0d94\u0db6 \u0dc0\u0dd9\u0dad \u0d91\u0db1\u0dca\u0db1\u0db8\u0dca \u0dc3\u0dd4\u0dc0\u0db3\u0d9a \u0daf\u0dd0\u0dc0\u0da7\u0dd3\r\n\u0dc3\u0dd4\u0dc5\u0dd9\u0d9f\u0dca \u0db4\u0dcf\u0dc0\u0dd3 \u0dc4\u0daf \u0dc3\u0db1\u0dc3\u0db1\u0dd4 \u0dc4\u0d82\u0dc3 \u0dbd\u0dad\u0dcf\u0dc0\u0dd3\n\r\n\u0daf\u0d9f\u0d9a\u0dcf\u0dbb \u0dc4\u0dc3\u0db4\u0dcf\u0db1...."
    },
    {
        "uuid": "c01f03f4-8a1d-11e9-9815-3863bb98c88b",
        "song": "Dangakara Heene Yowun Wasanthe ",
        "singer": "Shashika Nisansala ",
        "lyricUnicode": "\u0daf\u0d9f\u0d9a\u0dcf\u0dbb \u0dc4\u0dd3\u0db1\u0dda \u0dba\u0ddc\u0dc0\u0dd4\u0db1\u0dca \u0dc0\u0dc3\u0db1\u0dca\u0dad\u0dda\r\n\u0dc4\u0dd0\u0d9f=\u0db8\u0db1\u0dca \u0db8\u0d9c\u0dda \u0d94\u0db6\u0dba\u0dd2 \u0db8\u0dc0\u0db1\u0dca\u0db1\u0dda //\n\r\n\u0daf\u0dd9\u0db1\u0dd9\u0dad\u0dda \u0dc3\u0dbb\u0db1\u0dca\u0db1\u0dda \u0d8b\u0db8\u0dad\u0dd4\u0dc0\u0d9a\u0dd2\u0db1\u0dca \u0dc0\u0dcf\u0d9c\u0dda\r\n\u0d86\u0dad\u0dca\u0db8\u0dba\u0dd9\u0db1\u0dca \u0d86\u0dad\u0dca\u0db8\u0dba\u0dda \u0db8\u0d82\r\n\u0d94\u0db6\u0db8\u0dba\u0dd2 \u0db4\u0dad\u0db1\u0dca\u0db1\u0dda \u0d8b\u0db8\u0dad\u0dd4\u0dc0\u0d9a\u0dd2\u0db1\u0dca \u0dc0\u0dcf\u0d9c\u0dda\r\n\u0d86\u0dad\u0dca\u0db8\u0dba\u0dd9\u0db1\u0dca \u0d86\u0dad\u0dca\u0db8\u0dba\u0dda \u0db8\u0d82 //\n\r\n\u0d85\u0dad\u0dca\u0dc0\u0dd0\u0dbd\u0dca \u0db6\u0dd0\u0db3\u0db1\u0dca \u0d94\u0db6 \u0dc4\u0dcf \u0d86\u0daf\u0dbb\u0dd9\u0db1\u0dca\r\n\u0dc4\u0dd0\u0db8\u0daf\u0dcf\u0db8\u0dad\u0dca \u0db4\u0dd9\u0dbb\u0dd4\u0db8\u0dca \u0db4\u0dd2\u0dbb\u0dd4\u0dc0\u0dda \u0db8\u0d82 //\r\n\u0da2\u0dd3\u0dc0\u0dd2\u0dad\u0dda \u0db4\u0dd4\u0dbb\u0dcf\u0db8 \u0dad\u0dd4\u0dbb\u0dd4\u0dbd\u0dda \u0d9c\u0dba\u0db1\u0dca\u0db1\r\n\u0d9a\u0dcf\u0da7\u0dad\u0dca \u0dc4\u0ddc\u0dbb\u0dd9\u0db1\u0dca\u0db8 \u0dbb\u0dc4\u0dc3\u0d9a\u0dca \u0d9a\u0dd2\u0dba\u0db1\u0dca\u0db1\n\r\n\u0daf\u0dd9\u0db1\u0dd9\u0dad\u0dda \u0dc3\u0dbb\u0db1\u0dca\u0db1\u0dda......\n\r\n\u0db4\u0dd2\u0dba\u0db9\u0dcf \u0d94\u0dc4\u0dda \u0d94\u0db6 \u0dc4\u0dcf \u0d86\u0d9a\u0dc4\u0dda\r\n\u0dc4\u0dd0\u0db8\u0daf\u0dcf\u0db8\u0dad\u0dca \u0db4\u0dd0\u0dad\u0dd4\u0db8\u0dca \u0db4\u0dd0\u0dad\u0dd4\u0dc0\u0dda \u0db8\u0d82 //\r\n\u0da2\u0dd3\u0dc0\u0dd2\u0dad\u0dda \u0db4\u0dd4\u0dbb\u0dcf\u0db8 \u0dad\u0dd4\u0dbb\u0dd4\u0dbd\u0dda \u0dc0\u0dba\u0db1\u0dca\u0db1\r\n\u0d9a\u0dcf\u0da7\u0dad\u0dca \u0dc4\u0ddc\u0dbb\u0dd9\u0db1\u0dca\u0db8 \u0dbb\u0dc4\u0dc3\u0d9a\u0dca \u0d9a\u0dd2\u0dba\u0db1\u0dca\u0db1\n\r\n\u0daf\u0dd9\u0db1\u0dd9\u0dad\u0dda \u0dc3\u0dbb\u0db1\u0dca\u0db1\u0dda......\r\n\u0daf\u0d9f\u0d9a\u0dcf\u0dbb \u0dc4\u0dd3\u0db1\u0dda...... //\r\n\u0daf\u0dd9\u0db1\u0dd9\u0dad\u0dda \u0dc3\u0dbb\u0db1\u0dca\u0db1\u0dda......\n"
    },
    {
        "uuid": "c19a74f8-8a1d-11e9-9815-3863bb98c88b",
        "song": "Danila Adare (Mathakayan Na Amathaka Wela Obe) ",
        "singer": "Udesh Indula ",
        "lyricUnicode": "\u0db8\u0dad\u0d9a\u0dba\u0db1\u0dca \u0db1\u0dd1 \u0d85\u0db8\u0dad\u0d9a \u0dc0\u0dd9\u0dbd\u0dcf \u0d94\u0db6\u0dda \r\n\u0dc4\u0dd2\u0dad \u0dad\u0dc0\u0dad\u0dca \u0dbb\u0dd2\u0daf\u0dd9\u0db1\u0dc0\u0dcf\r\n\u0daf\u0dd0\u0db1\u0dd2\u0dbd\u0dcf \u0d86\u0daf\u0dbb\u0dda \u0dc4\u0dd2\u0dad \u0dad\u0dc0\u0dad\u0dca \u0dbb\u0dd2\u0daf\u0dd9\u0db1\u0dc0\u0dcf\r\n\u0daf\u0dd0\u0db1\u0dd2\u0dbd\u0dcf \u0d94\u0db6\u0dda \u0d86\u0daf\u0dbb\u0dda //\n\r\n\u0d94\u0db6 \u0dad\u0dbb\u0db8\u0dca \u0db8\u0dcf \u0dc5\u0d9f\u0dd2\u0db1\u0dca \u0dc3\u0dd2\u0da7\u0dd2 \u0d9a\u0dd9\u0db1\u0dd9\u0d9a\u0dca \u0db1\u0dd1 \u0dad\u0dc0\u0dad\u0dca\r\n\u0d85\u0daf \u0d94\u0d9b\u0dd9\u0db1\u0dca \u0dc0\u0dd9\u0db1\u0dca\u0dc0\u0dd9\u0dbd\u0dcf \u0db8\u0dda \u0dc4\u0dd2\u0dad\u0da7 \u0dba\u0db1\u0dca\u0db1 \u0db6\u0dd1 //\r\n\u0daf\u0dd0\u0db1\u0dd2\u0dbd\u0dcf \u0d86\u0daf\u0dbb\u0dda \u0dc4\u0dd2\u0dad \u0dad\u0dc0\u0dad\u0dca \u0dbb\u0dd2\u0daf\u0dd9\u0db1\u0dc0\u0dcf\r\n\u0daf\u0dd0\u0db1\u0dd2\u0dbd\u0dcf \u0d94\u0db6\u0dda \u0d86\u0daf\u0dbb\u0dda //\n\r\n\u0d85\u0dc4\u0dd2\u0db8\u0dd2 \u0d85\u0db4\u0dda \u0d86\u0daf\u0dbb\u0dda \u0d85\u0dc0\u0dc3\u0dcf\u0db1\u0dba\u0dba\u0dd2 \u0db8\u0dda\r\n\u0dc0\u0dd9\u0db1\u0dca\u0dc0\u0dd9\u0dbd\u0dcf \u0dba\u0db1\u0dca\u0db1\u0dd9 \u0daf\u0dd0\u0db1\u0dca \u0db8\u0dad\u0d9a\u0dba\u0db1\u0dca \u0dc5\u0d9f\u0dd2\u0db1\u0dca \u0d89\u0db3\u0db1\u0dca //\r\n\u0daf\u0dd0\u0db1\u0dd2\u0dbd\u0dcf \u0d86\u0daf\u0dbb\u0dda \u0dc4\u0dd2\u0dad \u0dad\u0dc0\u0dad\u0dca \u0dbb\u0dd2\u0daf\u0dd9\u0db1\u0dc0\u0dcf\r\n\u0daf\u0dd0\u0db1\u0dd2\u0dbd\u0dcf \u0d94\u0db6\u0dda \u0d86\u0daf\u0dbb\u0dda //\n\r\n\u0db8\u0dad\u0d9a\u0dba\u0db1\u0dca \u0db1\u0dd1....."
    },
    {
        "uuid": "c29f9862-8a1d-11e9-a9b9-3863bb98c88b",
        "song": "Dannawada Me As Handanne Ai Kiyala ",
        "singer": "Theekshana Anuradha ",
        "lyricUnicode": "\u0daf\u0db1\u0dca\u0db1\u0dc0\u0daf \u0db8\u0dda \u0d87\u0dc3\u0dca \u0dc4~\u0db1\u0dca\u0db1\u0dda \u0d87\u0dba\u0dd2 \u0d9a\u0dd2\u0dba\u0dbd\u0dcf\r\n\u0d94\u0dba\u0dcf\u0dc0 \u0db8\u0da7 \u0d86\u0dba\u0dda \u0dbd\u0dd0\u0d9b\u0dd9\u0db1\u0dca\u0db1\u0dda \u0db1\u0dd0\u0dad\u0dd2 \u0dc4\u0dd2\u0db1\u0dca\u0daf\u0dcf\r\n\u0dc4\u0db8\u0dd4\u0dc0\u0dd9\u0db1\u0dca\u0db1\u0da7 \u0dc4\u0dd3\u0db1\u0dba\u0d9a\u0dca\u0daf \u0db8\u0da7 \u0d86\u0dba\u0dda \u0d94\u0dba\u0dcf\r\n\u0d85\u0dbb\u0db1\u0dca \u0dba\u0db1\u0dca\u0db1 \u0db8\u0d9c\u0dda \u0dc4\u0dd4\u0dc3\u0dca\u0db8 \u0d94\u0dba\u0dcf \u0d87\u0dc0\u0dd2\u0dbd\u0dca\u0dbd\u0dcf... \u0d94\u0dba\u0dcf \u0d87\u0dc0\u0dd2\u0dbd\u0dca\u0dbd\u0dcf\n\r\n\u0dbb\u0dab\u0dca\u0da9\u0dd4 \u0dc0\u0dd9\u0dc0\u0dd3 \u0dc4\u0dd2\u0db1\u0dcf \u0dc0\u0dd4\u0dab\u0dcf \u0db8\u0dad\u0d9a\u0daf \u0d85\u0db4\u0dd2 \u0daf\u0dd9\u0db1\u0dca\u0db1\u0dcf\r\n\u0d92 \u0db8\u0dad\u0d9a\u0dda \u0db8\u0dda \u0db4\u0db4\u0dd4\u0dc0\u0dda \u0dad\u0dc0\u0db8\u0dad\u0dca \u0d89\u0d9a\u0dd2\u0db6\u0dd2\u0db1\u0dca\u0daf\u0dcf\r\n\u0dad\u0dbb\u0dc4\u0d9a\u0dca \u0db1\u0dd1 \u0d9a\u0dc0\u0daf\u0dcf\u0dc0\u0dad\u0dca \u0db8\u0da7 \u0daf\u0dd4\u0d9a \u0dc4\u0dd2\u0dad\u0dd2\u0dbd\u0dcf\r\n\u0dba\u0db1\u0dca\u0db1 \u0d9c\u0dd2\u0dba\u0dad\u0dca \u0db8\u0dcf\u0dc0 \u0daf\u0db8\u0dcf \u0db8\u0da7 \u0d95\u0db1\u0dd9 \u0d94\u0dba\u0dcf\n\r\n\u0daf\u0db1\u0dca\u0db1\u0dc0\u0daf \u0db8\u0dda \u0d87\u0dc3\u0dca \u0dc4~\u0db1\u0dca\u0db1\u0dda \u0d87\u0dba\u0dd2 \u0d9a\u0dd2\u0dba\u0dbd\u0dcf\r\n\u0d94\u0dba\u0dcf\u0dc0 \u0db8\u0da7 \u0d86\u0dba\u0dda \u0dbd\u0dd0\u0d9b\u0dd9\u0db1\u0dca\u0db1\u0dda \u0db1\u0dd0\u0dad\u0dd2 \u0dc4\u0dd2\u0db1\u0dca\u0daf\u0dcf\n\r\n\u0dad\u0dd4\u0dbb\u0dd4\u0dc5\u0dd4 \u0d9a\u0dbb\u0db1\u0dca \u0dc4\u0dd3\u0db1 \u0d9c\u0ddc\u0da9\u0d9a\u0dca \u0dad\u0dcf\u0db8 \u0db8\u0d82 \u0dc4~\u0db1\u0dc0\u0dcf\r\n\u0db8\u0d9c\u0dda \u0db1\u0ddc\u0dc0\u0db1 \u0d94\u0dba\u0dcf \u0db8\u0da7 \u0dad\u0dcf\u0db8 \u0dc0\u0da7\u0dd2\u0db1\u0dc0\u0dcf\r\n\u0dc3\u0d82\u0dc3\u0dcf\u0dbb\u0dda \u0d91\u0d9a \u0daf\u0dc0\u0dc3\u0d9a \u0dba\u0dc5\u0dd2 \u0db8\u0dd4\u0dab\u0d9c\u0dd0\u0dc4\u0dd2\u0dbd\u0dcf\r\n\u0dc4\u0dd2\u0db1\u0dcf \u0d8b\u0db1\u0dad\u0dca \u0d92 \u0da7\u0dd2\u0d9a\u0dc0\u0dad\u0dca \u0d87\u0dad\u0dd2 \u0d85\u0db1\u0dda \u0d94\u0dba\u0dcf \n\r\n\u0daf\u0db1\u0dca\u0db1\u0dc0\u0daf \u0db8\u0dda \u0d87\u0dc3\u0dca..."
    },
    {
        "uuid": "c509f7b0-8a1d-11e9-99d0-3863bb98c88b",
        "song": "Dasa Bimbara Mara Senaga ",
        "singer": "Somathilaka Jayamaha ",
        "lyricUnicode": "\u0daf\u0dc3 \u0db6\u0dd2\u0db8\u0dca\u0db6\u0dbb \u0db8\u0dcf\u0dbb \u0dc3\u0dd9\u0db1\u0d9c \r\n\u0dad\u0dab\u0dca\u0dc4\u0dcf \u0dbb\u0dad\u0dd2 \u0dbb\u0d9c\u0dcf \u0dc3\u0db8\u0d9c\r\n\u0db4\u0dc5\u0dc0\u0dcf \u0dc4\u0dbd \u0dc0\u0dd3\u0dad\u0dbb\u0dcf\u0d9c\u0dd2 \r\n\u0db6\u0dd4\u0daf\u0dd4\u0db1\u0dca \u0dc0\u0da9\u0dd2\u0db1\u0dc0\u0dcf.. \u0dc4\u0daf \u0dc0\u0dd9\u0dad \u0db6\u0dd4\u0daf\u0dd4\u0db1\u0dca \u0dc0\u0da9\u0dd2\u0db1\u0dc0\u0dcf\n\r\n\u0dc3\u0d82\u0dc3\u0dcf\u0dbb\u0dda \u0dad\u0dd9\u0dbb \u0daf\u0d9a\u0dd2\u0db1\u0dca\u0db1 \r\n\u0db6\u0dbd\u0dcf\u0db4\u0ddc\u0dbb\u0ddc\u0dad\u0dca\u0dad\u0dd4\u0dc0\u0dd9 \u0d94\u0dbb\u0dd4\u0dc0\u0dd9\u0db1\u0dca\r\n\u0d9c\u0db8\u0db1\u0dca \u0dc0\u0dd0\u0da9\u0dd2\u0dba \u0d85\u0db1\u0dca\u0d9c\u0dd3 \u0dbb\u0dc3\r\n\u0db6\u0dd4\u0daf\u0dd4\u0db1\u0dca \u0dc0\u0da9\u0dd2\u0db1\u0dc0\u0dcf.. \u0dc4\u0daf \u0dc0\u0dd9\u0dad \u0db6\u0dd4\u0daf\u0dd4\u0db1\u0dca \u0dc0\u0da9\u0dd2\u0db1\u0dc0\u0dcf\n\r\n\u0dc3\u0dc0\u0dab\u0d9a\u0dca \u0db6\u0dd4\u0daf\u0dd4 \u0dbb\u0dd0\u0dc3\u0dca \u0dc0\u0dd2\u0dc4\u0dd2\u0daf\u0dcf\r\n\u0d9a\u0dbb\u0dd4\u0dab\u0dcf\u0dc0\u0dda \u0db8\u0dd4\u0daf\u0dd4 \u0db6\u0dd0\u0dbd\u0dca\u0db8\u0dd9\u0db1\u0dca\r\n\u0db8\u0dd4\u0dc5\u0dd4 \u0daf\u0dd2\u0dba\u0dad\u0dd9\u0dc4\u0dd2 \u0dc3\u0dd2\u0dc4\u0dd2\u0dbd \u0db8\u0dc0\u0dcf\r\n\u0db6\u0dd4\u0daf\u0dd4\u0db1\u0dca \u0dc0\u0da9\u0dd2\u0db1\u0dc0\u0dcf.. \u0dc4\u0daf \u0dc0\u0dd9\u0dad \u0db6\u0dd4\u0daf\u0dd4\u0db1\u0dca \u0dc0\u0da9\u0dd2\u0db1\u0dc0\u0dcf\n\r\n\u0db8\u0dd9\u0dad\u0dca \u0d9c\u0d9f\u0dd4\u0dbd\u0dda \u0dc3\u0dd9\u0db1\u0dd9\u0dc4\u0dd9 \u0d9c\u0d9f\u0dda\r\n\u0db6\u0dd4\u0daf\u0dd4 \u0d9c\u0dd4\u0dab \u0d9c\u0dd3 \u0dad\u0dbb\u0d9f \u0db1\u0dd0\u0d9c\u0dda\r\n\u0dc3\u0dcf\u0daf\u0dd4 \u0dc3\u0dcf\u0daf\u0dd4 \u0dc3\u0dcf\u0daf\u0dd4 \u0dc3\u0dcf\u0daf\u0dd4 \r\n\u0db6\u0dd4\u0daf\u0dd4\u0db1\u0dca \u0dc0\u0da9\u0dd2\u0db1\u0dc0\u0dcf.. \u0dc4\u0daf \u0dc0\u0dd9\u0dad \u0db6\u0dd4\u0daf\u0dd4\u0db1\u0dca \u0dc0\u0da9\u0dd2\u0db1\u0dc0\u0dcf\n\r\n\u0daf\u0dc3 \u0db6\u0dd2\u0db8\u0dca\u0db6\u0dbb....."
    },
    {
        "uuid": "c88fa37e-8a1d-11e9-842c-3863bb98c88b",
        "song": "Dasa Ridenawa Para Bala Idala ",
        "singer": "Milton Mallawaarachchi ",
        "lyricUnicode": "\u0daf\u0dd1\u0dc3 \u0dbb\u0dd2\u0daf\u0dd9\u0db1\u0dc0\u0dcf \u0db4\u0dcf\u0dbb \u0db6\u0dbd\u0dcf \u0d89\u0daf\u0dbd\u0dcf\r\n\u0d85\u0db4 \u0d86 \u0db4\u0dcf\u0dbb\u0dda \u0d86\u0d9c\u0dd2\u0dba \u0dc0\u0dcf\u0dbb\u0dda\r\n\u0db8\u0dbd\u0dca \u0dbd\u0ddc\u0dc0 \u0db8\u0dbd\u0dca \u0dc3\u0dd2\u0daf\u0dd2\u0dbd\u0dcf //\n\r\n\u0dc3\u0dd4\u0dbb\u0dad\u0dda \u0d85\u0dad \u0dad\u0dd2\u0dba\u0dbd\u0dcf \r\n\u0db8\u0da7 \u0dc3\u0dc4\u0dad\u0dd2\u0d9a \u0d9a\u0dbb\u0dbd\u0dcf //\r\n\u0dc4\u0dd9\u0da7 \u0dc4\u0dc0\u0dc3\u0da7 \u0d86\u0dba\u0dda\r\n\u0d85\u0db4 \u0dc4\u0db8\u0dd4\u0dc0\u0dd9\u0db8\u0dd4 \u0d9a\u0dd3\u0dc0\u0dcf \n\r\n\u0daf\u0dd1\u0dc3 \u0dbb\u0dd2\u0daf\u0dd9\u0db1\u0dc0\u0dcf.......\n\r\n\u0db1\u0dd2\u0daf\u0dd2 \u0db1\u0dd0\u0dad\u0dd2 \u0dbb\u0dd1 \u0dba\u0dc4\u0db1\u0dda\r\n\u0d91\u0d9a\u0db8 \u0dbb\u0dd0\u0dba\u0dba\u0dd2 \u0d9c\u0dd9\u0dc0\u0dd4\u0db1\u0dda //\r\n\u0d85\u0dc0\u0dd4\u0dbb\u0dd4\u0daf\u0dca\u0daf\u0d9a\u0dca \u0dc0\u0dcf\u0d9c\u0dda\r\n\u0d92 \u0d91\u0d9a \u0dbb\u0dd0\u0dba \u0daf\u0dd0\u0db1\u0dd4\u0db1\u0dda\n\r\n\u0daf\u0dd1\u0dc3 \u0dbb\u0dd2\u0daf\u0dd9\u0db1\u0dc0\u0dcf....... //"
    },
    {
        "uuid": "ca082542-8a1d-11e9-9a49-3863bb98c88b",
        "song": "Dase Kalum Kan Mawa Dee ",
        "singer": "Milton Mallawaarachchi ",
        "lyricUnicode": "\u0daf\u0dd1\u0dc3\u0dda \u0d9a\u0dd0\u0dc5\u0dd4\u0db8\u0dca \u0d9a\u0dd0\u0db1\u0dca \u0db8\u0dc0\u0dcf \u0daf\u0dd3\r\n\u0d94\u0db6 \u0db8\u0dcf \u0db1\u0dd2\u0dc0\u0dcf\u0dbd\u0db1\u0dca\u0db1\u0dda\r\n\u0d92 \u0db1\u0dd9\u0dad\u0dca \u0d9a\u0dd0\u0dc5\u0dd4\u0db8\u0dca \u0d9a\u0dd0\u0db1\u0dca \u0db1\u0dd2\u0dc0\u0dcf \u0daf\u0dd3\r\n\u0d9a\u0dd2\u0db8\u0daf\u0ddd \u0daf\u0dc0\u0dcf\u0dbd\u0db1\u0dca\u0db1\u0dda\n\r\n\u0d9c\u0dbd\u0dcf \u0dba\u0db1\u0dca\u0db1\u0dd9 \u0d9c\u0d9f\u0dd4\u0dbd\u0d9a\u0dca \u0dc0\u0d9c\u0dda \u0db1\u0db8\u0dca\r\n\u0dbd\u0dad\u0dc0\u0dd9\u0db1\u0dca\u0db1\u0dda \u0d89\u0dc0\u0dd4\u0dbb\u0dda \u0d89\u0db8\u0dd2 //\r\n\u0dad\u0dbb\u0dd4\u0db8\u0dbd\u0dca \u0d94\u0db6\u0dda \u0db1\u0db8\u0dca \u0dbb\u0dcf\u0dad\u0dca\u200d\u0dbb\u0dd2\u0dba\u0dda\r\n\u0db8\u0db8 \u0d85\u0db1\u0dca\u0db0\u0d9a\u0dcf\u0dbb\u0dda \u0d89\u0db8\u0dd2\n\r\n\u0daf\u0dd1\u0dc3\u0dda \u0d9a\u0dd0\u0dc5\u0dd4\u0db8\u0dca \u0d9a\u0dd0\u0db1\u0dca......\n\r\n\u0db1\u0dd9\u0dbd\u0dcf \u0d9c\u0db1\u0dca\u0db1 \u0d94\u0db6 \u0dc3\u0dd2\u0dad\u0dca \u0db6\u0db3\u0dd3 \u0db1\u0db8\u0dca\r\n\u0db4\u0dbb\u0dc0\u0dd9\u0db1\u0dca\u0db1 \u0dc3\u0dd4\u0db4\u0dd2\u0db4\u0dd2 \u0d89\u0db8\u0dd2 //\r\n\u0db7\u0dc0\u0dba\u0dd9\u0db1\u0dca \u0db7\u0dc0\u0dda \u0db8\u0dad\u0dd4 \u0d86\u0dad\u0dca\u0db8\u0dba\u0dda\r\n\u0d89\u0db8 \u0dad\u0dd9\u0d9a\u0dca\u0db8 \u0db4\u0dd1\u0dc4\u0dd3 \u0d89\u0db8\u0dd2\n\r\n\u0daf\u0dd1\u0dc3\u0dda \u0d9a\u0dd0\u0dc5\u0dd4\u0db8\u0dca \u0d9a\u0dd0\u0db1\u0dca......"
    },
    {
        "uuid": "cab09286-8a1d-11e9-b032-3863bb98c88b",
        "song": "Dase Kathawen ",
        "singer": "Chandrasena Hettiarachchi ",
        "lyricUnicode": "\u0daf\u0dd1\u0dc3\u0dda \u0d9a\u0dad\u0dcf\u0dc0\u0dd9\u0db1\u0dca \u0dc4\u0dc3\u0dbb\u0dd0\u0dbd\u0dca \u0dbd\u0dad\u0dcf\u0dc0\u0dd9\u0db1\u0dca\r\n\u0db8\u0db1 \u0db6\u0dd0\u0db1\u0dca\u0daf\u0dd4\u0dc0\u0dda \u0db8\u0dcf \u0dc3\u0dd9\u0db1\u0dd9\u0dc4\u0dda \u0dbd\u0dad\u0dcf\r\n\u0db8\u0db1\u0db8\u0dcf\u0dbd\u0dd2\u0dba\u0d9a\u0dca \u0dc0\u0dd3 \u0dc0\u0dd9\u0db1\u0dad\u0d9a\u0dca \u0db6\u0dd0\u0dbd\u0dd4 \u0daf\u0dcf\r\n\u0db4\u0dbb \u0dc0\u0dd3 \u0d9c\u0dd2\u0dba\u0dda \u0db1\u0dd1 \u0db8\u0d9c\u0dd9 \u0da0\u0dda\u0dad\u0db1\u0dcf\n\r\n\u0db1\u0dd2\u0db8\u0dd0\u0dc0\u0dd6 \u0d9a\u0dad\u0dcf\u0dc0\u0db1\u0dca \u0d9c\u0ddc\u0dc5\u0dd4 \u0dc0\u0dd3 \u0dad\u0dd2\u0dba\u0dda\r\n\u0daf\u0dd9\u0db1\u0dd9\u0dad\u0dda \u0db8\u0dd0\u0dc0\u0dda \u0d94\u0db6\u0dda \u0dc4\u0dc3\u0dbb\u0dd0\u0dc5\u0dd2 \u0dc3\u0dd2\u0dad\u0dda\r\n\u0d9a\u0db3\u0dd4\u0dbd\u0d9a\u0dca \u0dc0\u0dd4\u0dab\u0dcf \u0d94\u0db6\u0dda\r\n\u0dc3\u0dd9\u0db1\u0dd9\u0dc4\u0dda \u0db8\u0d9c\u0dda \u0dbd\u0ddc\u0dc0\u0dda\n\r\n\u0daf\u0dd1\u0dc3\u0dda \u0d9a\u0dad\u0dcf\u0dc0\u0dd9\u0db1\u0dca...\n\r\n\u0d85\u0daf \u0dc4\u0ddd \u0dc4\u0dd9\u0da7\u0dd2\u0db1\u0dca \u0dc4\u0ddd \u0db8\u0dad\u0dd4 \u0d9a\u0dc0\u0dbb \u0daf\u0dcf\r\n\u0dad\u0db1\u0dd2 \u0dc0\u0dd6\u0dc0\u0ddc\u0dad\u0dd2\u0db1\u0dca \u0dbd\u0ddc\u0dc0\u0dda \u0d94\u0d9b\u0dd9 \u0d9a\u0dbd\u0dca\u0db4\u0db1\u0dcf\r\n\u0db4\u0dd2\u0dc5\u0dd2\u0d9c\u0db1\u0dca\u0db1\u0dd9\u0db8\u0dd2 \u0dc3\u0daf\u0dcf\r\n\u0db8\u0dcf \u0d94\u0d9b\u0dd9\u0db8 \u0dc0\u0dda \u0d91\u0daf\u0dcf\n\r\n\u0daf\u0dd1\u0dc3\u0dda \u0d9a\u0dad\u0dcf\u0dc0\u0dd9\u0db1\u0dca...\r\n\u0db4\u0dbb \u0dc0\u0dd3 \u0d9c\u0dd2\u0dba\u0dda \u0db1\u0dd1 \u0db8\u0d9c\u0dd9 \u0da0\u0dda\u0dad\u0db1\u0dcf\r\n\u0db4\u0dbb \u0dc0\u0dd3 \u0d9c\u0dd2\u0dba\u0dda \u0db1\u0dd1 \u0db8\u0d9c\u0dd9 \u0da0\u0dda\u0dad\u0db1\u0dcf"
    },
    {
        "uuid": "cff46676-8a1d-11e9-9707-3863bb98c88b",
        "song": "Dawasak Pala Nathi Hene ",
        "singer": "Gunadasa Kapuge ",
        "lyricUnicode": "\u0daf\u0dc0\u0dc3\u0d9a\u0dca \u0db4\u0dd0\u0dc5 \u0db1\u0dd0\u0dad\u0dd2 \u0dc4\u0dda\u0db1\u0dda\r\n\u0d85\u0d9a\u0dcf\u0dbd \u0db8\u0dc4 \u0dc0\u0dd0\u0dc4\u0dd2 \u0dc0\u0dd0\u0da7\u0dd4\u0db1\u0dcf\r\n\u0dad\u0dd4\u0dbb\u0dd4\u0dbd\u0dda \u0dc4\u0d82\u0d9c\u0dcf\u0d9c\u0dd9\u0db1 \u0db8\u0dcf \u0d94\u0db6 \u0dad\u0dd9\u0db8\u0dd4\u0db1\u0dcf \u0d85\u0db8\u0dca\u0db8\u0dda\r\n\u0db4\u0dcf\u0dba\u0db1 \u0dad\u0dd4\u0dbb\u0dd4 \u0dc4\u0dd2\u0da7\u0dd2 \u0db4\u0dd2\u0dba\u0dc0\u0dbb \u0dc4\u0dd2\u0da7\u0dd2\u0dba\u0dcf \u0d94\u0db6 \u0d85\u0db8\u0dca\u0db8\u0dda\n\r\n\u0db1\u0dd4\u0dc0\u0dbb \u0dc0\u0dd3\u0daf\u0dd2 \u0dba\u0da7 \u0d9a\u0dbb\u0d9c\u0dd9\u0db1 \u0db1\u0dd2\u0db1\u0dca\u0daf\u0dcf \u0dc0\u0dd0\u0dc4\u0dd2 \u0dc0\u0dd0\u0d9c\u0dd2\u0dbb\u0dd4\u0db1\u0daf\u0dcf\r\n\u0db6\u0dd2\u0dbb\u0dd2\u0db3\u0d9a\u0d9c\u0dda \u0dc3\u0dd9\u0db1\u0dd9\u0dc4\u0dda \u0d9c\u0dd2\u0dba\u0dcf \u0dba\u0ddd\u0db0 \u0d87\u0dc5\u0dda \u0db1\u0dd0\u0db8\u0dca\u0db8\u0dda\r\n\u0d94\u0db6\u0dda \u0dc3\u0dd9\u0db1\u0dd9\u0dc4\u0dc3 \u0dc3\u0dd4\u0dc0\u0db3 \u0daf\u0dd2\u0daf\u0dd3 \u0daf\u0dd0\u0db1\u0dd4\u0db1\u0dcf \u0db8\u0da7 \u0d85\u0db8\u0dca\u0db8\u0dda\n\r\n\u0d9a\u0ddc\u0dc5\u0db9 \u0d85\u0dc4\u0dc3 \u0d9a\u0dc5\u0dd4 \u0d9a\u0dbb\u0d9c\u0dd9\u0db1 \u0db8\u0dd4\u0dc4\u0dd4\u0daf\u0dd4 \u0dc4\u0dd4\u0dc5\u0d9f \u0dc4\u0dac\u0dbd\u0db1\u0d9a\u0ddc\u0da7\r\n\u0d94\u0da7\u0dd4\u0db1\u0dca\u0db1 \u0db6\u0dd2\u0db8\u0daf\u0dcf \u0daf\u0dd4\u0dc0\u0d9c\u0dd9\u0db1 \u0d91\u0db1\u0dca\u0db1\u0daf \u0d91\u0d9a \u0db4\u0dd2\u0db8\u0dca\u0db8\u0dda\r\n\u0db8\u0d82 \u0d91\u0db1\u0dad\u0dd4\u0dbb\u0dd4 \u0d89\u0db3\u0dd2\u0d9a\u0da9 \u0dc5\u0d9f \u0d89\u0db1\u0dca\u0db1\u0dc0\u0dcf\u0daf \u0d85\u0db8\u0dca\u0db8\u0dda"
    },
    {
        "uuid": "d0715c1c-8a1d-11e9-b16f-3863bb98c88b",
        "song": "Dawasak Thiyewee Wen Una ",
        "singer": "Milton Mallawaarachchi ",
        "lyricUnicode": "\u0daf\u0dc0\u0dc3\u0d9a\u0dca \u0dad\u0dd2\u0dba\u0dda\u0dc0\u0dd3 \u0dc0\u0dd9\u0db1\u0dca\u0dc0\u0dd4\u0db1\u0dd4 \u0d94\u0db6 \u0db8\u0dcf\r\n\u0db1\u0dd0\u0dc0\u0dad\u0dad\u0dca \u0db8\u0dd4\u0db1\u0d9c\u0dd0\u0dc3\u0dd9\u0db1\u0dcf\r\n\u0d9a\u0db3\u0dd4\u0dbd\u0d9a\u0dca \u0dad\u0dd2\u0dba\u0dda\u0dc0\u0dd3 \u0db8\u0dcf \u0dc5\u0d9f \u0d91\u0daf\u0dd2\u0db1\u0dda\r\n\u0d94\u0db6\u0dda \u0db1\u0db8\u0dd2\u0db1\u0dca \u0d9c\u0dbd\u0db1\u0dcf\n\r\n\u0db1\u0da7\u0dd4\u0dc0\u0dd9\u0db1\u0dca \u0d9a\u0da9\u0dbd\u0dcf \u0db8\u0dbd \u0dc0\u0dd2\u0dc3\u0dd2\u0d9a\u0dbd \u0dc0\u0dd2\u0dbd\u0dc3\u0dda \r\n\u0dc0\u0dbb\u0daf\u0d9a\u0dca \u0db1\u0dd0\u0dad\u0dad\u0dca \u0db8\u0da7 \u0d94\u0db6 \u0db4\u0dd2\u0da7\u0dd4\u0db4\u0dd1 \u0daf\u0dc0\u0dc3\u0dda\r\n\u0dc0\u0dbd\u0dca\u0db8\u0dad\u0dca \u0d8b\u0db1\u0dcf \u0db8\u0dcf \u0d85\u0dc3\u0dbb\u0dab \u0db4\u0dd9\u0db8\u0dca \u0db4\u0dd2\u0dba\u0dc3\u0dda \r\n\u0db8\u0da7 \u0dad\u0dcf\u0db8 \u0db1\u0ddc\u0daf\u0dd0\u0db1\u0dda \u0db8\u0ddc\u0db1\u0dc0\u0dcf \u0d8b\u0db1\u0dcf\u0daf\u0ddd\r\n\u0d85\u0db4 \u0daf\u0dd9\u0daf\u0dd9\u0db1\u0dcf\u0da7 \u0db4\u0dca\u200d\u0dbb\u0dd2\u0dba\u0dda\n\r\n\u0daf\u0dc0\u0dc3\u0d9a\u0dca \u0dad\u0dd2\u0dba\u0dda\u0dc0\u0dd3.....\n\r\n\u0dc4\u0dd2\u0db1\u0dd0\u0dc4\u0dd9\u0db1\u0dc0\u0dcf \u0d94\u0db6 \u0db8\u0dcf \u0dc4\u0dac\u0db1\u0dcf \u0daf\u0dc0\u0dc3\u0dda\r\n\u0db1\u0dd0\u0dbd\u0dc0\u0dd9\u0db1\u0dc0\u0dcf \u0d94\u0db6 \u0d94\u0dc4\u0dd4 \u0dc4\u0dcf \u0dbb\u0dc3 \u0db4\u0dc4\u0dc3\u0dda\r\n\u0d94\u0db6\u0da7\u0dad\u0dca \u0dbd\u0db6\u0dcf\u0dc0\u0dd3 \u0daf\u0dc0\u0dc3\u0d9a\u0dca \u0db8\u0da7 \u0dc0\u0dcf\u0d9c\u0dda\r\n\u0db8\u0da7 \u0dad\u0dcf\u0db8 \u0db1\u0ddc\u0daf\u0dd0\u0db1\u0dda \u0db8\u0ddc\u0db1\u0dc0\u0dcf \u0d8b\u0db1\u0dcf\u0daf\u0ddd\r\n\u0d85\u0db4 \u0daf\u0dd9\u0daf\u0dd9\u0db1\u0dcf\u0da7 \u0db4\u0dca\u200d\u0dbb\u0dd2\u0dba\u0dda\n\r\n\u0daf\u0dc0\u0dc3\u0d9a\u0dca \u0dad\u0dd2\u0dba\u0dda\u0dc0\u0dd3....."
    },
    {
        "uuid": "d20b666c-8a1d-11e9-b7a5-3863bb98c88b",
        "song": "Dawasakadi Samuganimi ",
        "singer": "Eranga Weerakoon ",
        "lyricUnicode": "\u0dc4\u0db8\u0dd4\u0dc0\u0dd3\u0db8 \u0dbd\u0d82\u0dc0\u0dd3\u0db8 \u0d88\u0dad\u0dba\u0dd2 \u0d85\u0db4\u0dda\r\n\u0d94\u0db6\u0dda \u0d86\u0daf\u0dbb\u0dda \u0dad\u0dcf\u0db8 \u0d87\u0dad \u0dc4\u0daf\u0dc0\u0dad\u0dda\r\n\u0d91\u0d9a\u0dca\u0dc0\u0dd9\u0db1\u0dca\u0db1 \u0db6\u0dd0\u0dbb\u0dd2\u0dc0\u0dd3\u0db8 \u0d89\u0dbb\u0dab\u0db8 \u0d85\u0db4\u0dda\r\n\u0d9a\u0dcf\u0dbd\u0dba\u0da7 \u0d89\u0da9\u0daf\u0dd3\u0dbd\u0dcf \u0d85\u0db4\u0dd2 \u0d89\u0db8\u0dd4 \u0dc5\u0db3\u0dda\n\r\n\u0daf\u0dc0\u0dc3\u0d9a\u0daf\u0dd2 \u0dc3\u0db8\u0dd4\u0d9c\u0db1\u0dd2\u0db8\u0dd2 \u0d94\u0dba \u0d87\u0dc3\u0dca \u0daf\u0dd9\u0d9a\u0dd9\u0db1\u0dca\r\n\u0db8\u0dad\u0dd4 \u0db7\u0dc0\u0dba\u0dda \u0dc4\u0dd2\u0db8\u0dd2\u0dc0\u0dd9\u0db1\u0dca\u0db1 \u0db8\u0d9c\u0dda \u0dbb\u0dad\u0dca\u0dad\u0dbb\u0db1\u0dca //\n\r\n\u0d85\u0dad\u0dca \u0d85\u0dbd\u0dca\u0dbd\u0d9c\u0dd9\u0db1 \u0dba\u0db1\u0dca\u0db1\u0dda \u0d94\u0dc4\u0dd4\u0d9c\u0dda \u0dc0\u0dd9\u0dbd\u0dcf\r\n\u0dbb\u0dd2\u0daf\u0dc0\u0db1\u0dca\u0db1\u0dda \u0dc0\u0dd2\u0db3\u0dc0\u0db1\u0dca\u0db1\u0dda \u0db8\u0db8\u0db8\u0dba\u0dd2 \u0dc3\u0daf\u0dcf\r\n\u0db1\u0dd2\u0daf\u0dd2\u0db8\u0dbb\u0db1 \u0d87\u0dc3\u0dca \u0d85\u0dad\u0dbb \u0d89\u0db1\u0dca\u0db1\u0dda \u0d94\u0dba\u0dcf\r\n\u0dc4\u0dd2\u0dad\u0dd4\u0dc0\u0dcf\u0daf \u0d92 \u0dc4\u0dd0\u0d9f=\u0db8\u0dca \u0db8\u0dad\u0d9a\u0dd9\u0db1\u0dca \u0dba\u0dba\u0dd2 \u0d9a\u0dd2\u0dba\u0dcf\n\r\n\u0daf\u0dc0\u0dc3\u0d9a\u0daf\u0dd2 \u0dc3\u0db8\u0dd4\u0d9c\u0db1\u0dd2\u0db8\u0dd3...//\n\r\n\u0d85\u0dad\u0d9c\u0db1\u0dca\u0db1 \u0db8\u0db1\u0dca \u0d9a\u0dbb\u0db4\u0dd4 \u0db4\u0dd2\u0db1\u0dca \u0db8\u0daf\u0dd2 \u0d87\u0dad\u0dd3\r\n\u0d94\u0dc4\u0dd4 \u0d94\u0db6\u0da7 \u0db4\u0dd2\u0db1\u0dca\u0dc0\u0db1\u0dca\u0dad\u0dba\u0dd9\u0d9a\u0dca \u0dc0\u0dd9\u0db1\u0dca\u0db1\u0dd0\u0dad\u0dd3\r\n\u0dc3\u0dad\u0dd4\u0da7\u0dd2\u0db1\u0dca\u0db8 \u0d94\u0db6 \u0d89\u0db1\u0dca\u0db1 \u0db8\u0da7 \u0d92 \u0d87\u0dad\u0dd3\r\n\u0d91\u0db1\u0dc0\u0dcf\u0daf \u0dc4\u0dd0\u0db8 \u0dbb\u0dd1\u0d9a \u0dc3\u0dd2\u0dc4\u0dd2\u0db1\u0dd9\u0db1\u0dca \u0dc4\u0dbb\u0dd3\n\r\n\u0daf\u0dc0\u0dc3\u0d9a\u0daf\u0dd2 \u0dc3\u0db8\u0dd4\u0d9c\u0db1\u0dd2\u0db8\u0dd3...//\n\r\n\u0dc4\u0db8\u0dd4\u0dc0\u0dd3\u0db8 \u0dbd\u0d82\u0dc0\u0dd3\u0db8...//\n\r\n\u0daf\u0dc0\u0dc3\u0d9a\u0daf\u0dd2 \u0dc3\u0db8\u0dd4\u0d9c\u0db1\u0dd2\u0db8\u0dd3...//"
    },
    {
        "uuid": "d766e4d0-8a1d-11e9-a8c2-3863bb98c88b",
        "song": "Dayabarawa Kandulu Wunath Obe As Deka ",
        "singer": "Asanka Priyamantha Peries ",
        "lyricUnicode": "\u0daf\u0dba\u0dcf\u0db6\u0dbb\u0dc0 \u0d9a\u0db3\u0dd4\u0dc5\u0dd4 \u0dc0\u0dd4\u0dab\u0dad\u0dca \u0d94\u0db6\u0dda \u0d87\u0dc3\u0dca \u0daf\u0dd9\u0d9a\r\n\u0db4\u0dbb\u0dcf\u0da2\u0dd2\u0dad\u0dc0 \u0dc3\u0db8\u0dd4\u0d9c\u0db1\u0dca\u0db1\u0db8\u0dca \u0daf\u0dd9\u0db1\u0dca\u0db1 \u0d85\u0dad\u0dca \u0daf\u0dd9\u0d9a\r\n\u0db8\u0dbd\u0dcf\u0db1\u0dd2\u0d9a\u0dc0 \u0dc3\u0dd9\u0dbd\u0dc0\u0dd9\u0db1 \u0d9c\u0dc3\u0dca \u0dc0\u0dd0\u0dbd\u0dca \u0db8\u0dbd\u0dca \u0d85\u0dad\u0dbb\r\n\u0dbd\u0dd2\u0dba\u0dcf \u0dad\u0dd2\u0db6\u0dd4\u0dab\u0dd4 \u0daf\u0dd4\u0d9a\u0dca \u0d9c\u0dd3\u0dba\u0d9a\u0dd2 \u0d85\u0db4\u0dda \u0dc3\u0dd9\u0db1\u0dd9\u0dc4\u0dc3 //\n\r\n\u0dc3\u0dbb\u0dcf \u0dc3\u0db3\u0da7 \u0dad\u0dda\u0dbb\u0dd9\u0db1\u0dca\u0db1\u0dd0\u0dad\u0dd2 \u0d9a\u0dc0\u0dd2\u0dba\u0d9a \u0db4\u0dda\u0dc5\u0dd3\r\n\u0db8\u0db8 \u0db8\u0dd4\u0db8\u0dd4\u0dab\u0db1\u0dca\u0db1\u0db8\u0dca \u0db8\u0d9c\u0dd9 \u0dad\u0db1\u0dd2\u0dba\u0da7 \u0d9a\u0dc0\u0dd4\u0dbb\u0dd4\u0dad\u0dca \u0db1\u0dda\u0dc0\u0dd3 \r\n\u0d94\u0db6 \u0db1\u0dd2\u0daf\u0db1 \u0dba\u0dc4\u0db1\u0dd9\u0daf\u0dd3 \r\n\u0dc4\u0dac\u0dc0\u0db1 \u0db1\u0dd9\u0dad\u0dd4 \u0db8\u0dcf \u0db8\u0dad\u0d9a\u0dca \u0d9a\u0dc5\u0ddc\u0dad\u0dca \u0db8\u0da7 \u0d87\u0dad\u0dd2 \u0daf\u0dda\u0dc0\u0dd3 \n\r\n\u0daf\u0dba\u0db6\u0dbb\u0dc0 \u0d9a\u0db3\u0dd4\u0dc5\u0dd4.....\n\r\n\u0d86\u0dad\u0dca\u0db8 \u0d9c\u0dab\u0db1\u0d9a\u0dca \u0d87\u0dc0\u0dd2\u0daf\u0dd2\u0db1\u0dca \u0dc3\u0d82\u0dc3\u0dcf\u0dbb\u0dd9 \u0daf\u0dd2\u0d9c\u0dda\r\n\u0d85\u0db4\u0dd2 \u0dc4\u0db8\u0dd4\u0dc0\u0dd3 \u0dc0\u0dd9\u0db1\u0dca \u0dc0\u0dd9\u0db1\u0dca\u0db1\u0dd0\u0dad\u0dd2 \u0db8\u0dda \u0dbd\u0dd9\u0dc3\u0dd2\u0db1\u0dca \u0da2\u0dd3\u0dc0\u0dd2\u0dad\u0dda\r\n\u0d85\u0db8\u0dad\u0d9a\u0dc0 \u0db1\u0dd0\u0dad\u0dd2 \u0dc4\u0dd0\u0da7\u0dd3 \r\n\u0db8\u0dad\u0d9a\u0dba\u0da7 \u0d91\u0db4\u0dcf \u0d91\u0db1\u0dca\u0db1\u0da7 \u0db4\u0dc0\u0dca\u0d9a\u0dcf\u0dbb \u0dc3\u0dd2\u0dad\u0dd2\u0dc0\u0dd2\u0dbd\u0dd2\n\r\n\u0daf\u0dba\u0db6\u0dbb\u0dc0 \u0d9a\u0db3\u0dd4\u0dc5\u0dd4.....\n"
    },
    {
        "uuid": "d85f7862-8a1d-11e9-9fb6-3863bb98c88b",
        "song": "Deadara Wilikun Surath Pale ",
        "singer": "Milton Mallawaarachchi ",
        "lyricUnicode": "\u0daf\u0dd9\u0d85\u0daf\u0dbb \u0dc0\u0dd2\u0dbd\u0dd2\u0d9a\u0dd4\u0db1\u0dca \u0dc3\u0dd4\u0dbb\u0dad\u0dca \u0db4\u0dbd\u0dda \r\n\u0db4\u0dd9\u0db8\u0dca \u0db8\u0daf\u0dd2\u0dbb\u0dcf \u0d85\u0dba\u0dd0\u0daf\u0dd2\u0db8\u0dd2\u0db1\u0dca \u0dc3\u0dd0\u0dbd\u0dda \r\n\u0dc3\u0dd3\u0dad \u0db8\u0dd2\u0daf\u0dd4\u0db8\u0dca \u0dc3\u0dd2\u0dc4\u0dd2\u0db1 \u0dc0\u0dd0\u0dbd\u0dca \u0db4\u0dd0\u0da7\u0dbd\u0dda //\r\n\u0dc3\u0dd3\u0dad \u0db8\u0dd2\u0daf\u0dd4\u0db8\u0dca \u0dc3\u0dd2\u0dc4\u0dd2\u0db1 \u0dc0\u0dd0\u0dbd\u0dca \u0db4\u0dd0\u0da7\u0dbd\u0dd9\n\r\n\u0db8\u0dd4\u0dc0\u0dbb\u0daf \u0dbb\u0ddc\u0db1\u0dca\u0dc3\u0dd4\u0db1\u0dd4 \u0dc3\u0dd4\u0dc0\u0daf \u0dc0\u0dd2\u0dad\u0dda \r\n\u0db8\u0dd2\u0db1\u0dca\u0daf\u0daf \u0daf\u0dc0\u0dc3\u0d9a \u0d9c\u0dd9\u0db1\u0dd9\u0db1\u0dd4 \u0d87\u0dad\u0dda \r\n\u0db1\u0dd2\u0dbd\u0dd6\u0db4\u0dd4\u0dbd\u0dca \u0db1\u0dd9\u0dad\u0dca \u0dbb\u0dad\u0dca \u0dad\u0db6\u0dd4\u0dbb\u0dd4 \u0dc0\u0dd9\u0dad\u0dda\r\n\u0d9a\u0dd0\u0daf\u0dc0\u0dba\u0dd2 \u0d94\u0db6 \u0dad\u0dc0\u0dd4\u0dad\u0dd2\u0dc3\u0dcf \u0dc0\u0dd9\u0dad\u0dda\r\n\u0da2\u0dd3\u0dc0\u0dd2\u0dad\u0dda \u0db8\u0dd3 \u0db6\u0dd2\u0db1\u0dca\u0daf\u0dd4\u0dc0\u0d9a\u0dca \u0dc0\u0dcf\u0d9c\u0dda \n\r\n\u0daf\u0dd9\u0d85\u0daf\u0dbb \u0dc0\u0dd2\u0dbd\u0dd2\u0d9a\u0dd4\u0db1\u0dca..... \n\r\n\u0db8\u0db0\u0dd4\u0dc0\u0dd2\u0dad \u0dc3\u0dd0\u0db1\u0dd9\u0d9a\u0dd2\u0db1\u0dca \u0dc4\u0dd2\u0dc3\u0dca \u0dc0\u0dd9\u0db1\u0dc0\u0dcf \r\n\u0daf\u0dd2\u0dc0\u0dd2 \u0dad\u0dc0\u0dbd\u0db8 \u0d9a\u0dad\u0dbb\u0d9a \u0dba\u0db1\u0dc0\u0dcf \r\n\u0dba\u0dd9\u0ddf\u0dc0\u0db1 \u0db6\u0dc0 \u0dc4\u0dd9\u0da7 \u0db1\u0dd0\u0dad\u0dd2 \u0dc0\u0dd9\u0db1\u0dc0\u0dcf \r\n\u0d9a\u0dbd\u0dca \u0db6\u0dd0\u0dbd\u0dd6 \u0d85\u0dba \u0dc4\u0dd2\u0daf \u0dbd\u0dad\u0dc0\u0dd9\u0db1\u0dc0\u0dcf\r\n\u0da2\u0dd3\u0dc0\u0dd2\u0dad\u0dda \u0db8\u0dd3 \u0db6\u0dd2\u0db1\u0dca\u0daf\u0dd4\u0dc0\u0d9a\u0dca \u0dc0\u0dcf\u0d9c\u0dda\n\r\n\u0daf\u0dd9\u0d85\u0daf\u0dbb \u0dc0\u0dd2\u0dbd\u0dd2\u0d9a\u0dd4\u0db1\u0dca..... \n"
    },
    {
        "uuid": "dad9029a-8a1d-11e9-81bd-3863bb98c88b",
        "song": "Dedunne Paata Paatin Adare Bandu ",
        "singer": "Sanath Nandasiri ",
        "lyricUnicode": "\u0daf\u0dda\u0daf\u0dd4\u0db1\u0dca\u0db1\u0dda \u0db4\u0dcf\u0da7 \u0db4\u0dcf\u0da7\u0dd2\u0db1\u0dca \u0d86\u0daf\u0dbb\u0dda \u0db6\u0dd0\u0db1\u0dca\u0daf\u0dd4\r\n\u0dc3\u0d82\u0dc3\u0dcf\u0dbb\u0dda \u0dc0\u0db1\u0dca\u0daf\u0db1\u0dcf\u0dc0\u0dda \u0db4\u0dca\u200d\u0dbb\u0dda\u0db8\u0dba\u0dda \u0dc5\u0db1\u0dca\u0daf\u0dd4\r\n\u0dc3\u0db1\u0dca\u0db0\u0dca\u200d\u0dba\u0dcf\u0dc0\u0dda \u0db1\u0dd2\u0db8\u0dca \u0dc0\u0dc5\u0dbd\u0dca\u0dbd\u0dda \u0db8\u0dcf\u0dba\u0dcf\u0dc0\u0dd3 \u0daf\u0dd1\u0dc3 \u0daf\u0dd0\u0dbd\u0dca\u0dc0\u0dda\r\n\u0d9a\u0dc0\u0dd4\u0dbb\u0dd4\u0db1\u0dca\u0daf\u0ddd \u0d88 \u0db1\u0ddc\u0dc0\u0dda\u0daf\u0ddd \u0d88 \u0db8\u0d9c\u0dda \u0db1\u0dda\u0daf\u0ddd //\n\r\n\u0d9c\u0d82\u0d9c\u0dcf\u0dc0\u0dda \u0d9c\u0dd3\u0dad\u0dba\u0d9a\u0dca \u0dc0\u0dd3 \u0d9c\u0dd2\u0db8\u0dca\u0dc4\u0dcf\u0db1\u0dda \u0db8\u0dda\u0d9d\u0dba\u0d9a\u0dca \u0dc0\u0dd3 \r\n\u0dc3\u0db1\u0dca\u0dad\u0dcf\u0db4\u0dda \u0d85\u0d82\u0d9c\u0db1\u0dcf\u0dc0\u0dd3 \u0d88 \u0db8\u0dcf\u0d9c\u0dda \u0db1\u0dda\u0daf\u0ddd\r\n\u0dad\u0dd4\u0db1\u0dca\u0d9a\u0dbd\u0dca \u0daf\u0d9a\u0dd2\u0db1\u0dcf \u0d87\u0dbd\u0dca\u0db8\u0dd9\u0db1\u0dca \u0dbb\u0db3\u0db1\u0dcf\r\n\u0dad\u0db1\u0dca\u0dc4\u0dcf\u0dc0\u0d9a\u0dd2\u0db1\u0dca \u0dc5\u0d82 \u0dc5\u0d82 \u0dc0\u0dd9\u0db1\u0dcf\n\r\n\u0daf\u0dda\u0daf\u0dd4\u0db1\u0dca\u0db1\u0dda \u0db4\u0dcf\u0da7 \u0db4\u0dcf\u0da7\u0dd2\u0db1\u0dca....\n\r\n\u0dbb\u0db1\u0dca \u0db8\u0dd9\u0dc0\u0dd4\u0dbd\u0dda \u0db1\u0dd9\u0dad\u0dca \u0dbb\u0dd0\u0db3\u0dda\u0dc0\u0dd2 \r\n\u0db4\u0dcf \u0dba\u0dd4\u0d9c\u0dca\u0db8\u0dda \u0dc3\u0dd2\u0dad\u0dca \u0d87\u0dbd\u0dda\u0dc0\u0dd3\r\n\u0db8\u0dbd\u0dca \u0dba\u0dc4\u0db1\u0dda \u0daf\u0dda\u0dc0\u0dad\u0dcf\u0dc0\u0dd3 \u0d88 \u0db8\u0dcf\u0d9c\u0dda \u0db1\u0dda\u0daf\u0ddd\r\n\u0daf\u0dd1\u0dad\u0dda \u0db4\u0dd0\u0da7\u0dbd\u0dd3 \u0d9a\u0dcf\u0db8\u0dd3 \u0d85\u0db3\u0dd4\u0dbb\u0dda\r\n\u0d9a\u0dd0\u0db1\u0dca\u0daf\u0dcf\u0d9c\u0db1\u0dd3 \u0db8\u0ddd\u0dc4\u0db1\u0dba \u0dc0\u0dd3\n\r\n\u0daf\u0dda\u0daf\u0dd4\u0db1\u0dca\u0db1\u0dda \u0db4\u0dcf\u0da7 \u0db4\u0dcf\u0da7\u0dd2\u0db1\u0dca.... //"
    },
    {
        "uuid": "dbdac2b8-8a1d-11e9-94da-3863bb98c88b",
        "song": "Dedunnen Ena Samanalune ",
        "singer": "Sanath Nandasiri ",
        "lyricUnicode": "\u0daf\u0dda\u0daf\u0dd4\u0db1\u0dca\u0db1\u0dd9\u0db1\u0dca \u0d91\u0db1 \u0dc3\u0db8\u0db1\u0dbd\u0dd4\u0db1\u0dda\r\n\u0d9c\u0db8\u0dca \u0db8\u0dd0\u0daf\u0dca\u0daf\u0dda \u0db4\u0ddc\u0da9\u0dd2 \u0d9a\u0dd4\u0dbb\u0dd4\u0dbd\u0dca\u0dbd\u0db1\u0dda\r\n\u0dbb\u0dd1\u0db1\u0dca \u0dbb\u0dd1\u0db1\u0dca \u0d87\u0dc0\u0dd2\u0daf\u0dd2\u0dbd\u0dca\u0dbd\u0dcf\r\n\u0d85\u0db4\u0dda \u0dbd\u0d9f\u0dd2\u0db1\u0dca \u0d89\u0db3\u0dc4\u0dbd\u0dca\u0dbd\u0dcf\r\n\u0daf\u0dda\u0daf\u0dd4\u0db1\u0dca\u0db1\u0dd9\u0db1\u0dca \u0d91\u0db1 \u0dc3\u0db8\u0db1\u0dbd\u0dd4\u0db1\u0dda\n\r\n\u0daf\u0dc0\u0dc3\u0d9a\u0dca\u0daf\u0dcf \u0db6\u0ddd \u0db8\u0dc5\u0dd4\u0dc0\u0dda\r\n\u0dc4\u0db8\u0dd4\u0dc0\u0dd6\u0daf\u0dcf \u0dc3\u0dd0\u0da7\u0dd3 \u0d85\u0db4\u0dd2 \u0daf\u0dd9\u0db1\u0dca\u0db1\u0dcf \r\n\u0db4\u0dc4\u0db1\u0d9a\u0dca \u0daf\u0dbd\u0dca\u0dc0\u0dcf \u0d91\u0d9a\u0db8 \u0dc4\u0dd2\u0dad\u0dd2\u0db1\u0dca \r\n\u0db4\u0dd0\u0dad\u0dd6 \u0db4\u0dd0\u0dad\u0dd4\u0db8\u0dca \u0dad\u0dd9\u0db4\u0dd2 \u0db1\u0dd1 \u0daf\u0db1\u0dca\u0db1\u0dda\r\n\u0db7\u0dc0\u0dd9\u0db1\u0dca \u0db7\u0dc0\u0dda \u0db4\u0dd9\u0dbb \u0d86\u0dc0\u0dcf\u0dc3\u0dda\r\n\u0db7\u0dc0\u0dd9\u0db1\u0dca \u0db7\u0dc0\u0dda \u0db8\u0dad\u0dd4 \u0dc3\u0d82\u0dc3\u0dcf\u0dbb\u0dda\r\n\u0db1\u0dd2\u0dc0\u0db1\u0dca \u0daf\u0d9a\u0dca\u0db1\u0dcf \u0da2\u0dcf\u0dad\u0dd2 \u0daf\u0d9a\u0dca\u0dc0\u0dcf\r\n\u0d91\u0d9a\u0da7 \u0db6\u0dd0\u0db3\u0dd3 \u0d89\u0db1\u0dca\u0db1\u0dba\u0dd2 \u0db4\u0dd0\u0dad\u0dd4\u0dc0\u0dda\n\r\n\u0daf\u0dda\u0daf\u0dd4\u0db1\u0dca\u0db1\u0dd9\u0db1\u0dca \u0d91\u0db1.....\n\r\n\u0d86\u0daf\u0dbb\u0dba\u0dda \u0dc3\u0dd4\u0dc0\u0db3 \u0dbd\u0dd9\u0db1\u0dda\r\n\u0dad\u0db1\u0dd2\u0dc0\u0dd3 \u0d8b\u0db1\u0dca\u0db1\u0dcf \u0d85\u0db4\u0dd2 \u0daf\u0dd9\u0db1\u0dca\u0db1\u0dcf\r\n\u0d9a\u0dcf\u0db1\u0dca\u0dc3\u0dd2\u0dba\u0d9a\u0dca \u0dc4\u0dd9\u0db8 \u0db1\u0dd1 \u0daf\u0dd0\u0db1\u0dd4\u0db1\u0dda\r\n\u0db4\u0dd9\u0dad\u0dd2 \u0daf\u0dd2\u0dbd\u0dd6\u0dab\u0dcf \u0dc0\u0db1 \u0db8\u0dbd\u0dca \u0dad\u0ddc\u0dbb\u0dab\u0dda\r\n\u0d85\u0db4 \u0db4\u0dba \u0db4\u0dcf\u0db8\u0dd4\u0dbd \u0dc3\u0dad\u0dd4\u0da7\u0dd4 \u0d9c\u0dd9\u0d9f\u0dca\r\n\u0dad\u0dcf\u0db8\u0dad\u0dca \u0d86\u0daf\u0dbb \u0dbb\u0dd0\u0dbd\u0dd2\u0dad\u0dd2 \u0db1\u0dd0\u0dd9\u0d9f\u0dca\r\n\u0d9a\u0dd2\u0dba\u0dc0\u0dca \u0d9a\u0dd4\u0dbb\u0dd4\u0dbd\u0dca\u0dbd\u0db1\u0dd2 \u0db8\u0dbd\u0dd2\u0db1\u0dca \u0db8\u0dbd\u0da7 \u0dc4\u0dd9\u0da7 \r\n\u0d85\u0db4\u0dda \u0d85\u0dc4\u0dd2\u0d82\u0dc3\u0d9a \u0d9a\u0dad\u0db1\u0dca\u0daf\u0dbb\u0dda\n\r\n\u0daf\u0dda\u0daf\u0dd4\u0db1\u0dca\u0db1\u0dd9\u0db1\u0dca \u0d91\u0db1....."
    },
    {
        "uuid": "e24fdb0a-8a1d-11e9-be5b-3863bb98c88b",
        "song": "Deno Dahak Dena Puthe Nuba Pudanawa ",
        "singer": "Nanda Malani ",
        "lyricUnicode": "\u0daf\u0dd9\u0db1\u0ddc \u0daf\u0dcf\u0dc4\u0d9a\u0dca \u0daf\u0dd9\u0db1\u0dcf \u0db4\u0dd4\u0dad\u0dda \u0db1\u0dd4\u0db9 \u0db4\u0dd4\u0daf\u0db1\u0dc0\u0dcf\r\n\u0dba\u0dc3 \u0d89\u0dc3\u0dd4\u0dbb\u0dd4 \u0daf\u0dd9\u0db4\u0dcf \u0db8\u0dd4\u0dbd \u0dad\u0db6\u0db1\u0dc0\u0dcf\r\n\u0dbb\u0da7 \u0d9a\u0dbb\u0db1 \u0db4\u0dd2\u0db1\u0dca\u0dc0\u0dad\u0dd4\u0db1\u0dca \u0db8\u0dd0\u0daf \u0dc3\u0db3\u0dc3\u0dda \u0daf\u0dd2\u0dbd\u0dd9\u0db1\u0dc0\u0dcf\r\n\u0db4\u0dd0\u0dbd\u0dda \u0db4\u0ddc\u0dbd\u0dca\u0dad\u0dd9\u0dbd\u0dca \u0db4\u0dc4\u0db1 \u0db1\u0dd2\u0dc0\u0dd9\u0db1\u0dc0\u0dcf\n\r\n\u0d9a\u0dc3\u0dd3\u0dbb\u0da7 \u0d9a\u0dc3\u0dd3\u0dc3\u0dc5\u0dd4 \u0db1\u0dd4\u0db9\u0dda \u0d9c\u0dd9\u0da7 \u0d87\u0daf\u0dd9\u0db1\u0dc0\u0dcf\r\n\u0db1\u0d82\u0d9c\u0dd2\u0dbd\u0dcf \u0dbb\u0dd9\u0daf\u0dd2 \u0dc0\u0dd0\u0dbb\u0dbd\u0dd2 \u0db8\u0daf\u0dd2\u0db1\u0dc0\u0dcf\r\n\u0d85\u0da7 \u0dc3\u0db8\u0dad\u0dca \u0dc0\u0dd4\u0db1\u0dad\u0dca \u0db1\u0dd4\u0db9 \u0d9c\u0dbb\u0dd4\u0dad\u0dbb\u0dc0 \u0dc3\u0dd2\u0da7\u0dd2\u0db1\u0dc0\u0dcf\r\n\u0db8\u0dbd\u0dca\u0dbd\u0dd2\u0d9c\u0dda \u0d8b\u0db4\u0dcf\u0db0\u0dd2\u0dba \u0daf\u0dd2\u0dbb\u0db1\u0dc0\u0dcf\n\r\n\u0db1\u0dd4\u0db9\u0dda \u0db4\u0dcf \u0db4\u0dd2\u0dc4\u0dd2\u0da7\u0dd2 \u0dad\u0dd0\u0db1 \u0dba\u0dc3\u0dc3\u0dca \u0db8\u0dbd\u0dca \u0db4\u0dd2\u0db4\u0dd9\u0db1\u0dc0\u0dcf\r\n\u0dad\u0dcf\u0dad\u0dca\u0dad\u0dcf \u0dad\u0dcf\u0db8 \u0db8\u0dbd\u0dca \u0dad\u0dbd\u0db1\u0dc0\u0dcf\r\n\u0db1\u0d82\u0d9c\u0dd2\u0dbd\u0dcf \u0db8\u0dbd\u0dca\u0dbd\u0dd2\u0dbd\u0dcf \u0d9a\u0ddd\u0db4\u0dba\u0dd9\u0db1\u0dca \u0dc3\u0dd2\u0da7\u0dd2\u0db1\u0dc0\u0dcf\r\n\u0d85\u0db1\u0dda \u0db1\u0dd4\u0db9 \u0db1\u0dc3\u0db1 \u0db6\u0dc0 \u0d9a\u0dd2\u0dba\u0db1\u0dc0\u0dcf ///"
    },
    {
        "uuid": "e8fb2534-8a1d-11e9-bcee-3863bb98c88b",
        "song": "Dethol Vila Matha Madahasak Wii Pipenna ",
        "singer": "Kasun Kalhara ",
        "lyricUnicode": "\u0daf\u0dd9\u0dad\u0ddc\u0dbd\u0dca \u0dc0\u0dd2\u0dbd \u0db8\u0dad \u0db8\u0daf\u0dc4\u0dc3\u0d9a\u0dca \u0dc0\u0dd3 \u0db4\u0dd2\u0db4\u0dd9\u0db1\u0dca\u0db1\r\n\u0d9a\u0ddc\u0db4\u0dd4\u0dbd\u0dca \u0dad\u0dbd \u0dc3\u0dd2\u0db9 \u0dc3\u0dd4\u0dc3\u0dd4\u0db8\u0dca \u0d8b\u0dab\u0dd4\u0dc4\u0dd4\u0db8 \u0dc0\u0dd2\u0db3\u0dd2\u0db1\u0dca\u0db1\r\n\u0dc0\u0dd2\u0dc3\u0dbd\u0dca \u0dbd\u0ddc\u0dc0 \u0db4\u0dd9\u0dbb \u0dc3\u0dda\u0db8 \u0d85\u0dc3\u0dd2\u0dbb\u0dd2\u0dba \u0daf\u0d9a\u0dd2\u0db1\u0dca\u0db1\r\n\u0daf\u0dd2\u0db1\u0d9a\u0dca \u0d92\u0dc0\u0dd2\u0daf \u0d86\u0dba\u0dd9\u0db8\u0dad\u0dca \u0db8\u0da7 \u0d9a\u0dd2\u0dba\u0db1\u0dca\u0db1\n\r\n\u0d86\u0dbd \u0dc0\u0daf\u0db1\u0dd2\u0db1\u0dca \u0db8\u0d9c\u0dda \u0dc4\u0dd2\u0dad \u0dc3\u0dd4\u0dc0 \u0d9a\u0dbb\u0db1\u0dca\u0db1\r\n\u0dad\u0dcf\u0dbd \u0db1\u0d9c\u0db8\u0dd2\u0db1\u0dca \u0db8\u0dd2\u0dc4\u0dd2\u0dbb\u0dd2 \u0d9c\u0dd3 \u0dc0\u0dd0\u0dbd\u0dca \u0d9c\u0dba\u0db1\u0dca\u0db1 //\r\n\u0dc3\u0dda\u0dbd \u0dba\u0dc4\u0db1\u0dda \u0dc0\u0dbb\u0dd4 \u0d9c\u0dab\u0db1\u0dca \u0db1\u0dd2\u0daf\u0dd2 \u0dc0\u0dbb\u0db1\u0dca\u0db1\r\n\u0daf\u0dd2\u0db1\u0d9a\u0dca \u0d92\u0dc0\u0dd2\u0daf \u0d86\u0dba\u0dd9\u0db8\u0dad\u0dca \u0db8\u0da7 \u0d9a\u0dd2\u0dba\u0db1\u0dca\u0db1\n\r\n\u0dc5\u0d9f\u0db8 \u0dbb\u0dd0\u0dd9\u0db3\u0db8\u0dd2\u0db1\u0dca \u0d9a\u0db3\u0dd4\u0dc5\u0dd4 \u0dc4\u0dc3\u0dbb\u0dd0\u0dbd\u0dca \u0dc0\u0dd2\u0db3\u0dd2\u0db1\u0dca\u0db1\r\n\u0dbb\u0dc3\u0db8 \u0dbb\u0dc3 \u0db6\u0dad\u0dca \u0d9a\u0da7\u0d9a\u0dca \u0d86\u0dba\u0dd9\u0dad\u0dca \u0d9a\u0dc0\u0db1\u0dca\u0db1 //\r\n\u0dc4\u0dd4\u0dbb\u0dd4 \u0db4\u0dd4\u0dbb\u0dd4\u0daf\u0dd4 \u0dbd\u0dd9\u0dc3 \u0d94\u0db6\u0dda \u0dad\u0dd4\u0dbb\u0dd4\u0dbd\u0dda \u0dc0\u0dd9\u0dbd\u0dd9\u0db1\u0dca\u0db1\r\n\u0daf\u0dd2\u0db1\u0d9a\u0dca \u0d92\u0dc0\u0dd2\u0daf \u0d86\u0dba\u0dd9\u0db8\u0dad\u0dca \u0db8\u0da7 \u0d9a\u0dd2\u0dba\u0db1\u0dca\u0db1 //"
    },
    {
        "uuid": "ed7416ee-8a1d-11e9-9843-3863bb98c88b",
        "song": "Dewa Mandire Wathiri Bathiyen ",
        "singer": "Rohana Siriwardena ",
        "lyricUnicode": "\u0daf\u0dda\u0dc0 \u0db8\u0db1\u0dca\u0daf\u0dd3\u0dbb\u0dda \r\n\u0dc0\u0dd0\u0dad\u0dd2\u0dbb\u0dd3 \u0db6\u0dd0\u0dad\u0dd2\u0dba\u0dd9\u0db1\u0dca \u0db4\u0dd4\u0daf\u0dc3\u0dd4\u0db1 \u0d85\u0db7\u0dd2\u0dba\u0dc3 \r\n\u0d86\u0dba\u0dcf\u0da0\u0db1\u0dcf \u0d9a\u0dbb\u0db8\u0dca \r\n\u0daf\u0dd0\u0dc0\u0dd9\u0db1 \u0dc3\u0dd2\u0dad\u0dda \u0dc3\u0d82\u0d9a\u0dcf \u0dc3\u0ddd \u0daf\u0dd4\u0d9a\u0dca \u0db1\u0dd2\u0dc0\u0db1 \u0dbd\u0dd9\u0dc3\u0dda\n\r\n\u0d85\u0db4\u0da7\u0db8 \u0dc0\u0dd9\u0db1\u0dca \u0dc0\u0dd4\u0dab\u0dd4 \u0d85\u0db4\u0d9c\u0dda \u0dbd\u0ddd\u0d9a\u0dba\r\n\u0dba\u0daf\u0db8\u0dca \u0db4\u0dc0\u0dd4\u0dbb\u0dd4 \u0dbd\u0dcf \u0daf\u0ddc\u0dbb\u0d9c\u0dd4\u0dc5\u0dd4 \u0dbd\u0dcf \u0d87\u0dad\r\n\u0daf\u0dd9\u0dad\u0dd0\u0db1\u0d9a \u0dad\u0db1\u0dd2 \u0dc0\u0dd4\u0dab\u0dd4 \u0daf\u0dd9\u0dc3\u0dd2\u0dad\u0d9a \u0dc3\u0dd9\u0db1\u0dd9\u0dc4\u0dc3\r\n\u0d9a\u0dc0\u0daf\u0dcf \u0dc4\u0db8\u0dd4\u0dc0\u0dda\u0daf\u0ddd\n\r\n\u0daf\u0dda\u0dc0 \u0db8\u0db1\u0dca\u0daf\u0dd3\u0dbb\u0dda....\n\r\n\u0dc3\u0dd9\u0db1\u0dd9\u0dc4\u0dc3 \u0db6\u0dd2\u0db3 \u0daf\u0dcf \u0d89\u0dc0\u0dad \u0db6\u0dd0\u0dbd\u0dd6 \u0dc3\u0db3\r\n\u0d88 \u0dad\u0db1\u0dd2 \u0dc0\u0dd9\u0db1\u0dc0\u0dcf \u0dbb\u0dd4\u0daf\u0dd4\u0dbb\u0dd4 \u0dbd\u0ddc\u0dc0\u0dda \u0d85\u0daf\r\n\u0db4\u0dc4\u0db1\u0dca \u0dc4\u0dd0\u0d9f==\u0db8\u0dca \u0db8\u0dd0\u0daf \u0d85\u0db4 \u0dc4\u0db8\u0dd4\u0dc0\u0db1 \u0daf\u0dd2\u0db1\r\n\u0d9a\u0dc0\u0daf\u0dcf \u0dc5\u0d82 \u0dc0\u0dda\u0daf\u0ddd\n\r\n\u0daf\u0dda\u0dc0 \u0db8\u0db1\u0dca\u0daf\u0dd3\u0dbb\u0dda...."
    },
    {
        "uuid": "f865c4a8-8a1d-11e9-ae7a-3863bb98c88b",
        "song": "Dineka Mage Diwi Gamane ",
        "singer": "Shihan Mihiranga ",
        "lyricUnicode": "\u0daf\u0dd2\u0db1\u0dd9\u0d9a \u0db8\u0d9c\u0dda \u0daf\u0dd2\u0dc0\u0dd2 \u0d9c\u0db8\u0db1\u0dda \r\n\u0db8\u0da7 \u0dc4\u0dd2\u0db8\u0dd2 \u0db1\u0dd0\u0dad\u0dd2 \u0dc4\u0daf\u0dc0\u0dad \u0d94\u0db6\u0d9c\u0dda\r\n\u0d9a\u0dcf\u0da7\u0dad\u0dca \u0d9a\u0dbd\u0dd2\u0db1\u0dca \u0db8\u0dcf\u0d9c\u0dd9 \u0dc0\u0dd9\u0db1\u0dca\u0db1 \r\n\u0d86\u0dba\u0dda \u0dbd\u0db6\u0db1 \u0da2\u0db1\u0dca\u0db8\u0dba\u0dda\r\n\u0d94\u0d9b\u0dd9 \u0d85\u0dad \u0d9c\u0db1\u0dca\u0db1\u0da7 \u0d92 \u0db7\u0dc0\u0dda\r\n\u0daf\u0dd2\u0db1\u0dd9\u0d9a \u0db8\u0d9c\u0dda \u0daf\u0dd2\u0dc0\u0dd2 \u0d9c\u0db8\u0db1\u0dda \n\r\n\u0dc4\u0db8\u0dd4\u0dc0\u0dd9\u0dbd\u0dcf \u0dbb\u0dd0\u0db3\u0dd4\u0dab\u0dd4 \u0d9a\u0dcf\u0dbd\u0dba\u0dda \u0db8\u0dcf\u0d9c\u0dd9 \u0dc5\u0d9f\u0dd2\u0db1\u0dca \u0d94\u0dba\u0dcf\r\n\u0dc0\u0dbb\u0daf\u0dc0\u0dcf \u0daf\u0dd0\u0db1\u0dd4\u0db1\u0dd9 \u0dc4\u0dd2\u0dad \u0d94\u0db6\u0dda \u0d86\u0daf\u0dbb\u0dd9\u0dba\u0dd2 \u0db8\u0da7 \u0d9a\u0dd2\u0dba\u0dcf\r\n\u0db8\u0da7 \u0dc3\u0db8\u0dcf\u0dc0\u0dd9\u0db1\u0dca\u0db1 \u0d92 \u0dc0\u0dbb\u0daf \u0d9a\u0dd9\u0dbb\u0dd4\u0dc0\u0dad\u0dca \u0d91\u0daf\u0dcf\r\n\u0d9a\u0dcf\u0da7\u0dad\u0dca \u0d9a\u0dbd\u0dd2\u0db1\u0dca \u0db8\u0dcf\u0d9c\u0dd9 \u0dc0\u0dd9\u0db1\u0dca\u0db1 \r\n\u0d86\u0dba\u0dda \u0dbd\u0db6\u0db1 \u0da2\u0db1\u0dca\u0db8\u0dba\u0dda\r\n\u0d94\u0d9b\u0dd9 \u0d85\u0dad \u0d9c\u0db1\u0dca\u0db1\u0da7 \u0d92 \u0db7\u0dc0\u0dda\r\n\u0daf\u0dd2\u0db1\u0dd9\u0d9a \u0db8\u0d9c\u0dda \u0daf\u0dd2\u0dc0\u0dd2 \u0d9c\u0db8\u0db1\u0dda\n\r\n\u0dc3\u0dd0\u0dbb\u0dc3\u0dd2\u0dbd\u0dcf \u0d89\u0db1\u0dca\u0db1 \u0db4\u0dd9\u0db8\u0dca\u0dc0\u0dad\u0dd4\u0db1\u0dca \u0daf\u0d9a\u0dd2\u0db1 \u0dc0\u0dd2\u0da7\u0dad\u0dca \u0db8\u0dd9\u0daf\u0dcf\r\n\u0dc3\u0dd2\u0dc4\u0dd2\u0dc0\u0dd9\u0dbd\u0dcf \u0d94\u0db6\u0dc0 \u0db1\u0dd9\u0dad\u0dd4 \u0db8\u0d9c\u0dda \u0db4\u0dcf\u0dc5\u0dd4\u0dc0\u0dd9\u0db1\u0dca \u0dad\u0dd0\u0dc0\u0dd9\u0db1\u0dc0\u0dcf\r\n\u0db8\u0da7 \u0d94\u0dba\u0dcf \u0dc0\u0da7\u0dd2\u0db1\u0dc0\u0dcf \u0da2\u0dd3\u0dc0\u0dd2\u0dad\u0dda\u0da7\u0dad\u0dca \u0dc0\u0da9\u0dcf\r\n\u0d9a\u0dcf\u0da7\u0dad\u0dca \u0d9a\u0dbd\u0dd2\u0db1\u0dca \u0db8\u0dcf\u0d9c\u0dd9 \u0dc0\u0dd9\u0db1\u0dca\u0db1 \r\n\u0d86\u0dba\u0dda \u0dbd\u0db6\u0db1 \u0da2\u0db1\u0dca\u0db8\u0dba\u0dda\r\n\u0d94\u0d9b\u0dd9 \u0d85\u0dad \u0d9c\u0db1\u0dca\u0db1\u0da7 \u0d92 \u0db7\u0dc0\u0dda\n\r\n\u0daf\u0dd2\u0db1\u0dd9\u0d9a \u0db8\u0d9c\u0dda...."
    },
    {
        "uuid": "fafdc60a-8a1d-11e9-9b82-3863bb98c88b",
        "song": "Dinuma Dee Numba Namata ",
        "singer": "Deepika Priyadarshani Pieris ",
        "lyricUnicode": "\u0daf\u0dd2\u0dab\u0dd4\u0db8 \u0daf\u0dd3 \u0db1\u0dd4\u0db9 \u0db1\u0db8\u0da7\r\n\u0db7\u0dcf\u0dbb\u0d9c\u0dad\u0dca \u0db4\u0dbb\u0dcf\u0da2\u0dba\r\n\u0db8\u0dda \u0dad\u0dbb\u0db8\u0dca \u0daf\u0dd4\u0d9a\u0d9a\u0dca \u0db6\u0dc0\r\n\u0daf\u0dd0\u0db1\u0dd4\u0db1\u0dda \u0db1\u0dd4\u0db9 \u0d9c\u0dd2\u0dba \u0daf\u0dcf\u0dba\n\r\n\u0dc3\u0dd0\u0da9 \u0dbb\u0dc5\u0db8 \u0daf\u0dd2\u0db1\u0dd9\u0d9a \u0dba\u0dc5\u0dd2\r\n\u0db1\u0dd2\u0dc3\u0dbd \u0dc0\u0dd9\u0db1 \u0db6\u0dc0 \u0db1\u0ddc\u0daf\u0dd0\u0db1\r\n\u0dc0\u0dd9\u0dbb\u0dc5 \u0d9a\u0dd2\u0db8 \u0db8\u0dda \u0dad\u0dbb\u0db8\u0da7\r\n\u0daf\u0dd4\u0dbb \u0d9c\u0dd2\u0dba\u0dda \u0dc3\u0dba\u0dd4\u0dbb \u0dc4\u0dd0\u0dbb\n\r\n\u0daf\u0dd2\u0dab\u0dd4\u0db8 \u0daf\u0dd3 \u0db1\u0dd4\u0db9 \u0db1\u0db8\u0da7....\n\r\n\u0d85\u0db8\u0dcf\u0dc0\u0d9a \u0d9a\u0dc5\u0dd4\u0dc0\u0dbb\u0da7\r\n\u0db4\u0dc3\u0dd4\u0dc0 \u0dc3\u0db3 \u0db1\u0dd0\u0d9c\u0dd9\u0db1 \u0db6\u0dc0\r\n\u0d85\u0dc4\u0dc3 \u0dc0\u0da7\u0dc4\u0dcf \u0d9c\u0db1\u0dca\u0db1\u0da7\r\n\u0db4\u0db8\u0dcf \u0dc0\u0dd4\u0dba\u0dda \u0d87\u0dba\u0dd2\u0daf\n\r\n\u0daf\u0dd2\u0dab\u0dd4\u0db8 \u0daf\u0dd3 \u0db1\u0dd4\u0db9 \u0db1\u0db8\u0da7...."
    },
    {
        "uuid": "fd94c7da-8a1d-11e9-ad6f-3863bb98c88b",
        "song": "Diywayogayakin Nowedo ",
        "singer": "Victor Rathnayaka ",
        "lyricUnicode": "\u0daf\u0ddb\u0dc0\u0dba\u0ddd\u0d9c\u0dba\u0d9a\u0dd2\u0db1\u0dca \u0db1\u0ddc\u0dc0\u0dda\u0daf\u0ddd\r\n\u0dc4\u0db8\u0dd4\u0dc0\u0dd4\u0dab\u0dda \u0d85\u0db4 \u0dc4\u0db8\u0dd4 \u0dc0\u0dd4\u0dab\u0dda\r\n\u0daf\u0ddb\u0dc0\u0dba\u0dda \u0dc3\u0dbb\u0daf\u0db8\u0dca \u0dbd\u0db6\u0db1\u0dca\u0db1\u0da7\r\n\u0d9a\u0dd2\u0db8 \u0db8\u0dd9\u0dc3\u0dda \u0d85\u0db4 \u0dc4\u0db8\u0dd4\u0dc0\u0dd4\u0dab\u0dda //\n\r\n\u0d87\u0daf\u0dd4\u0dbb\u0dd4\u0dad\u0dd4\u0db8\u0dd2\u0dba\u0dba\u0dd2 \u0db4\u0dca\u200d\u0dbb\u0dda\u0db8\u0dba\u0dda \u0d94\u0db6\r\n\u0d87\u0daf\u0dd4\u0dbb\u0dd4\u0dad\u0dd4\u0db8\u0dd2\u0dba\u0dba\u0dd2 \u0dba\u0dde\u0dc0\u0db1\u0dda //\r\n\u0dc1\u0ddd\u0d9a\u0dba\u0dda \u0dbb\u0dd4\u0daf\u0dd4 \u0dc0\u0dda\u0daf\u0db1\u0dcf\u0dc0\u0dda\r\n\u0d9a\u0db3\u0dd4\u0dc5\u0dd4 \u0dc3\u0dba\u0dd4\u0dbb\u0dda \u0d8b\u0dbd\u0dca\u0db4\u0dad\u0dba\u0dd2\n\r\n\u0daf\u0ddb\u0dc0\u0dba\u0ddd\u0d9c\u0dba\u0d9a\u0dd2\u0db1\u0dca \u0db1\u0ddc\u0dc0\u0dda\u0daf\u0ddd.....\n\r\n\u0db1\u0db3\u0dd4\u0db1\u0dca \u0d8b\u0dba\u0db1\u0dba\u0dd2 \u0dc3\u0dca\u0db1\u0dda\u0dc4\u0dba\u0dda \u0d94\u0db6\r\n\u0dc3\u0db3\u0dd4\u0db1\u0dca \u0dc3\u0dd2\u0dbd\u0dd2\u0dbd\u0dba\u0dd2 \u0da2\u0dd3\u0dc0\u0dd2\u0dad\u0dda //\r\n\u0dc3\u0ddc\u0db8\u0dca\u0db1\u0dc3\u0dda \u0d86\u0db1\u0db1\u0dca\u0daf\u0dba\u0dda\r\n\u0dc4\u0dc3\u0dbb\u0dd0\u0dbd\u0dca \u0dad\u0dbb\u0d82\u0d9c\u0dda \u0d8b\u0dbd\u0dca\u0db4\u0dad\u0dba\u0dd2\n\r\n\u0daf\u0ddb\u0dc0\u0dba\u0ddd\u0d9c\u0dba\u0d9a\u0dd2\u0db1\u0dca \u0db1\u0ddc\u0dc0\u0dda\u0daf\u0ddd....."
    },
    {
        "uuid": "fe3cef5a-8a1d-11e9-b5c8-3863bb98c88b",
        "song": "Doni ",
        "singer": "Himashel Alwis ",
        "lyricUnicode": "\u0db8\u0d9c\u0dda \u0d85\u0dc4\u0dc3 \u0dc3\u0dbb\u0dc3\u0db1\u0dcf \u0dc3\u0daf \u0dbb\u0dcf\u0da2\u0dd2\u0dab\u0dd2\u0dba \u0db1\u0dd4\u0db9\u0dba\u0dd2\r\n\u0dc4\u0dd2\u0dad\u0dca \u0db8\u0da9\u0dbd \u0dc3\u0db1\u0dc3\u0db1\u0dcf \u0db1\u0dd9\u0dad\u0dca \u0d89\u0db8\u0dda\r\n\u0dc3\u0dd4\u0dbb\u0d82\u0d9c\u0db1\u0dcf \u0dbd\u0ddc\u0dc0\u0dda \u0db4\u0dd4\u0db1\u0dca\u0da0\u0dd2 \u0daf\u0d9a\u0dcf\u0dbb\u0dd2\u0dba\u0dba\u0dd2\r\n\u0db8\u0dcf\u0d9c\u0dda \u0db4\u0db1 \u0db1\u0dd4\u0db9\u0dba\u0dd2 \u0daf\u0ddd\u0dab\u0dd2\u0dba\u0dda //\n\r\n\u0db4\u0dcf\u0db4\u0ddc\u0da9\u0dd2 \u0dad\u0dd2\u0dba\u0dcf \u0d9c\u0dd3 \u0dc0\u0dd0\u0dbd\u0dca \u0db8\u0dd4\u0db8\u0dd4\u0db1\u0db1\u0dcf\r\n\u0db8\u0dd4\u0dc0\u0d9f\u0dd2\u0db1\u0dca \u0dc3\u0dd2\u0db1\u0dcf \u0dc0\u0dc3\u0dca\u0dc3\u0db1\u0dcf\r\n\u0dc4\u0dd4\u0dbb\u0dad\u0dbd\u0dca \u0d9a\u0dad\u0dcf \u0db8\u0d9c\u0dda \u0dc4\u0dd2\u0dad \u0db4\u0dd4\u0dbb\u0dc0\u0db1\u0dcf\r\n\u0dbb\u0dd0\u0dc0\u0dca \u0daf\u0dda \u0dc4\u0daf\u0dda \u0dc3\u0dd0\u0db8\u0daf\u0dcf\r\n\u0db8\u0db1\u0dca \u0dc3\u0dca\u0db1\u0dda\u0dc4\u0dda \u0db4\u0dd2\u0dbb\u0dd4 \u0da2\u0dd3\u0dc0\u0dd2\u0dad\u0dda \u0db1\u0dd4\u0db9\u0db8 \u0dc0\u0dd6\r\n\u0d85\u0dbb\u0dd4\u0dad\u0db8\u0dba\u0dd2 \u0daf\u0ddd\u0dab\u0dd2\u0dba\u0dda \u0db8\u0db1\u0dca \u0db4\u0dd0\u0dad\u0dd6\n\r\n\u0d85\u0dc4\u0dc3\u0db8 \u0db1\u0dd4\u0db9\u0dda\u0dba\u0dd2 \u0d89\u0d9c\u0dd2\u0dbd\u0dd2\u0dba\u0db1\u0dca \u0d9a\u0dd4\u0db8\u0dbb\u0dd2\u0dba\u0dda\r\n\u0db8\u0d82 \u0d89\u0db1\u0dca\u0db1\u0dc0\u0dcf \u0dc5\u0d9f \u0db1\u0dd4\u0db9\u0dda\r\n\u0dc4\u0dd3\u0db1 \u0dc4\u0dd0\u0dbb\u0dd4\u0dc0\u0dcf \u0dc3\u0dd4\u0dc0\u0daf\u0dd2\u0db1\u0dca \u0db4\u0dd4\u0dbb\u0dc0\u0dbd\u0dcf\r\n\u0daf\u0dd9\u0db1\u0dca\u0db1\u0db8\u0dca \u0dc3\u0daf\u0dcf \u0dc4\u0dd2\u0dad \u0db4\u0dd4\u0dbb\u0dcf\r\n\u0db4\u0db4\u0dd4\u0d9c\u0dd0\u0db6\u0dda \u0dc4\u0dd0\u0db1\u0dca\u0d9c\u0dd4 \u0db8\u0db1\u0dca \u0dc3\u0d9f\u0dc0\u0dcf \u0dad\u0dd2\u0db6\u0dd4\r\n\u0dc4\u0dd4\u0dc3\u0dca\u0db8\u0d9a\u0dd3 \u0daf\u0ddd\u0dab\u0dd2\u0dba\u0dda \u0dc4\u0dd2\u0dad \u0db4\u0dd2\u0dbb\u0dd6\n\r\n\u0db8\u0d9c\u0dda \u0d85\u0dc4\u0dc3 \u0dc3\u0dbb\u0dc3\u0db1\u0dcf...."
    },
    {
        "uuid": "ff39f046-8a1d-11e9-bc4a-3863bb98c88b",
        "song": "Duburu Lamissi (Santhapa Thawul Nam) ",
        "singer": "Indika Ruwan (Roony) ",
        "lyricUnicode": "\u0dc3\u0d82\u0dad\u0dcf\u0db4 \u0dad\u0dd0\u0dc0\u0dd4\u0dbd\u0dca\u0db1\u0db8\u0dca \u0db8\u0d82 \u0dc0\u0dd2\u0db1\u0dca\u0daf\u0dcf \u0da2\u0dd3\u0dc0\u0dd2\u0dad\u0dda\r\n\u0db4\u0dd2\u0db1\u0dca\u0dad\u0dcf\u0dbb\u0dd4 \u0dc4\u0dcf\u0daf\u0d9a\u0db8\u0dca \u0dad\u0db1\u0dd2\u0d9a\u0dc5\u0dcf \u0d86\u0daf\u0dbb\u0dda\r\n\u0dc4\u0dd0\u0db1\u0dca\u0daf\u0dd1\u0dc0 \u0d89\u0da9\u0ddd\u0dbb\u0dda \u0d9c\u0dd2\u0dbd\u0dd2\u0dc4\u0dd4\u0dab\u0dcf \u0d9a\u0db3\u0dd4\u0dc5\u0d9a\u0dd2\u0db1\u0dca\r\n\u0d9c\u0dd2\u0db8\u0dca\u0dc4\u0dcf\u0db1 \u0d9a\u0dc0\u0dd4\u0dc5\u0dd4\u0dc0\u0dd9\u0db1\u0dca \u0d89\u0d9c\u0dd2\u0dbd\u0dd6\u0db1\u0dcf \u0d94\u0db6 \u0db8\u0d9c\u0dd9\u0db1\u0dca\n\r\n\u0d91\u0daf\u0dcf \u0dc3\u0ddc\u0db3\u0dd4\u0dbb\u0dd4 \u0dc4\u0dd2\u0dad\u0dd0\u0dad\u0dca\u0dad\u0dd3 \u0dc0\u0dd4\u0dab\u0dcf \u0d9a\u0db3\u0dd4\u0dc5\u0dd4 \u0daf\u0db1\u0db1\u0dca\u0db1\u0dd3\r\n\u0db1\u0dd4\u0dbb\u0dcf \u0d86\u0dbd \u0db4\u0dd4\u0dbb\u0db1\u0dca\u0db1\u0dd3 \u0db8\u0d9c\u0dda \u0daf\u0dd4\u0db9\u0dd4\u0dbb\u0dd4 \u0dc5\u0db8\u0dd2\u0dc3\u0dca\u0dc3\u0dd3 //\n\r\n\u0dad\u0dbb\u0dd4 \u0dbb\u0dd1\u0d9a \u0d9c\u0dd2\u0db8\u0db1\u0dca\u0dc4\u0dbd\u0dca \u0dad\u0db1\u0dd2\u0d9a\u0db8\u0dda \u0dc0\u0dbb\u0dd4 \u0d9c\u0dab\u0db1\u0dca\r\n\u0d8b\u0db3\u0dd4\u0dbb\u0db1\u0dca\u0db1 \u0db6\u0dd0\u0dbb\u0dd3 \u0dad\u0dbb\u0db8\u0dca \u0d86\u0daf\u0dbb\u0dda \u0db8\u0dc4\u0db8\u0dd9\u0dbb\u0d9a\u0dca\r\n\u0dc4\u0dd0\u0db8\u0daf\u0dcf\u0db8 \u0dc4\u0da9\u0db1 \u0d87\u0dc3\u0dca \u0db4\u0dda\u0dc0\u0dd9\u0dbd\u0dcf \u0db1\u0dd4\u0db9\u0dd9 \u0db1\u0db8\u0dd2\u0db1\u0dca\r\n\u0dc4\u0daf\u0dc0\u0dad\u0dda \u0d9c\u0dd0\u0db9\u0dd4\u0dbb\u0dd4 \u0dad\u0dd0\u0db1\u0dca \u0db8\u0dd2\u0dba\u0dd0\u0daf\u0dda\u0dc0\u0dd2 \u0dad\u0dad\u0dca\u0db4\u0dbb\u0dd9\u0db1\u0dca\n\r\n\u0d91\u0daf\u0dcf \u0dc3\u0ddc\u0db3\u0dd4\u0dbb\u0dd4 \u0dc4\u0dd2\u0dad\u0dd0\u0dad\u0dca\u0dad\u0dd3.... //\n\r\n\u0d9a\u0dc0\u0dd2\u0d9a\u0dcf\u0dbb \u0db8\u0dad\u0d9a\u0dba\u0db1\u0dca \u0db1\u0ddc\u0daf\u0ddc\u0da9\u0dcf\u0dc0\u0dd2 \u0dc4\u0dd9\u0da7 \u0d89\u0db3\u0db1\u0dca\r\n\u0dad\u0db1\u0dd2 \u0db4\u0dcf\u0dc5\u0dd4 \u0d85\u0db3\u0dd4\u0dbb\u0d9a\u0dd2\u0db1\u0dca \u0db1\u0dc0\u0dad\u0dd2\u0db1\u0dca\u0db1 \u0db8\u0da7 \u0dc0\u0dbb\u0db8\u0dca\r\n\u0d89\u0db3\u0dd4\u0dbb\u0dcf\u0db8 \u0dc0\u0dd9\u0db1\u0dc3\u0dca\u0d9a\u0db8\u0dca \u0d89\u0dc0\u0dc3\u0db1\u0dca\u0db1 \u0dc4\u0dd4\u0dbb\u0dd4 \u0d9a\u0dbb\u0db1\u0dca\r\n\u0db1\u0ddc\u0d9a\u0dd2\u0dba\u0dcf\u0db8 \u0da1\u0dd3\u0dc0\u0dd2\u0dad\u0dd9\u0db1\u0dca \u0db6\u0ddc\u0db3\u0dc0\u0dd4\u0dab\u0dcf \u0db1\u0dd4\u0db9\u0dd9 \u0dc3\u0dd4\u0dc3\u0dd4\u0db8\u0dca\n\r\n\u0d91\u0daf\u0dcf \u0dc3\u0ddc\u0db3\u0dd4\u0dbb\u0dd4 \u0dc4\u0dd2\u0dad\u0dd0\u0dad\u0dca\u0dad\u0dd3.... ///\n\r\n\u0dc3\u0d82\u0dad\u0dcf\u0db4 \u0dad\u0dd0\u0dc0\u0dd4\u0dbd\u0dca\u0db1\u0db8\u0dca...."
    },
    {
        "uuid": "0182fcb0-8a1e-11e9-a425-3863bb98c88b",
        "song": "Duka As Deken ",
        "singer": "Sangeeth Wijesuriya ",
        "lyricUnicode": "\u0daf\u0dd4\u0d9a \u0d87\u0dc3\u0dca \u0daf\u0dd9\u0d9a\u0dd9\u0db1\u0dca \u0db4\u0dd4\u0dbb\u0dc0\u0dbd\u0dcf\r\n\u0d9a\u0db3\u0dd4\u0dc5\u0dd4 \u0d85\u0dad\u0dbb \u0db8\u0dcf\u0dc0 \u0dad\u0db1\u0dd2\u0d9a\u0dbd\u0dcf\r\n\u0dc0\u0dd2\u0dc1\u0dca\u0dc0\u0dcf\u0dc3\u0dba \u0d94\u0dba\u0dcf \u0d9a\u0da9\u0d9a\u0dbd\u0dcf\r\n\u0dc0\u0dd9\u0db1 \u0dc4\u0dd2\u0dad\u0d9a\u0dca \u0d9a\u0dd9\u0dbb\u0dda \u0dbd\u0d82\u0dc0\u0dd9\u0dbd\u0dcf //\n\r\n\u0db8\u0dd0\u0dbb\u0dd9\u0db1\u0dca\u0db1 \u0db8\u0ddc\u0dc4\u0ddc\u0dad\u0d9a\u0dca \u0dad\u0dd2\u0dba\u0dcf\r\n\u0d94\u0dba\u0dcf \u0d91\u0dba\u0dd2 \u0d9a\u0dd2\u0dba\u0dcf \u0dc3\u0dd2\u0dad\u0dcf\r\n\u0db8\u0db8 \u0d89\u0db1\u0dca\u0db1\u0dc0\u0dcf \u0db8\u0d9f \u0db6\u0dbd\u0dcf\r\n\u0dc3\u0dd0\u0db1\u0dc3\u0dd4\u0db8 \u0d94\u0dba\u0dcf \u0dbd\u0d9f \u0db1\u0dd2\u0dc3\u0dcf //\n\r\n\u0dc0\u0dd9\u0db1 \u0d9a\u0dcf\u0da7\u0dc0\u0dad\u0dca \u0db1\u0ddc\u0daf\u0dd3 \u0db8\u0d82\r\n\u0daf\u0dd4\u0db1\u0dca \u0d86\u0daf\u0dbb\u0dda \u0d94\u0db6\u0da7\u0db8\u0dba\u0dd2\r\n\u0db8\u0dcf \u0dc4\u0dd0\u0dbb\u0daf\u0db8\u0dcf \u0d94\u0db6 \u0d9c\u0dd2\u0dc4\u0dd2\u0db1\u0dca\r\n\u0d9a\u0ddc\u0dba\u0dd2 \u0dc3\u0dd2\u0da7\u0dd2\u0db1\u0dc0\u0dcf \u0daf\u0ddd \u0d89\u0dad\u0dd2\u0d82\n\r\n\u0db8\u0dd0\u0dbb\u0dd9\u0db1\u0dca\u0db1 \u0db8\u0ddc\u0dc4\u0ddc\u0dad\u0d9a\u0dca....\n\r\n\u0dba\u0da7\u0dd2\u0dc4\u0dd2\u0dad\u0dda \u0d94\u0dba\u0dcf \u0dad\u0dd2\u0dba\u0db1\u0dca \u0db8\u0d82\r\n\u0d85\u0daf \u0d89\u0db1\u0dca\u0db1\u0dc0\u0dcf \u0db8\u0dd0\u0dbb\u0dd2 \u0db8\u0dd0\u0dbb\u0dd3\r\n\u0daf\u0dd4\u0db1\u0dca \u0daf\u0dd4\u0d9a\u0da7 \u0db1\u0dd1 \u0dad\u0dbb\u0dc4 \u0dc0\u0dd3\r\n\u0d94\u0dba\u0dcf \u0d89\u0db1\u0dca\u0db1\u0d9a\u0ddd \u0dc3\u0dd2\u0db1\u0dcf\u0dc3\u0dd3\n\r\n\u0db8\u0dd0\u0dbb\u0dd9\u0db1\u0dca\u0db1 \u0db8\u0ddc\u0dc4\u0ddc\u0dad\u0d9a\u0dca....\n\r\n\u0daf\u0dd4\u0d9a \u0d87\u0dc3\u0dca \u0daf\u0dd9\u0d9a\u0dd9\u0db1\u0dca...\n"
    },
    {
        "uuid": "030433e4-8a1e-11e9-a747-3863bb98c88b",
        "song": "Duka Daraganna Hitha Haiya Une ",
        "singer": "Gayani Madhusha ",
        "lyricUnicode": "\u0daf\u0dd4\u0d9a \u0daf\u0dbb\u0dcf\u0d9c\u0db1\u0dca\u0db1 \u0dc4\u0dd2\u0dad \u0dc4\u0dba\u0dd2\u0dba \u0dc0\u0dd4\u0dab\u0dda\r\n\u0d94\u0db6 \u0d9a\u0dd2\u0dba\u0dcf \u0daf\u0dd4\u0db1\u0dca\u0db1\u0dd4 \u0db4\u0dd9\u0db8 \u0dc4\u0dd2\u0db1\u0dca\u0daf\u0db8\u0db1\u0dda\r\n\u0db8\u0da7 \u0dc4\u0dd2\u0db1\u0dcf\u0dc0\u0dd9\u0db1\u0dca\u0db1 \u0db4\u0dd2\u0db1 \u0dad\u0dcf\u0db8 \u0db1\u0ddc\u0dc0\u0dda\r\n\u0db4\u0dd4\u0daf\u0dd4\u0db8\u0dba\u0d9a\u0dca \u0dc0\u0d9c\u0dd9\u0dba\u0dd2 \u0dc4\u0dd0\u0dbb \u0d9c\u0dd2\u0dba\u0db4\u0dd4 \u0daf\u0dd2\u0db1\u0dda\r\n\u0d9a\u0dc0\u0daf\u0dcf\u0daf \u0daf\u0dd0\u0db1\u0dd4\u0db1\u0dda \u0db8\u0dcf\u0dc0 \u0db4\u0dd2\u0da7 \u0d9a\u0dd9\u0db1\u0dd9\u0d9a\u0dd4 \u0dc3\u0dda \u0dc4\u0dd2\u0dad\u0dbd\u0dcf\r\n\u0dc4\u0dd0\u0db8\u0daf\u0dcf\u0db8 \u0dc0\u0dd0\u0dbb\u0daf\u0dd2\u0dba\u0dd2 \u0d9a\u0dd3\u0dc0 \u0db8\u0dcf \u0dc0\u0dd0\u0dbb\u0daf\u0dd2 \u0db1\u0dd1 \u0d9a\u0dbb\u0dbd\u0dcf\r\n\u0db8\u0dcf \u0dc0\u0dd0\u0dbb\u0daf\u0dd2 \u0db1\u0dd1 \u0d9a\u0dbb\u0dbd\u0dcf\n\r\n\u0db8\u0d9c\u0dda \u0d9a\u0dd9\u0dbb\u0dd4\u0dc0 \u0daf\u0dd4\u0d9a \u0db1\u0db8\u0dca \u0d86\u0dba\u0dda \u0d94\u0db6\u0dda \u0dc0\u0dd9\u0db1\u0dca\u0db1\u0dd9\u0db4\u0dcf\r\n\u0db8\u0da7 \u0dad\u0dd2\u0db6\u0dd4\u0dab\u0dd4 \u0dc4\u0dd0\u0db8\u0daf\u0dda \u0dc0\u0d9c\u0dda\u0db8 \u0d94\u0db6 \u0dc0\u0dd6 \u0db1\u0dd2\u0dc3\u0dcf\r\n\u0d9a\u0dc0\u0daf\u0dcf\u0daf \u0daf\u0dd0\u0db1\u0dd4\u0db1\u0dda \u0db8\u0dcf\u0dc0 \u0db4\u0dd2\u0da7 \u0d9a\u0dd9\u0db1\u0dd9\u0d9a\u0dd4 \u0dc3\u0dda \u0dc4\u0dd2\u0dad\u0dbd\u0dcf\r\n\u0dc4\u0dd0\u0db8\u0daf\u0dcf\u0db8 \u0dc0\u0dd0\u0dbb\u0daf\u0dd2\u0dba\u0dd2 \u0d9a\u0dd3\u0dc0 \u0db8\u0dcf \u0dc0\u0dd0\u0dbb\u0daf\u0dd2 \u0db1\u0dd1 \u0d9a\u0dbb\u0dbd\u0dcf\r\n\u0db8\u0dcf \u0dc0\u0dd0\u0dbb\u0daf\u0dd2 \u0db1\u0dd1 \u0d9a\u0dbb\u0dbd\u0dcf\n\r\n\u0daf\u0dd2\u0dc0\u0dd2 \u0daf\u0dd9\u0dc0\u0dd0\u0db1\u0dd2 \u0d9a\u0dd9\u0dbb\u0dd4\u0dc0\u0dad\u0dca \u0db8\u0dcf\u0d9c\u0dda \u0db1\u0ddc\u0dbd\u0dd0\u0d9b\u0dd9\u0db1 \u0db1\u0dd2\u0dc3\u0dcf\r\n\u0dc4\u0dd0\u0db4\u0dd2 \u0dc4\u0dd0\u0db4\u0dd3 \u0dc4~\u0dcf \u0d94\u0db6 \u0db8\u0dad\u0dca\u0dad\u0dda \u0dc4\u0dd2\u0dad \u0dc3\u0dd0\u0db1\u0dc3\u0dd4\u0dc0\u0dcf\r\n\u0d9a\u0dc0\u0daf\u0dcf\u0daf \u0daf\u0dd0\u0db1\u0dd4\u0db1\u0dda \u0db8\u0dcf\u0dc0 \u0db4\u0dd2\u0da7 \u0d9a\u0dd9\u0db1\u0dd9\u0d9a\u0dd4 \u0dc3\u0dda \u0dc4\u0dd2\u0dad\u0dbd\u0dcf\r\n\u0dc4\u0dd0\u0db8\u0daf\u0dcf\u0db8 \u0dc0\u0dd0\u0dbb\u0daf\u0dd2\u0dba\u0dd2 \u0d9a\u0dd3\u0dc0 \u0db8\u0dcf \u0dc0\u0dd0\u0dbb\u0daf\u0dd2 \u0db1\u0dd1 \u0d9a\u0dbb\u0dbd\u0dcf\r\n\u0db8\u0dcf \u0dc0\u0dd0\u0dbb\u0daf\u0dd2 \u0db1\u0dd1 \u0d9a\u0dbb\u0dbd\u0dcf\n\r\n\u0daf\u0dd4\u0d9a \u0daf\u0dbb\u0dcf\u0d9c\u0db1\u0dca\u0db1......\n"
    },
    {
        "uuid": "061bf334-8a1e-11e9-a392-3863bb98c88b",
        "song": "Duka Nethe Purawala Inne Nam Sathutin Oya ",
        "singer": "Jude Rogance ",
        "lyricUnicode": "\u0daf\u0dd4\u0d9a \u0db1\u0dd9\u0dad\u0dda \u0db4\u0dd4\u0dbb\u0dc0\u0dbd\u0dcf \u0d89\u0db1\u0dca\u0db1\u0dda \u0db1\u0db8\u0dca \u0dc3\u0dad\u0dd4\u0da7\u0dd2\u0db1\u0dca \u0d94\u0dba\u0dcf\r\n\u0db8\u0dda \u0dc0\u0d9c\u0dda \u0dad\u0dc0\u0dd9\u0d9a\u0dd4\u0da7\u0dad\u0dca \u0dc0\u0dda\u0daf\u0db1\u0dcf \u0daf\u0dd9\u0db1\u0dca\u0db1\u0dd9\u0db4\u0dcf\r\n\u0d85\u0db4 \u0dc4\u0db8\u0dd4\u0dc0\u0db1\u0dd4 \u0db1\u0dd1 \u0db8\u0da7 \u0d94\u0db6 \u0dc4\u0dd2\u0db8\u0dd2 \u0db1\u0dd1\r\n\u0db8\u0dad\u0dd4 \u0dc3\u0dc3\u0dbb\u0dda \u0db4\u0dd4\u0dbb\u0dcf \u0dc4\u0ddd \u0db4\u0dad\u0db1\u0dd9\u0db8\u0dca \u0d94\u0db6 \u0db8\u0dcf \u0dc4\u0dd4\u0dc3\u0dca\u0db8\u0d9a\u0dca \u0db4\u0dcf\u0dc3\u0dcf\n\r\n\u0db8\u0dad\u0d9a\u0dda \u0db4\u0dd4\u0dbb\u0dcf \u0d94\u0db6\u0db8 \u0dad\u0db8\u0dcf \u0dc3\u0dd2\u0dc4\u0dd2\u0dc0\u0dd9\u0db1\u0dca\u0db1\u0dda \u0db8\u0da7 \u0dc3\u0dd0\u0db8\u0daf\u0dcf\r\n\u0d8b\u0dbb\u0dd4\u0db8 \u0d9a\u0dc5\u0dcf \u0d9a\u0db3\u0dd4\u0dc5\u0dd4 \u0d94\u0dba\u0dcf \u0d89\u0dbb\u0dab\u0db8 \u0d85\u0db4\u0dda \u0db8\u0dd9\u0dba \u0d9a\u0dd2\u0dba\u0dcf\r\n\u0d94\u0db6 \u0d89\u0db1\u0dca\u0db1 \u0db4\u0dd9\u0dbb\u0da7\u0dad\u0dca \u0dc0\u0da9\u0dcf \u0dba\u0dc4\u0dad\u0dd2\u0db1\u0dca\u0db8 \u0daf\u0dd2\u0dc0\u0dd2\u0dba\u0dda \u0dc3\u0db3\u0dcf\r\n\u0db8\u0d82 \u0dc0\u0dd2\u0db3\u0dd2\u0db1\u0dcf \u0daf\u0dd4\u0d9a \u0d9a\u0dd2\u0dc3\u0dd2\u0daf\u0dcf \u0dc0\u0dd2\u0db3\u0dc0\u0db1\u0dca\u0db1 \u0d94\u0db6 \u0db1\u0db8\u0dca \u0d91\u0db4\u0dcf\n\r\n\u0daf\u0dd4\u0d9a \u0db1\u0dd9\u0dad\u0dda.....\n\r\n\u0d9a\u0dd3\u0dc0 \u0db8\u0dd4\u0dc3\u0dcf \u0dba\u0db1\u0dca\u0db1 \u0daf\u0db8\u0dcf \u0db8\u0dcf \u0dc0\u0dd0\u0dbb\u0daf\u0dd2\u0d9a\u0dbb\u0dd4\u0dc0\u0dcf \u0d9a\u0dd2\u0dba\u0dcf\r\n\u0daf\u0dd2\u0db1\u0dd9\u0d9a \u0d94\u0dba\u0dcf \u0db4\u0dd2\u0dc5\u0dd2\u0d9c\u0dd9\u0db1 \u0db8\u0dcf \u0d91\u0db1\u0d9a\u0dbd\u0dca\u0db8 \u0d89\u0db1\u0dca\u0db1\u0dc0\u0dcf \u0db6\u0dbd\u0dcf\r\n\u0d94\u0db6 \u0d89\u0db1\u0dca\u0db1 \u0db4\u0dd9\u0dbb\u0da7\u0dad\u0dca \u0dc0\u0da9\u0dcf \u0dba\u0dc4\u0dad\u0dd2\u0db1\u0dca\u0db8 \u0daf\u0dd2\u0dc0\u0dd2\u0dba\u0dda \u0dc3\u0db3\u0dcf\r\n\u0db8\u0d82 \u0dc0\u0dd2\u0db3\u0dd2\u0db1\u0dcf \u0daf\u0dd4\u0d9a \u0d9a\u0dd2\u0dc3\u0dd2\u0daf\u0dcf \u0dc0\u0dd2\u0db3\u0dc0\u0db1\u0dca\u0db1 \u0d94\u0db6 \u0db1\u0db8\u0dca \u0d91\u0db4\u0dcf\n\r\n\u0daf\u0dd4\u0d9a \u0db1\u0dd9\u0dad\u0dda....."
    },
    {
        "uuid": "08259080-8a1e-11e9-91b8-3863bb98c88b",
        "song": "Duka Thiyama Oya Ada Duras Wela ",
        "singer": "Samantha Konara ",
        "lyricUnicode": "\u0daf\u0dd4\u0d9a \u0dad\u0dd2\u0dba\u0dcf\u0db8 \u0d94\u0dba\u0dcf \u0d85\u0daf \u0daf\u0dd4\u0dbb\u0dc3\u0dca \u0dc0\u0dd9\u0dbd\u0dcf //\r\n\u0dc4~\u0dc0\u0dcf \u0db8\u0dcf \u0dc4\u0dcf \u0d85\u0daf \u0dad\u0dbb\u0dc4\u0dcf \u0dc0\u0dd9\u0dbd\u0dcf\r\n\u0db1\u0dd2\u0daf\u0dd2 \u0db1\u0dd0\u0dad\u0dd2 \u0db8\u0dd4\u0dc5\u0dd4 \u0dbb\u0dd1 \u0db4\u0dd4\u0dbb\u0dcf \u0d94\u0db6 \u0db8\u0dad\u0d9a\u0dca \u0dc0\u0dd4\u0dab\u0dcf\r\n\u0dad\u0db1\u0dd2\u0d9a\u0da9 \u0dc4\u0dd2\u0dad \u0db4\u0dcf\u0dbb\u0dc0\u0dcf \u0d94\u0db6 \u0daf\u0dd4\u0dbb\u0dc3\u0dca \u0dc0\u0dd9\u0dbd\u0dcf\n\r\n\u0daf\u0dd4\u0dbb \u0db1\u0ddc\u0db4\u0dd9\u0db1\u0db1 \u0d86\u0daf\u0dbb\u0dda \u0dc5\u0d9f \u0d85\u0db4\u0dd2 \u0dad\u0dd4\u0dbb\u0dd4\u0dc5\u0dd4 \u0dc0\u0dd9\u0dbd\u0dcf\r\n\u0dc5\u0d82\u0dc0\u0dd4\u0dab \u0dc4\u0dd0\u0da7\u0dd2 \u0dc4\u0dd3\u0db1\u0dba\u0d9a\u0dca \u0dc3\u0dda \u0db8\u0dad\u0d9a\u0daf \u0db8\u0dcf \u0dc4\u0dcf\r\n\u0dad\u0db1\u0dd2\u0d9a\u0dbb\u0dbd\u0dcf \u0dba\u0db1\u0dca\u0db1 \u0d9c\u0dd2\u0dba\u0daf\u0dcf \u0db8\u0da7 \u0daf\u0dd4\u0d9a \u0dad\u0dd2\u0dba\u0dbd\u0dcf\r\n\u0db8\u0dad\u0d9a \u0db8\u0dad\u0d9a\u0dba\u0dda \u0dad\u0dd2\u0dba\u0dcf \u0d94\u0db6 \u0daf\u0dd4\u0dbb\u0d9a\u0da7 \u0d87\u0daf\u0dd4\u0db1\u0dcf\n\r\n\u0daf\u0dd4\u0d9a \u0dad\u0dd2\u0dba\u0dcf\u0db8 \u0d94\u0dba\u0dcf \u0d85\u0daf \u0daf\u0dd4\u0dbb\u0dc3\u0dca \u0dc0\u0dd9\u0dbd\u0dcf //\r\n\u0dc4\u0dac\u0dc0\u0dcf \u0db8\u0dcf \u0dc4\u0dcf \u0d85\u0daf \u0dad\u0dbb\u0dc4\u0dcf \u0dc0\u0dd9\u0dbd\u0dcf\r\n\u0db1\u0dd2\u0daf\u0dd2 \u0db1\u0dd0\u0dad\u0dd2 \u0db8\u0dd4\u0dc5\u0dd4 \u0dbb\u0dd1 \u0db4\u0dd4\u0dbb\u0dcf \u0d94\u0db6 \u0db8\u0dad\u0d9a\u0dca \u0dc0\u0dd4\u0dab\u0dcf\n\r\n\u0d91\u0d9a \u0dc3\u0dd0\u0dbb\u0dba\u0d9a\u0dca \u0d86\u0daf\u0dbb\u0dd9\u0db1\u0dca \u0d94\u0db6 \u0d87\u0dc0\u0dd2\u0dad\u0dca \u0dba\u0db1\u0dc0\u0daf\r\n\u0db8\u0dda \u0d85\u0db1\u0dca\u0dad\u0dd2\u0db8 \u0d86\u0daf\u0dbb\u0dda \u0daf\u0dd4\u0d9a \u0db1\u0dad\u0dbb \u0d9a\u0dbb\u0db1\u0dca\u0db1\r\n\u0dc4\u0dd0\u0db8\u0daf\u0dcf\u0db8\u0dad\u0dca \u0dc0\u0dda\u0daf\u0db1\u0dcf \u0db6\u0dd1 \u0db8\u0da7\u0db8 \u0dc0\u0dd2\u0db3\u0dd2\u0db1\u0dca\u0db1\r\n\u0db8\u0dad\u0d9a \u0db8\u0dad\u0d9a\u0dba\u0dda \u0dad\u0dd2\u0dba\u0dcf \u0d94\u0db6 \u0daf\u0dd4\u0dbb\u0d9a\u0da7 \u0dba\u0db1\u0dca\u0db1\n\r\n\u0daf\u0dd4\u0d9a \u0dad\u0dd2\u0dba\u0dcf\u0db8..."
    },
    {
        "uuid": "09ab5c6c-8a1e-11e9-a256-3863bb98c88b",
        "song": "Dukak Danenna Epa Obata Nam Kisidaa ",
        "singer": "Sandun Perera ",
        "lyricUnicode": "\u0daf\u0dd4\u0d9a\u0d9a\u0dca \u0daf\u0dd0\u0db1\u0dd9\u0db1\u0dca\u0db1 \u0d91\u0db4\u0dcf \u0d94\u0db6\u0da7 \u0db1\u0db8\u0dca \u0d9a\u0dd2\u0dc3\u0dd2\u0daf\u0dcf\r\n\u0d9c\u0dd2\u0dba\u0dad\u0dca \u0db8\u0d9c\u0dd9\u0db1\u0dca \u0db4\u0dd9\u0dbb\u0daf\u0dcf \u0db1\u0ddc\u0d9c\u0dd0\u0dbd\u0dd9\u0db4\u0dd9\u0db1 \u0db6\u0dc0 \u0d9a\u0dd2\u0dba\u0dcf\r\n\u0d94\u0db6 \u0db1\u0dd0\u0dad\u0dad\u0dca \u0d85\u0daf \u0d91\u0d9a \u0daf\u0dd9\u0dba\u0d9a\u0dca \u0db8\u0da7 \u0dc4\u0ddc\u0daf\u0dd2\u0db1\u0dca \u0dc0\u0dd2\u0dc1\u0dca\u0dc0\u0dcf\u0dc3\u0dba\u0dd2\r\n\u0db8\u0db8 \u0dc4\u0dac\u0db1 \u0dc4\u0dd0\u0da7\u0dd2 \u0d94\u0db6 \u0daf\u0dd4\u0da7\u0dd4\u0dc0\u0dcf \u0db1\u0db8\u0dca \u0d94\u0db6\u0dad\u0dca \u0d85\u0dac\u0db1\u0dc0\u0dcf\u0db8\u0dba\u0dd2\r\n\u0daf\u0dd4\u0d9a\u0d9a\u0dca \u0daf\u0dd0\u0db1\u0dd9\u0db1\u0dca\u0db1 \u0d91\u0db4\u0dcf \u0d94\u0db6\u0da7 \u0db1\u0db8\u0dca \u0d9a\u0dd2\u0dc3\u0dd2\u0daf\u0dcf\n\r\n\u0dbb\u0db1\u0dca\u0da9\u0dd4 \u0d9a\u0dbb\u0dbd\u0dcf \u0daf\u0dc0\u0dc3 \u0d9c\u0dd9\u0dc0\u0dbd\u0dcf \u0db6\u0dd0\u0db1\u0dd4\u0db8\u0dca \u0d85\u0dc4\u0d9c\u0dd9\u0db1 \u0db8\u0dcf\r\n\u0dc4\u0dd2\u0da7\u0dd2\u0dba\u0dda \u0db1\u0dd2\u0dc4\u0dac\u0dc0 \u0d86\u0daf\u0dbb\u0dda \u0dc4\u0dd2\u0db1\u0dca\u0daf\u0dcf\r\n\u0dc4\u0ddc\u0daf\u0dd2\u0db1\u0dca \u0d87\u0dad\u0dd2\u0db1\u0db1\u0db8\u0dca \u0d94\u0dba\u0dcf \u0d9a\u0db8\u0d9a\u0dca \u0db1\u0dd1 \u0db8\u0da7 \u0dc3\u0daf\u0dcf\r\n\u0d94\u0db6 \u0db1\u0dd0\u0dad\u0dad\u0dca \u0d85\u0daf \u0d91\u0d9a \u0daf\u0dd9\u0dba\u0d9a\u0dca \u0db8\u0da7 \u0dc4\u0ddc\u0daf\u0dd2\u0db1\u0dca \u0dc0\u0dd2\u0dc1\u0dca\u0dc0\u0dcf\u0dc3\u0dba\u0dd2\r\n\u0db8\u0db8 \u0dc4\u0dac\u0db1 \u0dc4\u0dd0\u0da7\u0dd2 \u0d94\u0db6 \u0daf\u0dd4\u0da7\u0dd4\u0dc0\u0dcf \u0db1\u0db8\u0dca \u0d94\u0db6\u0dad\u0dca \u0d85~\u0dac\u0db1\u0dc0\u0dcf\u0db8\u0dba\u0dd2\r\n\u0daf\u0dd4\u0d9a\u0d9a\u0dca \u0daf\u0dd0\u0db1\u0dd9\u0db1\u0dca\u0db1 \u0d91\u0db4\u0dcf \u0d94\u0db6\u0da7 \u0db1\u0db8\u0dca \u0d9a\u0dd2\u0dc3\u0dd2\u0daf\u0dcf\n\r\n\u0dc0\u0dd0\u0dbb\u0daf\u0dd2 \u0dc4\u0dd0\u0daf\u0dd2\u0dbd\u0dcf \u0d94\u0db6 \u0d91\u0db1\u0dad\u0dd4\u0dbb\u0dcf \u0db8\u0d9c \u0db6\u0dbd\u0db1\u0dca \u0d89\u0daf\u0dbd\u0dcf\r\n\u0dad\u0dc0\u0db8 \u0db1\u0dd0\u0dc4\u0dd0 \u0db8\u0da7 \u0dc3\u0dd0\u0db1\u0dc3\u0dd4\u0db8\u0d9a\u0dca \u0dbd\u0dd0\u0db6\u0dd2\u0dbd\u0dcf\r\n\u0db8\u0dd0\u0dbb\u0dd9\u0db1\u0dca\u0db1\u0da7 \u0d9a\u0dbd\u0dca \u0dad\u0dd2\u0dba\u0dcf \u0daf\u0dd4\u0da7\u0dd4\u0dc0\u0ddc\u0dad\u0dd2\u0db1\u0dca \u0d87\u0dad\u0dd2 \u0d94\u0dba\u0dcf\n\r\n\u0daf\u0dd4\u0d9a\u0d9a\u0dca \u0daf\u0dd0\u0db1\u0dd9\u0db1\u0dca\u0db1 \u0d91\u0db4\u0dcf....."
    },
    {
        "uuid": "0aaaf4ca-8a1e-11e9-bdf0-3863bb98c88b",
        "song": "Dukama Vindala Oya Hinda ",
        "singer": "Ruwan Hettiarachchi ",
        "lyricUnicode": "\u0daf\u0dd4\u0d9a\u0db8 \u0dc0\u0dd2\u0db3\u0dbd\u0dcf \u0d94\u0dba\u0dcf \u0dc4\u0dd2\u0db1\u0dca\u0daf\u0dcf\r\n\u0dad\u0dc0\u0db8 \u0db1\u0dd0\u0dc4\u0dd0 \u0db8\u0d82 \u0dc3\u0dad\u0dd4\u0da7 \u0dbd\u0db6\u0dbd\u0dcf\r\n\u0dc3\u0dd2\u0dad\u0db8 \u0dbb\u0dd2\u0daf\u0dc0\u0dcf \u0d9c\u0dd2\u0dba\u0dcf \u0d9a\u0dd2\u0dba\u0dbd\u0dcf\r\n\u0d94\u0db6\u0da7 \u0db1\u0dd0\u0dc4\u0dd0 \u0db8\u0d82 \u0dc0\u0ddb\u0dbb \u0d9a\u0dbb\u0dbd\u0dcf\n\r\n\u0d9a\u0dbd\u0db6\u0dbd \u0dc0\u0dd9\u0dbd\u0dcf \u0db4\u0dd4\u0d82\u0da0\u0dd2 \u0daf\u0dda\u0da7\u0dad\u0dca\r\n\u0dbb\u0db1\u0dca\u0da9\u0dd4 \u0dc3\u0dbb\u0dd4\u0dc0\u0dbd\u0dca \u0db1\u0ddc\u0d9a\u0dbb \u0db4\u0dd9\u0dbb\u0daf\u0dcf\r\n\u0d85\u0db4\u0dd2 \u0dc4\u0dd2\u0da7\u0dd2\u0dba\u0db1\u0db8\u0dca \u0dad\u0dda\u0dbb\u0dd4\u0db8\u0dca \u0d85\u0dbb\u0db1\u0dca\r\n\u0d85\u0daf\u0da7\u0dad\u0dca \u0db8\u0d9c\u0dda \u0dc0\u0dd2\u0dad\u0dbb\u0dba\u0dd2 \u0d94\u0dba\u0dcf\n\r\n\u0db8\u0dad\u0d9a \u0d85\u0dad\u0dbb\u0dd2\u0db1\u0dca \u0db4\u0dd9\u0db1\u0dd9\u0db1\u0dc0\u0dcf\r\n\u0d94\u0db6 \u0d9c\u0dd2\u0dba\u0db4\u0dd4 \u0daf\u0dd4\u0dbb \u0daf\u0db8\u0dcf\r\n\u0d91\u0dc0\u0dd2\u0da7 \u0d9a\u0db3\u0dd4\u0dbd\u0d9a\u0dca \u0dc0\u0dd0\u0da7\u0dd4\u0db1\u0dd9 \u0daf\u0dd9\u0db1\u0dd9\u0dad\u0dd2\u0db1\u0dca\r\n\u0d89\u0db1\u0dca\u0db1 \u0db6\u0dd0\u0dbb\u0dd2 \u0dad\u0dd0\u0db1 \u0d89\u0dc0\u0dc3\u0dcf\n\r\n\u0d9a\u0dbd\u0db6\u0dbd \u0dc0\u0dd9\u0dbd\u0dcf..... \n\r\n\u0dad\u0dc0\u0db8 \u0d91\u0dbd\u0dd9\u0dc3\u0dd2\u0db1\u0dca \u0dad\u0dd2\u0dba\u0dd9\u0db1\u0dc0\u0dcf\r\n\u0d94\u0db6\u0da7 \u0d9c\u0dd0\u0dad\u0dd2 \u0dc3\u0dd2\u0dad \u0dc3\u0daf\u0dcf\r\n\u0daf\u0dd2\u0db1\u0dd9\u0d9a \u0db1\u0dd0\u0dc0\u0dad\u0dad\u0dca \u0d91\u0db1\u0dca\u0db1 \u0dc4\u0dd0\u0d9a\u0dd2\u0db1\u0db8\u0dca\r\n\u0db8\u0d9c\u0dda \u0dc3\u0dd9\u0dc0\u0db1\u0da7 \u0db4\u0dd2\u0dba\u0db9\u0dcf\n\r\n\u0d9a\u0dbd\u0db6\u0dbd \u0dc0\u0dd9\u0dbd\u0dcf..... \r\n\u0daf\u0dd4\u0d9a\u0db8 \u0dc0\u0dd2\u0db3\u0dbd\u0dcf..... \r\n\u0d9a\u0dbd\u0db6\u0dbd \u0dc0\u0dd9\u0dbd\u0dcf..... "
    },
    {
        "uuid": "0b28675a-8a1e-11e9-b124-3863bb98c88b",
        "song": "Dukedi Hadumata Sapedi Sinasennata Laga Idan ",
        "singer": "T M Jayarathna ",
        "lyricUnicode": "\u0daf\u0dd4\u0d9a\u0dda\u0daf\u0dd3 \u0dc4\u0dd0\u0dac\u0dd4\u0db8\u0da7 \u0dc3\u0dd0\u0db4\u0dda\u0daf\u0dd3 \r\n\u0dc3\u0dd2\u0db1\u0dcf\u0dc3\u0dd9\u0db1\u0dca\u0db1\u0da7 \u0dbd\u0d9f \u0dc4\u0dd2\u0daf\u0db1\u0dca\r\n\u0dad\u0dc0\u0dad\u0dca \u0d85\u0db8\u0dca\u0db8\u0dcf \u0d9a\u0dd9\u0db1\u0dd9\u0d9a\u0dd4 \u0d87\u0dad\u0dca\u0db1\u0db8\u0dca\r\n\u0db1\u0dd4\u0db9\u0dba\u0dd2 \u0d92 \u0d85\u0db8\u0dca\u0db8\u0dcf\r\n\u0dc3\u0ddc\u0daf\u0dd4\u0dbb\u0dd2\u0dba\u0dd9 \u0db1\u0dd4\u0db9\u0dba\u0dd2 \u0d92 \u0d85\u0db8\u0dca\u0db8\u0dcf\n\r\n\u0d85\u0dc4\u0dc3 \u0db8\u0dd9\u0db1\u0dca \u0dbd\u0dad\u0dca \u0da0\u0ddd\u0daf\u0db1\u0dcf\r\n\u0db4\u0ddc\u0dc5\u0dc0 \u0db8\u0dd9\u0db1\u0dca \u0daf\u0dd4\u0d9a\u0dca \u0d8b\u0dc4\u0dd4\u0dbd\u0db1\u0dcf //\r\n\u0db8\u0dd1\u0dab\u0dd2\u0dba\u0db1\u0dca\u0d9c\u0dda \u0dc3\u0dd9\u0db1\u0dd9\u0dc4\u0dc3\u0dd2\u0db1\u0dca \u0db8\u0dd4\u0dbd\u0dca \u0dc0\u0dbb\u0da7 \u0d89\u0db4\u0dd0\u0daf\u0dd3\u0dbd\u0dcf\r\n\u0dc3\u0ddc\u0daf\u0dd4\u0dbb\u0dd2\u0dba\u0dda \u0db1\u0dd4\u0db9\u0dd9 \u0dc3\u0dd9\u0db1\u0dd9\u0dc4\u0dc3\u0dd2\u0db1\u0dca \u0d89\u0db8\u0dd2 \u0dbd\u0ddc\u0dc0\u0dd9\u0dc4\u0dd2 \u0dbb\u0da2\u0dc0\u0dd3\u0dbd\u0dcf\n\r\n\u0daf\u0dd4\u0d9a\u0dda\u0daf\u0dd3 \u0dc4\u0dd0\u0dac\u0dd4\u0db8\u0da7...\n\r\n\u0dc3\u0dd2\u0dad\u0da7 \u0dc3\u0dd0\u0db1\u0dc3\u0dd4\u0db8\u0dca \u0d9a\u0dbd\u0dca\u0db4\u0db1\u0dcf\r\n\u0d9c\u0dd9\u0db1\u0dd9\u0db1 \u0db6\u0dcf\u0db0\u0dcf \u0dc0\u0dcf\u0dc3\u0db1\u0dcf //\r\n\u0dad\u0db1\u0dcf \u0da7\u0da2\u0dca \u0db8\u0dc4\u0dbd\u0dba\u0d9a\u0dca \u0db4\u0dd2\u0dc0\u0dd2\u0dad\u0dd4\u0dbb\u0dd4 \u0dc3\u0dd9\u0db1\u0dd9\u0dc4\u0dd9 \u0d9c\u0d82\u0dad\u0dd3\u0dbb\u0dda\r\n\u0dc3\u0ddc\u0daf\u0dd4\u0dbb\u0dd2\u0dba\u0dda \u0db1\u0dd4\u0db9\u0dd9 \u0dbb\u0dd4\u0dc0 \u0db8\u0dc0\u0dcf\u0d9c\u0db8\u0dd2 \u0db8\u0dc4\u0daf \u0db8\u0d82\u0daf\u0dd2\u0dbb\u0dda\n\r\n\u0daf\u0dd4\u0d9a\u0dda\u0daf\u0dd3 \u0dc4\u0dd0\u0dac\u0dd4\u0db8\u0da7..."
    },
    {
        "uuid": "10cd9bc2-8a1e-11e9-bb3a-3863bb98c88b",
        "song": "Dura Atha Deshayaka ",
        "singer": "Dayan Witharana ",
        "lyricUnicode": "\u0daf\u0dd4\u0dbb \u0d88\u0dad \u0daf\u0dda\u0dc1\u0dba\u0d9a \u0dad\u0dc0 \u0db1\u0ddc\u0daf\u0dad\u0dca \u0db1\u0d9c\u0dbb\u0dba\u0d9a\r\n\u0dc3\u0dd3\u0dad\u0dbd\u0dd9\u0db1\u0dca \u0daf\u0dd9\u0d9a\u0ddc\u0db4\u0dd4\u0dbd\u0dd9\u0db1\u0dca \u0dc0\u0dc3\u0db1\r\n\u0db1\u0dcf\u0db3\u0dd4\u0db1\u0db1 \u0dc3\u0dd4\u0dc5\u0d82 \u0dbb\u0dd0\u0dc5\u0dd2 \u0d85\u0dad\u0dbb\r\n\u0dad\u0db1\u0dd2\u0d9a\u0db8\u0dd9\u0db1\u0dca \u0dc3\u0dd2\u0dad \u0daf\u0dd2\u0dc0\u0dd9\u0db1\r\n\u0dad\u0db1\u0dd2\u0d9a\u0db8\u0dd9\u0db1\u0dca \u0dc3\u0dd2\u0dad \u0daf\u0dd2\u0dc0\u0dd9\u0db1\n\r\n\u0db4\u0dbb\u0dc0\u0d9c\u0dd2\u0dba \u0db8\u0dbd\u0dca \u0db4\u0dd2\u0db4\u0dd4\u0dab\u0dd4\r\n\u0dc3\u0dd0\u0d9f\u0dc0 \u0d9c\u0dd2\u0dba \u0dc3\u0dd9\u0db1\u0dd9\u0dc4\u0dc3\u0d9a\r\n\u0d9a\u0dc0\u0dd2 \u0db4\u0dd9\u0dc5\u0dd9\u0db1\u0dca \u0db4\u0dd9\u0dc5\u0d9c\u0dd0\u0dc3\u0dd9\u0db1\r\n\u0db4\u0daf \u0d85\u0dad\u0dbb\r\n\u0dad\u0db1\u0dd2\u0d9a\u0db8\u0dd9\u0db1\u0dca \u0dc3\u0dd2\u0dad \u0daf\u0dd2\u0dc0\u0dd9\u0db1\r\n\u0dad\u0db1\u0dd2\u0d9a\u0db8\u0dd9\u0db1\u0dca \u0dc3\u0dd2\u0dad \u0daf\u0dd2\u0dc0\u0dd9\u0db1\n\r\n\u0dc0\u0dc3\u0dad\u0dca \u0dc4\u0dd2\u0dbb\u0dd4 \u0db6\u0dd0\u0dc3 \u0dba\u0db1\u0dd9\u0db1\r\n\u0d85\u0dc4\u0db9\u0dd4 \u0dc3\u0dc0\u0dc3\u0d9a \u0d9a\u0da9\u0dad\u0dd2\u0dbb\u0d9a\r\n\u0db4\u0dcf\u0dbd\u0dd6 \u0d9a\u0dd4\u0da7\u0dd2\u0dba\u0d9a \u0daf\u0dc3\u0dd4\u0db1\u0dca \u0db4\u0dd2\u0dbb\u0dd2\u0db8\u0dd0\u0daf\r\n\u0db4\u0dd2\u0db4\u0dda\u0dc0\u0dd2\u0daf \u0db8\u0dbd\u0dca\r\n\u0dc3\u0dd2\u0dc4\u0dd2\u0db1\u0dd9\u0d9a\u0dd2\u0db1\u0dca\u0dc0\u0dad\u0dca \u0dc4\u0dd2\u0db1\u0dd0\u0dc4\u0dd9\u0db1\r\n\u0dc3\u0dd2\u0dc4\u0dd2\u0db1\u0dd9\u0d9a\u0dd2\u0db1\u0dca\u0dc0\u0dad\u0dca \u0dc4\u0dd2\u0db1\u0dd0\u0dc4\u0dd9\u0db1\n\r\n\u0daf\u0dd4\u0dbb \u0d88\u0dad \u0daf\u0dda\u0dc1\u0dba\u0d9a..."
    },
    {
        "uuid": "124044ac-8a1e-11e9-9ff1-3863bb98c88b",
        "song": "Dura Atha Sulangeda Pawi Hamanne ",
        "singer": "Uresha Ravihari ",
        "lyricUnicode": "\u0daf\u0dd4\u0dbb \u0d88\u0dad \u0dc3\u0dd4\u0dbd\u0dd9\u0d9f\u0dca\u0daf \u0db4\u0dcf\u0dc0\u0dd3 \u0dc4\u0db8\u0db1\u0dca\u0db1\u0dda\r\n\u0d8b\u0db4\u0db1\u0dd6\u0db4\u0db1\u0dca \u0dc4\u0dd0\u0db8 \u0dc0\u0dcf\u0dbb\u0dba\u0dda\r\n\u0db8\u0dd4\u0daf\u0dd4 \u0dc3\u0dd3\u0dad \u0dc3\u0dd4\u0dc0\u0db3\u0dda\u0daf \u0db8\u0dd4\u0dc3\u0dd4\u0dc0\u0dd3 \u0daf\u0dd0\u0db1\u0dd9\u0db1\u0dca\u0db1\u0dda \r\n\u0dc3\u0d82\u0dc3\u0dcf\u0dbb \u0d86\u0dbb\u0dab\u0dca\u0dca\u200d\u0dba\u0dba\u0dda\r\n\u0db6\u0dd2\u0d9f= \u0d9c\u0dcf\u0dba\u0db1\u0dcf \u0dc3\u0ddc\u0dba\u0dcf \u0db8\u0dda\r\n\u0db4\u0dd9\u0dbb \u0d87\u0dc3\u0dd4\u0dbb\u0daf\u0ddd \u0dc4\u0dd0\u0dd9\u0d9f\u0db1\u0dca\u0db1\u0dda\r\n\u0d8b\u0db1\u0dca\u0db8\u0dcf\u0daf \u0dba\u0dd9\u0ddf\u0dc0\u0db1\u0dba \u0dc0\u0dd2\u0dc3\u0dd2\u0dbb\u0dd3 \u0d9c\u0dd2\u0dba\u0dcf\u0dc0\u0dda\r\n\u0db8\u0dda \u0dbb\u0db8\u0dca\u200d\u0dba \u0db8\u0dd2\u0da7\u0dd2\u0dba\u0dcf\u0dc0\u0dad\u0dda\n\r\n\u0db4\u0dd2\u0dba\u0dba\u0dcf\u0dab\u0db1\u0dda \u0dc4\u0daf \u0dc0\u0dd2\u0dbd\u0dca \u0da2\u0dbd\u0dda \u0d89\u0db4\u0dd2\u0dbd\u0dd3 \u0db1\u0dd0\u0d9c\u0dda \u0dad\u0dbb\u0d82\u0d9c\u0dcf\r\n\u0db6\u0ddc\u0db3 \u0db8\u0dd3\u0daf\u0dd4\u0db8\u0dda \u0db1\u0dd9\u0dad\u0dd4 \u0db8\u0dcf\u0dba\u0dd2\u0db8\u0dda \u0dc3\u0dd0\u0d9f\u0dc0\u0dd3 \u0db4\u0dd2\u0db4\u0dda \u0db4\u0dca\u200d\u0dbb\u0dcf\u0dbb\u0dca\u0dae\u0db1\u0dcf\r\n\u0dad\u0dd4\u0dbb\u0dd4\u0dc0\u0dd0\u0dbd\u0dca  \u0dc0\u0dd2\u0db8\u0dcf\u0db1\u0dda \u0dbb\u0dd0\u0dc0\u0dca \u0daf\u0dd9\u0db1\u0dca\u0db1\u0dda \r\n\u0db8\u0dda \u0dc0\u0dd2\u0dc4\u0d9f \u0d9c\u0dd3 \u0d9c\u0dcf\u0dba\u0db1\u0dcf\n\r\n\u0d9c\u0dd2\u0db8\u0dc4\u0dcf\u0db1\u0dba\u0dda \u0dc4\u0dda\u0db8\u0db1\u0dca\u0dad\u0dba\u0dda \u0d94\u0db6\u0db8\u0dba\u0dd2 \u0db8\u0d9c\u0dda \u0dc0\u0dc3\u0db1\u0dca\u0dad\u0dda\r\n\u0dc3\u0dd2\u0dc4\u0dd2\u0dbd\u0dd0\u0dbd\u0dca \u0db1\u0ddc\u0dc0\u0dda \u0dc0\u0dc3\u0dca\u0dc3\u0dcf\u0db1\u0dba\u0dda \u0d8b\u0dab\u0dd4\u0dc4\u0dd4\u0db8 \u0db4\u0dd2\u0dbb\u0dda \u0db4\u0dd9\u0db8\u0dca \u0dc3\u0dd2\u0dad\u0dda\r\n\u0d9a\u0dc0\u0dd2\u0d9a\u0db8\u0dca \u0dc0\u0dd2\u0dbd\u0dcf\u0dc3\u0dd9\u0db1\u0dca \u0dbd\u0dd2\u0dba\u0dc0\u0dd9\u0db1\u0dca\u0db1\u0dda \r\n\u0db8\u0dda \u0dc3\u0ddc\u0db3\u0dd4\u0dbb\u0dd4 \u0dc3\u0d82\u0d9c\u0dcf\u0dba\u0db1\u0dcf\n\r\n\u0daf\u0dd4\u0dbb \u0d88\u0dad.....\n"
    },
    {
        "uuid": "13e9d4ca-8a1e-11e9-a99b-3863bb98c88b",
        "song": "Duraka Sita Dutu Numbe Sandawatha ",
        "singer": "Krishantha Erandaka ",
        "lyricUnicode": "\u0daf\u0dd4\u0dbb\u0d9a \u0dc3\u0dd2\u0da7 \u0daf\u0dd4\u0da7\u0dd4 \u0db1\u0dd4\u0db9\u0dda \u0dc3\u0db3\u0dc0\u0dad\r\n\u0db8\u0db1\u0dbb\u0db8\u0dca\u0daf \u0d9a\u0ddc\u0dad\u0dbb\u0db8\u0dca\r\n\u0d9a\u0dbd\u0dcf \u0dc3\u0ddc\u0dc5\u0dc3\u0d9a\u0dca \u0db4\u0dd2\u0dbb\u0dd4\u0dab\u0dd4 \u0dc3\u0db3 \u0db8\u0dd9\u0db1\u0dca \r\n\u0daf\u0dd4\u0da7\u0dd4\u0dc0\u0dd9 \u0dc4\u0dbb\u0dd2 \u0db8\u0db1\u0dbb\u0db8\u0dca\r\n\u0daf\u0dd0\u0dab\u0dd4\u0db1\u0dda \u0dc3\u0dd2\u0dad\u0dca \u0dbd\u0ddc\u0db6\u0d9a\u0db8\u0dca\n\r\n\u0db1\u0dd3\u0dbd \u0db1\u0dd9\u0dad\u0dd4 \u0db8\u0dad \u0daf\u0dd4\u0da7\u0dd4\u0dc0 \u0db4\u0dd9\u0db8\u0dca \u0db8\u0dbd\r\n\u0dc3\u0dd4\u0db4\u0dd2\u0db4\u0dd2\u0daf\u0dcf \u0dbb\u0dc4\u0dc3\u0dd2\u0db1\u0dca\r\n\u0daf\u0dc4\u0d9a\u0dca \u0d9a\u0dc0\u0dd2 \u0db4\u0daf \u0dbd\u0dd2\u0dba\u0dd0\u0dc0\u0dd4\u0dab\u0dcf \u0db8\u0d9c\u0dd9 \r\n\u0dc4\u0daf\u0dc0\u0dad\u0dda \u0d9c\u0dd0\u0db9\u0dd4\u0dbb\u0dd2\u0db1\u0dca\r\n\u0d85\u0dbb\u0dd4\u0db8\u0dba\u0d9a\u0dd2 \u0d9a\u0dc0\u0dd2\u0d9a\u0db8\u0dca\n\r\n\u0db1\u0dd9\u0dbd\u0dcf \u0d9c\u0dad\u0dca \u0daf\u0dcf \u0dc3\u0dd2\u0dad\u0dd0\u0d9f\u0dd2 \u0dc4\u0daf \u0db8\u0dbd\r\n\u0d9a\u0db3\u0dd4\u0dc5\u0dd4 \u0db6\u0dd2\u0db3\u0dd4 \u0dc0\u0db4\u0dd4\u0dbb\u0db8\u0dca\r\n\u0daf\u0dd4\u0dbb\u0dd2\u0db1\u0dca \u0daf\u0dd4\u0da7\u0dd4 \u0dc3\u0db3 \u0dc0\u0dad\u0dda \u0dbb\u0dd4\u0dc0 \u0db1\u0dd0\u0dad\r\n\u0dc5\u0d9f\u0da7 \u0d87\u0dba\u0dd2 \u0dc5\u0dad\u0dd0\u0dc0\u0dd4\u0dbd\u0dca\r\n\u0d85\u0dbb\u0dd4\u0db8 \u0daf\u0dc4\u0db8\u0d9a\u0dd2 \u0db4\u0dd9\u0db8\u0dca\n\r\n\u0daf\u0dd4\u0dbb\u0d9a \u0dc3\u0dd2\u0da7 \u0daf\u0dd4\u0da7\u0dd4......"
    },
    {
        "uuid": "148f9788-8a1e-11e9-b1e0-3863bb98c88b",
        "song": "Durakathanayakin Mama Oba Amathami ",
        "singer": "H R Jothipala ",
        "lyricUnicode": "\u0daf\u0dd4\u0dbb\u0d9a\u0dad\u0db1\u0dba\u0d9a\u0dd2\u0db1\u0dca \u0db8\u0db8 \u0d94\u0db6 \u0d85\u0db8\u0dad\u0db8\u0dd2\r\n\u0dc4\u0db8\u0dd4\u0dc0\u0dd2\u0dba \u0db1\u0ddc\u0dc4\u0dd0\u0d9a\u0dd2 \u0db1\u0dd2\u0dc3\u0dcf\r\n\u0db8\u0d9c\u0dda \u0dc4\u0dd2\u0dad \u0dc4\u0daf\u0dd4\u0db1\u0db1 \u0d94\u0db6 \u0db4\u0dd2\u0dbd\u0dd2\u0d9c\u0dad\u0dca\u0dad\u0daf\r\n\u0d87\u0dad\u0dd0\u0db8\u0dd4\u0db1\u0dca \u0d9a\u0dd2\u0dba\u0db1 \u0db8\u0dd4\u0dc3\u0dcf\n\r\n\u0dc3\u0dba\u0dd4\u0dbb\u0da7 \u0dbb\u0dc5 \u0db8\u0dd9\u0db1\u0dca \u0dc0\u0dd9\u0dbb\u0dc5\u0da7 \u0dbb\u0dd0\u0dc5\u0dd3 \u0db8\u0dd9\u0db1\u0dca\r\n\u0d85\u0db4 \u0db6\u0dd0\u0daf\u0dd2\u0dbd\u0dcf \u0d8b\u0db1\u0dca\u0db1\u0dda\r\n\u0dad\u0ddc\u0da7\u0dd4\u0db4\u0dbd \u0dc4\u0dd0\u0dbb\u0dba\u0db1 \u0db1\u0dde\u0d9a\u0dcf\u0dc0\u0d9a\u0dca \u0db8\u0dd9\u0db1\u0dd2\r\n\u0d94\u0db6 \u0d87\u0daf\u0dd2\u0dbd\u0dcf \u0dba\u0db1\u0dca\u0db1\u0dda\n\r\n\u0db8\u0da7 \u0dad\u0dc0 \u0db8\u0dad\u0d9a\u0dba\u0dd2 \u0db8\u0d9c\u0dda \u0db8\u0dd4\u0dbd\u0dca \u0d9c\u0dd3\u0dad\u0dba\u0dda\r\n\u0dad\u0db1\u0dd4\u0dc0 \u0d9a\u0dd2\u0dba\u0dcf \u0daf\u0dd4\u0db1\u0dca\u0db1\u0dcf\r\n\u0dba\u0db1 \u0dad\u0dd0\u0db1 \u0db1\u0dd2\u0dbb\u0dad\u0dd4\u0dbb\u0dd4 \u0db4\u0dc4\u0db1\u0d9a\u0dca \u0d85\u0dbb\u0d9c\u0dd9\u0db1 \r\n\u0db4\u0dc3\u0dd4 \u0db4\u0dc3 \u0db4\u0dd2\u0dba \u0db8\u0dd0\u0db1\u0dca\u0db1\u0dcf\n\r\n\u0d94\u0db6\u0db8\u0dba\u0dd2 \u0d86\u0dc0\u0dda \u0d94\u0db6\u0db8\u0dba\u0dd2 \u0dba\u0db1\u0dca\u0db1\u0dda\r\n\u0db8\u0dcf \u0d91\u0dad\u0db1\u0db8 \u0d91\u0dc4\u0dd9\u0db8\u0dba\u0dd2\r\n\u0db1\u0dd2\u0daf\u0dd4\u0d9a\u0dd2\u0db1\u0dca \u0d89\u0db1\u0dd4\u0db8\u0dd0\u0db1 \u0d94\u0db6 \u0dc3\u0dad\u0dd4\u0da7\u0dd2\u0db1\u0dca \u0db1\u0db8\u0dca\r\n\u0db8\u0d9c\u0dda \u0dc3\u0dad\u0dd4\u0da7\u0daf \u0d91\u0dba\u0db8\u0dba\u0dd2\n\r\n\u0daf\u0dd4\u0dbb\u0d9a\u0dad\u0db1\u0dba\u0d9a\u0dd2\u0db1\u0dca..... "
    },
    {
        "uuid": "1a9e3234-8a1e-11e9-b519-3863bb98c88b",
        "song": "Duwani (Hithenawa Mamath Piyeku Wuwai) ",
        "singer": "Mihindu Ariyaratne ",
        "lyricUnicode": "\u0dc4\u0dd2\u0dad\u0dd9\u0db1\u0dc0\u0dcf \u0db8\u0db8\u0dad\u0dca \u0db4\u0dd2\u0dba\u0dd9\u0d9a\u0dd4 \u0dc0\u0dd6\u0dc0\u0dd0\u0dba\u0dd2 \r\n\u0db4\u0dd9\u0dbb \u0db4\u0dd9\u0db8\u0dca \u0d9a\u0dd9\u0dbb\u0dd6 \u0d87\u0dba \u0db8\u0dc0\u0d9a\u0dca \u0dc0\u0dd6\u0dc0 \u0daf\u0dc0\u0dc3\u0dda\r\n\u0d9a\u0dd4\u0dbd\u0dd4\u0daf\u0dd4\u0dbd\u0dda \u0d87\u0dba \u0dc0\u0dd0\u0daf\u0dd4\u0dc0\u0dda  \u0db8\u0d9c\u0dda \u0dc3\u0dd2\u0dc4\u0dd2\u0db1\u0dda \r\n\u0dc4\u0dd2\u0db8\u0dd2 \u0db1\u0dd0\u0dad\u0dad\u0dca \u0db8\u0da7 \u0dc0\u0db1\u0dca\u0db1\u0da7 \u0db4\u0dd2\u0dba \u0d8b\u0dbb\u0dd4\u0db8\u0dda\r\n\u0db1\u0ddc\u0dc0\u0dd4\u0db1\u0dad\u0dca \u0d87\u0dba \u0db8\u0d9c\u0dda \u0daf\u0dd4\u0dc0\u0db1\u0dd2 \r\n\u0d85\u0db4\u0dd2 \u0db8\u0dd0\u0dc0\u0dca \u0dc3\u0dd2\u0dc4\u0dd2\u0db1\u0dda \u0dc3\u0dd2\u0da7\u0dd2\u0dba\u0dda \u0d87\u0dba\u0dba\u0dd2\n\r\n\u0d85\u0db4 \u0db8\u0dd0\u0dc0\u0dd4 \u0dc3\u0dd2\u0dc4\u0dd2\u0db1\u0dba\u0dda \u0db1\u0dd2\u0db8\u0dca \u0dc4\u0dd2\u0db8\u0dca \u0dc3\u0ddc\u0dba\u0dcf\r\n\u0d85\u0daf \u0dc0\u0dd4\u0db1\u0dad\u0dca \u0db8\u0dcf \u0dc3\u0dd2\u0dad\u0dd2\u0db1\u0dca \u0dba\u0db1\u0dd9\u0db1\u0dcf \u0db1\u0dd2\u0dc3\u0dcf \r\n\u0db1\u0db8 \u0db1\u0ddc\u0daf\u0db1\u0dca\u0db1 \u0db8\u0dcf\u0d9c\u0dda \u0daf\u0dd4\u0dc0\u0db1\u0dd2 \r\n\u0db8\u0dcf \u0db1\u0ddc\u0daf\u0db1\u0dca\u0db1 \u0db8\u0dcf\u0d9c\u0dda \u0daf\u0dd4\u0dc0\u0db1\u0dd2\r\n\u0d85\u0db4\u0d9c\u0dda \u0dc4\u0dd3\u0db1\u0dda \u0dc4\u0dd0\u0da9 \u0d9a\u0dd9\u0dbb\u0dd6 \u0d9a\u0dd4\u0db8\u0dbb\u0dd3\n\r\n\u0db4\u0dd9\u0db8\u0dca\u0dc0\u0dad\u0dd3 \u0d87\u0dba \u0db4\u0dd9\u0dbb \u0db8\u0d9c\u0dda \u0dbd\u0ddd\u0d9a\u0dba\u0dda \r\n\u0dc0\u0dd9\u0db1\u0dca\u0dc0 \u0d9c\u0dd2\u0dba\u0dda \u0d85\u0db4\u0dd2 \u0db4\u0dd2\u0db1\u0dad\u0dca \u0db8\u0daf\u0dd2 \u0dc0\u0dd3 \u0dbd\u0ddc\u0dc0\u0dda \r\n\u0d87\u0dba \u0db8\u0dc0\u0d9a\u0dca \u0dc0\u0dd3 \u0d85\u0daf \u0d9c\u0ddc\u0da9\u0db1\u0dd0\u0d9c\u0dd6 \u0dbd\u0ddd\u0d9a\u0dba\u0dda \r\n\u0d87\u0dba\u0dad\u0dca \u0d94\u0db6\u0dc0\u0dad\u0dca \u0dc4\u0daf\u0dc0\u0dad\u0dd2\u0db1\u0dca \u0db8\u0d9c\u0dda \u0dc0\u0d9c\u0dda\n\r\n\u0daf\u0dd4\u0dbb \u0d89\u0db3\u0db1\u0dca \u0dc4\u0dd2\u0dad \u0dad\u0dd4\u0da7\u0dd2\u0db1\u0dca \u0d89\u0db1\u0dca\u0db1\u0db8\u0dca \u0db6\u0dbd\u0dcf\r\n\u0db8\u0dcf \u0db1\u0dd0\u0dad\u0dad\u0dca \u0d94\u0db6 \u0dc4\u0ddc\u0db3\u0dd2\u0db1\u0dca \u0d89\u0db1\u0dca\u0db1\u0dcf \u0db1\u0dd2\u0dc3\u0dcf \r\n\u0db1\u0db8 \u0db1\u0ddc\u0daf\u0db1\u0dca\u0db1 \u0db8\u0dcf\u0d9c\u0dda \u0daf\u0dd4\u0dc0\u0db1\u0dd2\r\n\u0db8\u0dcf \u0db1\u0ddc\u0daf\u0db1\u0dca\u0db1 \u0db8\u0dcf\u0d9c\u0dda \u0daf\u0dd4\u0dc0\u0db1\u0dd3\r\n\u0d85\u0db4\u0d9c\u0dda \u0dc3\u0dd2\u0dc4\u0dd2\u0db1\u0dda \u0dc4\u0dd0\u0da9 \u0d9a\u0dd9\u0dbb\u0dd6 \u0d9a\u0dd4\u0db8\u0dbb\u0dd3\n\r\n\u0dc4\u0dd2\u0dad\u0dd9\u0db1\u0dc0\u0dcf \u0db8\u0db8\u0dad\u0dca \u0db4\u0dd2\u0dba\u0dd9\u0d9a\u0dd4 \u0dc0\u0dd6\u0dc0\u0dd0\u0dba\u0dd2 \r\n\u0db4\u0dd9\u0dbb \u0db4\u0dd9\u0db8\u0dca \u0d9a\u0dd9\u0dbb\u0dd6 \u0d87\u0dba \u0db8\u0dc0\u0d9a\u0dca \u0dc0\u0dd6\u0dc0 \u0daf\u0dc0\u0dc3\u0dda\r\n\u0d9a\u0dd4\u0dbd\u0dd4\u0daf\u0dd4\u0dbd\u0dda \u0d87\u0dba \u0dc0\u0dd0\u0daf\u0dd4\u0dc0\u0dda \u0db8\u0d9c\u0dda \u0dc3\u0dd2\u0dc4\u0dd2\u0db1\u0dda"
    },
    {
        "uuid": "1c222730-8a1e-11e9-8ebe-3863bb98c88b",
        "song": "Duwillen Wathsunu Thawara ",
        "singer": "Moris Wijesinghe ",
        "lyricUnicode": "\u0daf\u0dd6\u0dc0\u0dd2\u0dbd\u0dca\u0dbd\u0dd9\u0db1\u0dca \u0dc0\u0dad\u0dca\u0dc3\u0dd4\u0db1\u0dd4 \u0dad\u0dc0\u0dbb\u0dcf\r\n\u0d9a\u0dd4\u0db8\u0dbb \u0d9a\u0dd4\u0db8\u0dbb\u0dd2\u0dba\u0db1\u0dca \u0dc0\u0dd3 \u0dbd\u0dd9\u0db1\u0dca\u0d9c\u0dad\u0dd4 \u0d87\u0dc3\u0dd4\u0dbb\u0dda\r\n\u0dc0\u0dc4\u0dc3\u0dca \u0db6\u0dd0\u0dbd\u0dd6\u0db8\u0dca \u0daf\u0dd9\u0db1 \u0dc4\u0dd0\u0db1\u0dca\u0daf\u0dd1\u0dc0\u0dda\r\n\u0db1\u0db1\u0dca\u0db1\u0dcf\u0db3\u0dd4\u0db1\u0db1\u0dcf... \u0d9a\u0dba \u0db8\u0dd2\u0dc3 \u0dc3\u0dd2\u0dad \u0db1\u0dd0\u0dad\u0dd2 \u0db4\u0dd4\u0dbb\u0dc0\u0dbb\u0dba\u0dda\r\n\u0d9a\u0dc0\u0dd4\u0dbb\u0dd4\u0db1\u0dca \u0dc4\u0ddd \u0dad\u0dd4\u0dbb\u0dd4\u0dbd\u0dda\r\n\u0db1\u0dd2\u0db8\u0dda\u0dc2\u0dba\u0d9a\u0dca \u0d9a\u0ddc\u0db3\u0dd4\u0dbb\u0dcf\u0dc0\u0dd3 \u0dbb\u0dc4\u0dc3\u0dd2\u0db1\u0dca \r\n\u0d86 \u0d9c\u0dd2\u0dba \u0d8b\u0db1\u0dca \u0dc4\u0dd2\u0da7\u0dd2 \u0dad\u0dd0\u0db1\u0dca \u0dc3\u0d9f\u0dc0\u0dcf\n\r\n\u0d9c\u0dd2\u0dab\u0dd2\u0d9a\u0db3\u0dd4 \u0dc3\u0dd2\u0dbb\u0dc3\u0dda \u0db8\u0dbd\u0db4\u0dd4\u0dac\u0dd4 \u0d85\u0dad\u0dbb\u0dda \r\n\u0d9a\u0dd0\u0daf\u0dbd\u0dd2 \u0dc3\u0daf\u0dcf\u0dc0\u0dd3 \u0db8\u0ddc\u0dab\u0dbb \u0d9a\u0dd2\u0dbb\u0dd2\u0dbd\u0dca\u0dbd\u0dd3\r\n\u0dbb\u0dd0\u0dba\u0d9a\u0dd2\u0db1\u0dca \u0dbb\u0dd0\u0dba\u0d9a\u0da7 \u0d9a\u0dd4\u0dc3 \u0db4\u0dd2\u0dbb\u0dd9\u0db1\u0dcf\r\n\u0dc3\u0daf \u0dc3\u0dd9\u0dc0\u0db1\u0dbd\u0dca\u0dbd\u0dda \r\n\u0dc3\u0dd2\u0dad \u0d85\u0dad\u0dd2 \u0d9a\u0dba \u0db1\u0dd0\u0dad\u0dd2 \u0db8\u0dd2\u0da7\u0dd2\u0dba\u0dc0\u0dad \u0d89\u0dc0\u0dd4\u0dbb\u0dda \r\n\u0dc0\u0dc4\u0dc3\u0dca \u0db6\u0dd0\u0dbd\u0dd6\u0db8\u0dca \u0dc3\u0d9c\u0dc0\u0dcf \r\n\u0d8b\u0d9a\u0dd4\u0dc3\u0dd4 \u0d87\u0dc3\u0d9a\u0dca \u0d9c\u0dd9\u0db1 \u0d9c\u0dd4\u0dbb\u0dd4\u0dbd\u0dd6 \u0dc0\u0dd9\u0dc3\u0d9a\u0dca \u0d9c\u0dd9\u0db1 \r\n\u0db4\u0dd2\u0dba\u0db6\u0dcf \u0dba\u0dcf\u0dc0\u0dd3... \u0db8\u0ddc\u0dab\u0dbb \u0d9a\u0dd2\u0dbb\u0dd2\u0dbd\u0dca\u0dbd\u0dd3\n\r\n\u0dc3\u0dd0\u0da9 \u0dc3\u0dd4\u0dbd\u0d9c\u0dda \u0db8\u0dd4\u0dbd\u0dca \u0d89\u0daf\u0dd2\u0dbb\u0dd2 \u0dba\u0db1 \u0d9c\u0dc3 \u0db8\u0dd4\u0daf\u0dd4\u0db1\u0dda \r\n\u0db1\u0dd4\u0db4\u0db1\u0dca \u0daf\u0dc0\u0dc3\u0dda \u0dbb\u0db1\u0dca \u0d9a\u0dd2\u0dbb\u0dd2 \u0d9a\u0db3\u0dd4\u0dbd\u0dda \r\n\u0dc3\u0dd2\u0dc4\u0dd2\u0db1 \u0daf\u0d9a\u0dd2\u0dc0\u0dd3 \u0db8\u0ddc\u0dab\u0dbb \u0d9a\u0dd2\u0dbb\u0dd2\u0dbd\u0dca\u0dbd\u0dd3 ////"
    }
]