[
    {
        "uuid": "20dc102e-8a1e-11e9-85f2-3863bb98c88b",
        "song": "Eda Wage Adath Poda Wessa Watenawa ",
        "singer": "Somathilaka Jayamaha ",
        "lyricUnicode": "\u0d91\u0daf\u0dcf \u0dc0\u0dcf\u0d9c\u0dda \u0d85\u0daf\u0dad\u0dca \u0db4\u0ddc\u0daf \u0dc0\u0dd0\u0dc3\u0dca\u0dc3 \u0dc0\u0dd0\u0da7\u0dd9\u0db1\u0dc0\u0dcf\r\n\u0db8\u0dbd\u0dca \u0db4\u0dd2\u0db4\u0dd4\u0dab\u0dd4 \u0d9c\u0dc4 \u0d9c\u0dcf\u0dc0 \u0dad\u0dc0\u0db8 \u0d89\u0da9 \u0dad\u0dd2\u0dba\u0dd9\u0db1\u0dc0\u0dcf\r\n\u0db1\u0dd4\u0db9 \u0db8\u0d9c\u0dda \u0dc5\u0d9f\u0dd2\u0db1\u0dca \u0db1\u0dd0\u0dad\u0dd2 \u0d85\u0da9\u0dd4\u0dc0 \u0db8\u0da7 \u0daf\u0dd0\u0db1\u0dd9\u0db1\u0dc0\u0dcf\r\n\u0db8\u0db8 \u0dad\u0dc0\u0db8 \u0db8\u0da7 \u0d85\u0dc4\u0dd2\u0db8\u0dd2 \u0db8\u0d9c\u0dd9 \u0d9a\u0dc0\u0dd2\u0dba \u0dbd\u0dd2\u0dba\u0db1\u0dc0\u0dcf\n\r\n\u0daf\u0dd4\u0d9a \u0db4\u0dd2\u0dbb\u0dd4\u0dab \u0db8\u0d9c\u0dda \u0dc4\u0dd2\u0dad \u0db1\u0dd4\u0db9 \u0dc4\u0ddc\u0db3\u0da7 \u0daf\u0db1\u0dca\u0db1\u0dc0\u0dcf\r\n\u0dc4\u0dd2\u0dad \u0dc4\u0daf\u0db4\u0dd4 \u0db1\u0dd4\u0db9\u0dda \u0dc4\u0dac \u0db8\u0d9c\u0dd9 \u0dc3\u0dc0\u0db1\u0dca \u0dc3\u0ddc\u0dba\u0db1\u0dc0\u0dcf\r\n\u0db1\u0dd4\u0db9 \u0db1\u0dd2\u0dc3\u0dcf \u0db4\u0dd0\u0db8\u0dd2\u0dab\u0dd2 \u0daf\u0dd4\u0d9a\u0dca \u0db4\u0dd0\u0dab\u0dd2 \u0dbb\u0dc3\u0dba\u0dd2 \u0dc3\u0dd2\u0dad\u0dd9\u0db1\u0dc0\u0dcf\r\n\u0db8\u0db8 \u0dad\u0dc0\u0db8 \u0db8\u0da7 \u0d85\u0dc4\u0dd2\u0db8\u0dd2 \u0db8\u0d9c\u0dd9 \u0d9a\u0dc0\u0dd2\u0dba \u0dbd\u0dd2\u0dba\u0db1\u0dc0\u0dcf\n\r\n\u0d85\u0db1\u0dcf\u0d9c\u0dad \u0dc0\u0dcf\u0dc5\u0dd4\u0d9a\u0dcf \u0d9a\u0dad\u0dbb \u0db8\u0dd0\u0daf \u0dad\u0db1\u0dd2\u0dc0\u0dd9\u0dbd\u0dcf\r\n\u0d9a\u0dd9\u0dc3\u0dda \u0db4\u0dcf \u0d94\u0dc3\u0dc0\u0db8\u0dca\u0daf \u0dc3\u0dcf \u0db4\u0dc0\u0dc3 \u0dc0\u0dd2\u0db3 \u0daf\u0dbb\u0dcf\r\n\u0db4\u0dd4\u0dbb\u0db4\u0dc3\u0d9a \u0db1\u0ddc\u0dc0\u0dd3 \u0db1\u0dd4\u0db9 \u0d85\u0dc0\u0db4\u0dc3\u0d9a \u0dc3\u0db3 \u0d8b\u0db1\u0dcf\r\n\u0db8\u0db8 \u0dad\u0dc0\u0db8 \u0db8\u0da7 \u0d85\u0dc4\u0dd2\u0db8\u0dd2 \u0db8\u0d9c\u0dd9 \u0d9a\u0dc0\u0dd2\u0dba \u0dbd\u0dd2\u0dba\u0db1\u0dc0\u0dcf"
    },
    {
        "uuid": "22cdbf14-8a1e-11e9-9a63-3863bb98c88b",
        "song": "Egodath Megodath Gam Yaa Karala ",
        "singer": "Punsiri Soysa ",
        "lyricUnicode": "\u0d91\u0d9c\u0ddc\u0da9\u0dad\u0dca \u0db8\u0dd9\u0d9c\u0ddc\u0da9\u0dad\u0dca \u0d9c\u0db8\u0dca \u0dba\u0dcf \u0d9a\u0dbb\u0dbd\u0dcf\r\n\u0db4\u0dcf\u0dbd\u0db8 \u0dc3\u0dcf\u0daf\u0dcf \u0db6\u0dbd\u0dcf \u0dc3\u0dd2\u0da7\u0dd2\u0db1\u0dca\u0db1\u0dda\r\n\u0d94\u0db6 \u0db8\u0dcf \u0dc0\u0dd9\u0dad \u0db4\u0dd2\u0dba \u0db1\u0d9c\u0db1 \u0dad\u0dd4\u0dbb\u0dcf \r\n\u0d94\u0db6 \u0db8\u0dcf \u0dc0\u0dd9\u0dad \u0db4\u0dd2\u0dba \u0db1\u0d9c\u0db1 \u0dad\u0dd4\u0dbb\u0dcf //\n\r\n\u0db4\u0dd9\u0dbb \u0dbd\u0dd9\u0dc3 \u0d85\u0db6\u0dbd\u0db1\u0dca \u0d94\u0dbb\u0dd4\u0dc0\u0dda \u0db1\u0dd0\u0d9c\u0dbd\u0dcf\r\n\u0d91\u0d9c\u0ddc\u0da9\u0da7 \u0dba\u0db1\u0dca\u0db1\u0da7 \u0d87\u0dba\u0dd2\u0daf \u0dc3\u0dd2\u0dad\u0db1\u0dca\u0db1\u0dda\r\n\u0dc3\u0dd2\u0dc4\u0dd2\u0dba \u0dc0\u0dd2\u0d9a\u0dbd\u0dca \u0dc0\u0dd4 \u0d9a\u0dd9\u0db1\u0dd9\u0d9a\u0dd4 \u0db1\u0dd2\u0dba\u0dcf //\n\r\n\u0d91\u0d9c\u0ddc\u0da9\u0dad\u0dca \u0db8\u0dd9\u0d9c\u0ddc\u0da9\u0dad\u0dca...... \n\r\n\u0db8\u0dbd\u0dca \u0db6\u0dbb \u0dad\u0dd4\u0dbb\u0dd4\u0dbd\u0dd2\u0dba \u0db4\u0dd3\u0daf\u0dd9\u0db1 \u0d9a\u0dd9\u0dad\u0dca \u0dc0\u0dad\u0dd4\r\n\u0d85\u0db4 \u0dc4\u0da7 \u0d86\u0dc3\u0dd2\u0dbb\u0dd2 \u0db4\u0dc0\u0dc3\u0db1\u0dd4 \u0dc0\u0dd0\u0db1\u0dca\u0db1\u0dda\r\n\u0dc0\u0da9\u0dd2\u0db1\u0dd4 \u0db8\u0dd0\u0db1\u0dc0\u0dd2 \u0db4\u0dcf \u0dc3\u0dbd\u0db9 \u0dc3\u0dbd\u0dcf //\n\r\n\u0d91\u0d9c\u0ddc\u0da9\u0dad\u0dca \u0db8\u0dd9\u0d9c\u0ddc\u0da9\u0dad\u0dca...... "
    },
    {
        "uuid": "234e5aca-8a1e-11e9-ad1e-3863bb98c88b",
        "song": "Ek Dinak Sandawaka Mama ",
        "singer": "Mervin Perera ",
        "lyricUnicode": "\u0d91\u0d9a\u0dca \u0daf\u0dd2\u0db1\u0d9a\u0dca \u0dc3\u0dd0\u0db1\u0dca\u0daf\u0dd1\u0dc0\u0d9a \u0db8\u0db8\r\n\u0dc4\u0dd2\u0dad\u0dc0\u0dad\u0dd9\u0d9a\u0dd4\u0da7 \u0daf\u0dd4\u0dbb\u0d9a\u0dae\u0db1\u0dd9\u0db1\u0dca \u0d9a\u0dad\u0dcf \u0d9a\u0dbd\u0dcf\r\n\u0dba\u0ddc\u0db8\u0dd4\u0dc0\u0dd9\u0dbd\u0dcf \u0dc0\u0dd0\u0dbb\u0daf\u0dd2 \u0d85\u0d82\u0d9a\u0dba\u0d9a\u0dca\r\n\u0d85\u0db1\u0dca \u0d9a\u0dd9\u0dc5\u0dc0\u0dbb \u0dc3\u0dd2\u0da7 \u0d85\u0d9f\u0db1\u0d9a\u0dca \u0d9a\u0dad\u0dcf \u0d9a\u0dbd\u0dcf\n\r\n\u0dc3\u0dd4\u0db8\u0dd2\u0dc4\u0dd2\u0dbb\u0dd2 \u0dbd\u0dc3\u0dca\u0dc3\u0db1 \u0d92 \u0db4\u0dd2\u0dba\u0d9a\u0dbb\u0dd4 \u0dc4\u0dac \u0dc4\u0daf\u0dc0\u0dad \u0dc0\u0dc3\u0d9f \u0d9a\u0dbd\u0dcf\r\n\u0d92 \u0d9a\u0da7\u0dc4\u0dac \u0dba\u0dbd\u0dd2 \u0d85\u0dc3\u0db1 \u0db1\u0dd2\u0dba\u0dcf\u0dba\u0dd9\u0db1\u0dca \u0dba\u0dc5\u0dd2 \u0dba\u0dc5\u0dd2 \u0d9a\u0dad\u0dcf \u0d9a\u0dbb\u0dcf\r\n\u0db1\u0db8\u0dca\u0db6\u0dbb \u0daf\u0dc4\u0dc3\u0d9a\u0dca \u0dba\u0ddc\u0db8\u0dd4\u0d9a\u0dbb \u0dc0\u0dd6\u0dba\u0dd9\u0db8\u0dca \u0d91\u0daf \u0dc4\u0db8\u0dd4\u0dc0\u0dd6\u0dba\u0dda \u0db1\u0dd1\r\n\u0d9a\u0dd0\u0dc5\u0db9\u0dd4\u0db1\u0dd4 \u0db8\u0dcf \u0dc3\u0dd2\u0dad \u0d87\u0dad\u0dd2\u0dc0\u0dd4\u0db1\u0dd4 \u0dc3\u0dd9\u0db1\u0dd9\u0dc4\u0dc3 \u0d89\u0db1\u0dca \u0d85\u0da9\u0dd4\u0dc0\u0dd6\u0dba\u0dda \u0db1\u0dd1\r\n\u0d89\u0db1\u0dca \u0d85\u0da9\u0dd4\u0dc0\u0dd6\u0dba\u0dda \u0db1\u0dd1\n\r\n\u0d91\u0d9a\u0dca \u0daf\u0dd2\u0db1\u0d9a\u0dca \u0dc3\u0dd0\u0db1\u0dca\u0daf\u0dd1\u0dc0\u0d9a......\n\r\n\u0db8\u0dcf \u0db8\u0dd4\u0db8\u0dd4\u0dab\u0db1 \u0db8\u0dda \u0d9c\u0dd3\u0dad\u0dba \u0dc5\u0db3\u0dd4\u0db1\u0dda \u0dc3\u0dc0\u0db1\u0da7 \u0d87\u0dc3\u0dd9\u0db1\u0dc0\u0dcf \u0db1\u0db8\u0dca\r\n\u0d91\u0dc0\u0db1\u0dca \u0dc3\u0dd0\u0db3\u0dd1\u0dc0\u0d9a \u0d94\u0db6 \u0d85\u0db8\u0dad\u0db1 \u0dad\u0dd4\u0dbb\u0dd4 \u0d89\u0dc0\u0dc3\u0dd2\u0dbd\u0dca\u0dbd\u0dd9\u0db1\u0dca \u0d89\u0db1\u0dca\u0db1\u0db8\u0dca\r\n\u0d9a\u0ddc\u0dad\u0dd0\u0db1\u0d9a \u0d9a\u0ddc\u0dba\u0dd2\u0db6\u0d9a \u0d9a\u0dc0\u0dd4\u0dbb\u0dd4\u0db1\u0dca \u0dc0\u0dda\u0dc0\u0dcf \u0d9a\u0da7\u0dc4\u0dac \u0dc3\u0dc0\u0db1 \u0db4\u0dad\u0dba\u0dd2\r\n\u0d85\u0db8\u0dad\u0db1\u0dd4 \u0db8\u0dd0\u0db1 \u0db8\u0da7 \u0db8\u0d9c\u0dd9 \u0daf\u0dd4\u0dbb\u0d9a\u0dae\u0db1\u0dba\u0dda \u0d85\u0d82\u0d9a\u0dba \u0dc0\u0dd2\u0dc3\u0dd2 \u0dc4\u0dad\u0dbb\u0dba\u0dd2\r\n\u0d85\u0d82\u0d9a\u0dba \u0dc0\u0dd2\u0dc3\u0dd2 \u0dc4\u0dad\u0dbb\u0dba\u0dd2"
    },
    {
        "uuid": "24ca7510-8a1e-11e9-8a7b-3863bb98c88b",
        "song": "Eka Gangaka Iwuru Deka Kawada ",
        "singer": "Roopa Indumathee ",
        "lyricUnicode": "\u0d91\u0d9a \u0d9c\u0d9f\u0d9a \u0d89\u0dc0\u0dd4\u0dbb\u0dd4 \u0daf\u0dd9\u0d9a \u0d9a\u0dc0\u0daf\u0dcf \r\n\u0d9a\u0ddc\u0dad\u0dd0\u0db1 \u0db8\u0dd4\u0db1 \u0d9c\u0dd0\u0dc3\u0dda\u0daf\u0ddd \r\n\u0d91\u0dc4\u0dd2 \u0d9c\u0dbd\u0db1 \u0da2\u0dbd\u0dba \u0dc4\u0dd9\u0da7 \u0dc0\u0dd2\u0dba\u0dbd\u0dd3\r\n\u0db8\u0d9c\u0daf\u0dd3 \u0db1\u0dad\u0dbb \u0dc0\u0dda\u0daf\u0ddd //\n\r\n\u0d85\u0da9 \u0db1\u0dd2\u0db1\u0dca\u0daf\u0dda \u0daf\u0dd4\u0da7\u0dd4\u0dc0 \u0db8\u0dbd\u0dca \u0dc3\u0dd2\u0dc4\u0dd2\u0db1\u0dda \r\n\u0daf\u0dd2\u0db1\u0dd9\u0d9a \u0dc3\u0db6\u0dd0 \u0dc0\u0dda\u0daf\u0ddd \r\n\u0dc3\u0dd0\u0da9 \u0dc3\u0dd4\u0dc5\u0d9c\u0dda \u0daf\u0dd0\u0dbd\u0dca\u0dc0\u0dd6 \u0dbb\u0db1\u0dca \u0db4\u0dc4\u0db1\u0dda \r\n\u0d91\u0dbd\u0dd2\u0dba \u0dba\u0dbd\u0dd2 \u0db1\u0dd2\u0dc0\u0dda\u0daf\u0ddd //\n\r\n\u0d91\u0d9a \u0d9c\u0d9f\u0d9a.....\n\r\n\u0d85\u0daf \u0daf\u0d9a\u0dd2\u0db1 \u0daf\u0dd9\u0dad\u0dbb\u0dd6 \u0db1\u0dd2\u0dbd\u0dca \u0d85\u0dc4\u0dc3\u0dda \r\n\u0dc4\u0dd9\u0da7\u0daf \u0db8\u0da7 \u0db4\u0dd9\u0db1\u0dda\u0daf\u0ddd \r\n\u0d94\u0db6\u0dda \u0dc3\u0db8\u0dbb\u0dd4 \u0db4\u0ddc\u0dad\u0dd9\u0dc4\u0dd3 \u0d9a\u0ddc\u0dbd \u0db4\u0dd9\u0d9c\u0dd2\u0dbd\u0dcf\r\n\u0dc3\u0dd2\u0dad\u0dd4\u0dc0\u0db8\u0dca \u0db6\u0ddc\u0daf\u0dc0\u0dda\u0daf\u0ddd //\n\r\n\u0d91\u0d9a \u0d9c\u0d9f\u0d9a....."
    },
    {
        "uuid": "2924e214-8a1e-11e9-9149-3863bb98c88b",
        "song": "Ekama Magaka Piyawara Mana Yannai ",
        "singer": "Punsiri Soysa ",
        "lyricUnicode": "\u0d91\u0d9a\u0db8 \u0db8\u0d9c\u0d9a \u0db4\u0dd2\u0dba\u0dc0\u0dbb \u0db8\u0dd0\u0db1 \u0dba\u0db1\u0dca\u0db1\u0dba\u0dd2\r\n\u0d91\u0d9a\u0db8 \u0db6\u0dd2\u0db8\u0d9a \u0dc3\u0dd9\u0dc0\u0db1\u0dd0\u0dc5\u0dd2 \u0db4\u0dd0\u0da7\u0dbd\u0dd9\u0db1\u0dca\u0db1\u0dba\u0dd2\r\n\u0dc3\u0dd9\u0db1\u0dda \u0daf\u0dd2\u0dba\u0dd9\u0db1\u0dca \u0db8\u0dd3\u0dc0\u0dd2\u0dad \u0db4\u0dd2\u0dbb\u0dc0\u0dd9\u0db1\u0dca\u0db1\u0dba\u0dd2\r\n\u0db8\u0d9c\u0dda \u0db4\u0dd0\u0dad\u0dd4\u0db8 \u0d94\u0db6 \u0db8\u0da7 \u0dc4\u0dd2\u0db8\u0dd2\u0dc0\u0dd9\u0db1\u0dca\u0db1\u0dba\u0dd2\r\n\u0db8\u0d9c\u0dda \u0db4\u0dd0\u0dad\u0dd4\u0db8 \u0d94\u0db6 \u0db8\u0da7 \u0dc4\u0dd2\u0db8\u0dd2\u0dc0\u0dd9\u0db1\u0dca\u0db1\u0dba\u0dd2\n\r\n\u0dc0\u0dd0\u0dbd\u0dda \u0db4\u0dd2\u0db4\u0dd4\u0dab\u0dd4 \u0db8\u0dbd \u0db1\u0ddc\u0dc0\u0dda \u0dc0\u0dd0\u0dbd\u0da7 \u0db6\u0dbb\r\n\u0db6\u0dd2\u0d9f\u0dd4\u0db1\u0dca \u0dc3\u0dbb\u0dcf\u0dc0\u0dd3 \u0db6\u0dd0\u0dbd\u0dd4\u0db8\u0dca \u0dc4\u0dd9\u0dbd\u0dcf\r\n\u0dc4\u0dd2\u0dad\u0dda \u0dbb\u0dd0\u0db3\u0dd4\u0dab\u0dd4 \u0db4\u0dd9\u0db8\u0dca \u0db1\u0ddc\u0db8 \u0daf\u0dd9\u0db1\u0dca \u0dbb\u0da7\u0d9a\u0da7\r\n\u0dc4\u0dd2\u0dad\u0dda \u0dbb\u0dd0\u0db3\u0dd4\u0dab\u0dd4 \u0db4\u0dd9\u0db8\u0dca \u0db1\u0ddc\u0db8 \u0daf\u0dd9\u0db1\u0dca \u0dbb\u0da7\u0d9a\u0da7\r\n\u0db8\u0d9c\u0dda \u0dbd\u0ddc\u0dc0\u0dd2\u0db1\u0dca \u0db4\u0dd2\u0da7 \u0db1\u0ddc\u0dba\u0db1\u0dca \u0db4\u0dbd\u0dcf\r\n\u0db8\u0d9c\u0dda \u0dbd\u0ddc\u0dc0\u0dd2\u0db1\u0dca \u0db4\u0dd2\u0da7 \u0db1\u0ddc\u0dba\u0db1\u0dca \u0db4\u0dbd\u0dcf\n\r\n\u0d91\u0d9a\u0db8 \u0db8\u0d9c\u0d9a...\n\r\n\u0db8\u0d9c\u0dda \u0dbd\u0ddc\u0dc0\u0da7 \u0dc3\u0db3 \u0d94\u0db6\u0dda \u0dc3\u0dd2\u0d9f\u0dd2\u0dad\u0dd2 \u0db8\u0dd4\u0dc0\r\n\u0d85\u0d9c\u0dd2\u0db1\u0dca \u0d91\u0db6\u0dda\u0dc0\u0dd3 \u0dc4\u0dd0\u0d9f\u0dd4\u0db8\u0dca \u0db8\u0dc0\u0dcf\r\n\u0d94\u0db6\u0dda \u0db4\u0dd2\u0db1\u0da7 \u0db8\u0dad\u0dd4 \u0db8\u0d9c\u0dda \u0d9c\u0dd9\u0db4\u0dd0\u0dbd \u0dc5\u0d9f\r\n\u0d94\u0db6\u0dda \u0db4\u0dd2\u0db1\u0da7 \u0db8\u0dad\u0dd4 \u0db8\u0d9c\u0dda \u0d9c\u0dd9\u0db4\u0dd0\u0dbd \u0dc5\u0d9f\r\n\u0d9a\u0dd4\u0dc3\u0dd4\u0db8\u0dca \u0db4\u0dd2\u0db4\u0dda\u0dc0\u0dcf \u0db4\u0dc0\u0db1\u0dca \u0dc3\u0dbd\u0dcf\r\n\u0d9a\u0dd4\u0dc3\u0dd4\u0db8\u0dca \u0db4\u0dd2\u0db4\u0dda\u0dc0\u0dcf \u0db4\u0dc0\u0db1\u0dca \u0dc3\u0dbd\u0dcf\n\r\n\u0d91\u0d9a\u0db8 \u0db8\u0d9c\u0d9a..."
    },
    {
        "uuid": "299b90e2-8a1e-11e9-ad68-3863bb98c88b",
        "song": "Ekama Weediye Dethun Wathawak ",
        "singer": "Priya Sooriyasena ",
        "lyricUnicode": "\u0d91\u0d9a\u0db8 \u0dc0\u0dd3\u0daf\u0dd2\u0dba\u0dda \u0daf\u0dd9\u0dad\u0dd4\u0db1\u0dca \u0dc0\u0dad\u0dcf\u0dc0\u0d9a\u0dca\r\n\u0d91\u0dc4\u0dcf \u0db8\u0dd9\u0dc4\u0dcf \u0d85\u0db4\u0dd2 \u0d87\u0dc0\u0dd2\u0daf \u0d87\u0dad\u0dd3\r\n\u0db6\u0dd2\u0db8\u0da7 \u0db1\u0dd0\u0db8\u0dd4\u0dab\u0dd4 \u0db8\u0dbd\u0dca \u0d85\u0dad\u0dd4 \u0d89\u0dad\u0dd2 \u0d85\u0dad\u0dbb\u0dda\r\n\u0d85\u0db4\u0dda \u0d9a\u0dad\u0dcf\u0dc0\u0db1\u0dca \u0dbb\u0dd0\u0db3\u0dd3 \u0d87\u0dad\u0dd3\n\r\n\u0dc3\u0dd4\u0daf\u0dd4 \u0dc4\u0dc3\u0d9f\u0db1 \u0dc3\u0dda \u0dc4\u0dc3\u0dbb\u0dd0\u0dbd\u0dca \u0d89\u0dc4\u0dbd\u0dcf\r\n\u0dc4\u0db3 \u0db4\u0dcf\u0dba\u0db1 \u0dc3\u0dda \u0dc4\u0daf \u0d9c\u0dd2\u0dab\u0dd2 \u0db1\u0dd2\u0dc0\u0dbd\u0dcf\r\n\u0d94\u0db6 \u0db8\u0dcf \u0dc3\u0dd4\u0dbb\u0dad\u0dda \u0daf\u0dc3\u0d9f\u0dd2\u0dbd\u0dd2 \u0db4\u0da7\u0dbd\u0dcf\r\n\u0daf\u0ddc\u0da9\u0db8\u0dc5\u0dd4 \u0dc0\u0dd3\u0dbd\u0dcf \u0db8\u0da7 \u0d89\u0d9f\u0dd2 \u0d9a\u0dbb\u0dbd\u0dcf\n\r\n\u0dc4\u0dd0\u0db1\u0dca\u0daf\u0dd1 \u0dba\u0dcf\u0db8\u0dda \u0db8\u0dcf \u0d85\u0dad \u0dc4\u0dd0\u0dbb\u0dbd\u0dcf\r\n\u0dba\u0db1\u0dca\u0db1\u0dd3 \u0d94\u0db6 \u0d94\u0db6\u0dda \u0d9a\u0dd4\u0da7\u0dd2\u0dba\u0da7 \u0db4\u0dd9\u0dbb\u0dbd\u0dcf\r\n\u0d9a\u0dc0\u0dd4\u0dc5\u0dd4\u0dc0 \u0d85\u0dad\u0dbb\u0dd2\u0db1\u0dca \u0dc4\u0dc3\u0dbb\u0dd0\u0dbd\u0dd2 \u0d91\u0dc5\u0dbd\u0dcf\r\n\u0db8\u0db8 \u0dba\u0db8\u0dd2 \u0db8\u0d9c\u0dda \u0dc4\u0dd2\u0dad \u0d94\u0db6 \u0dc5\u0d9f \u0dad\u0dd2\u0dba\u0dbd\u0dcf\n\r\n\u0dad\u0db1\u0dd2 \u0dba\u0dc4\u0db1\u0dda \u0db8\u0dcf \u0d9a\u0dd9\u0dc3\u0dda \u0dc3\u0dd2\u0dad\u0db1\u0dca\u0db1\u0dda\r\n\u0db8\u0dcf \u0dc4\u0dd2\u0dad \u0d94\u0db6\u0dda \u0dc5\u0d9f \u0db1\u0ddc\u0dc0\u0dd9\u0daf \u0dad\u0dd2\u0dba\u0dd9\u0db1\u0dca\u0db1\u0dda\r\n\u0d94\u0db6\u0da7 \u0dc4\u0dd2\u0dad\u0dd9\u0db1 \u0daf\u0dda \u0dc3\u0dd2\u0dad\u0da7 \u0d9a\u0dd2\u0dba\u0dcf\u0daf\u0dd3\r\n\u0dc4\u0dd9\u0da7 \u0d91\u0db1 \u0dc0\u0dd2\u0da7 \u0dba\u0dbd\u0dd2 \u0dbb\u0dd0\u0d9c\u0dd9\u0db1 \u0dc0\u0dbb\u0dd9\u0db1\u0dca\n\r\n\u0d91\u0d9a\u0db8 \u0dc0\u0dd3\u0daf\u0dd2\u0dba\u0dda...."
    },
    {
        "uuid": "2c48ee30-8a1e-11e9-8791-3863bb98c88b",
        "song": "Enna Madanale Gos Pawasanna Duka Mage ",
        "singer": "Thilakasiri Fernando ",
        "lyricUnicode": "\u0d91\u0db1\u0dca\u0db1 \u0db8\u0daf\u0db1\u0dbd\u0dda \u0d9c\u0ddc\u0dc3\u0dca \u0db4\u0dc0\u0dc3\u0db1\u0dca\u0db1 \u0daf\u0dd4\u0d9a \u0db8\u0d9c\u0dda\r\n\u0dba\u0db1\u0dca\u0db1\u0da7 \u0dc4\u0dd0\u0d9a\u0dd2 \u0d94\u0db6\u0da7 \u0db4\u0db8\u0dab\u0dd2 \u0dc3\u0dd2\u0dbb \u0d9c\u0dd9\u0dba\u0da7 \u0d87\u0d9c\u0dda\r\n\u0daf\u0dd2\u0dc0\u0dcf \u0dbb\u0dd0\u0dba\u0dda \u0dc0\u0dd0\u0dbd\u0db4\u0dd2\u0dbd\u0dcf \u0daf\u0dd1\u0dc3 \u0d88\u0d9c\u0dd9 \u0dbb\u0dad\u0dd4 \u0dc0\u0dd9\u0dbd\u0dcf\r\n\u0d9a\u0dd2\u0dba\u0db1\u0dca\u0db1\u0d9a\u0ddd \u0db8\u0d9c\u0dd9 \u0daf\u0dd4\u0d9a \u0d87\u0d9c\u0dd9 \u0d9a\u0dab\u0da7 \u0dc5\u0d82 \u0dc0\u0dd9\u0dbd\u0dcf //\r\n\u0d91\u0db1\u0dca\u0db1 \u0db8\u0daf\u0db1\u0dbd\u0dda.. \u0d91\u0db1\u0dca\u0db1 \u0db8\u0daf\u0db1\u0dbd\u0dda..\n\r\n\u0dc1\u0ddd\u0d9a \u0db4\u0dab\u0dd2\u0dc0\u0dd4\u0da9\u0dba \u0dba\u0dc0\u0db1\u0dca\u0db1 \u0d86\u0daf\u0dbb\u0dd2\u0dba \u0db6\u0dbd\u0dcf\r\n\u0d9a\u0dcf\u0dbd\u0dd2\u0daf\u0dcf\u0dc3 \u0d9a\u0dd2\u0dc0\u0dd2\u0db3\u0dd4 \u0db8\u0dda\u0d9d \u0daf\u0dd6\u0dad\u0dba\u0dcf \u0d9a\u0dc5\u0dcf\r\n\u0db8\u0da7 \u0d9a\u0ddc\u0dba\u0dd2\u0db1\u0dca\u0daf \u0d91\u0db8 \u0dc0\u0dc5\u0dcf \u0d86\u0db8\u0dd2 \u0dc3\u0dd4\u0dc5\u0dd9\u0d9f\u0dca \u0d94\u0db6 \u0db6\u0dbd\u0dcf\r\n\u0d9a\u0dd2\u0dba\u0db1\u0dca\u0db1\u0d9a\u0ddd \u0db8\u0d9c\u0dd9 \u0daf\u0dd4\u0d9a \u0d87\u0d9c\u0dd9 \u0d9a\u0dab\u0da7 \u0dc5\u0d82 \u0dc0\u0dd9\u0dbd\u0dcf\n\r\n\u0d91\u0db1\u0dca\u0db1 \u0db8\u0daf\u0db1\u0dbd\u0dda......\n\r\n\u0dc3\u0d82\u0daf\u0dda\u0dc1\u0dba\u0d9a\u0dd2\u0db1\u0dca \u0dba\u0dc0\u0db1\u0dca\u0db1 \u0db8\u0dd9\u0daf\u0dd4\u0d9a \u0d8b\u0db1\u0dca \u0d85\u0dad\u0dda\r\n\u0d86.. \u0d86.. \u0d86..\r\n\u0dc3\u0d82\u0daf\u0dda\u0dc1\u0dba\u0d9a\u0dd2\u0db1\u0dca \u0dba\u0dc0\u0db1\u0dca\u0db1 \u0db8\u0dd9\u0daf\u0dd4\u0d9a \u0d8b\u0db1\u0dca \u0d85\u0dad\u0dda\r\n\u0dc4\u0d82\u0dc3 \u0d9c\u0dd2\u0dbb\u0dcf \u0dc5\u0dd2\u0dc4\u0dd2\u0dab\u0dd2 \u0d9a\u0ddc\u0dc0\u0dd4\u0dbd\u0dca \u0d9a\u0dd4\u0dbb\u0dd4\u0dbd\u0dca\u0dbd\u0db1\u0dca \u0db1\u0dd0\u0dad\u0dda\r\n\u0dc3\u0dd4\u0dc5\u0dd9\u0d9f\u0dca \u0db8\u0dcf \u0d85\u0dc3\u0dbb\u0dab\u0dba\u0dd2 \u0db8\u0da7 \u0d87\u0dad\u0dd2 \u0dc0\u0dc3\u0dca\u0dad\u0dd4\u0dc0 \u0d87\u0dba\u0dba\u0dd2\r\n\u0d9a\u0dd3\u0dc0\u0ddc\u0dad\u0dca \u0db8\u0d9c\u0dd9 \u0daf\u0dd4\u0d9a \u0dc3\u0daf\u0dc4\u0da7 \u0d94\u0db6\u0da7 \u0db8\u0dcf \u0dab\u0dba\u0dba\u0dd2 //\n\r\n\u0d91\u0db1\u0dca\u0db1 \u0db8\u0daf\u0db1\u0dbd\u0dda \u0d9c\u0ddc\u0dc3\u0dca \u0db4\u0dc0\u0dc3\u0db1\u0dca\u0db1 \u0daf\u0dd4\u0d9a \u0db8\u0d9c\u0dda\r\n\u0dba\u0db1\u0dca\u0db1\u0da7 \u0dc4\u0dd0\u0d9a\u0dd2 \u0d94\u0db6\u0da7 \u0db4\u0db8\u0dab\u0dd2 \u0dc3\u0dd2\u0dbb \u0d9c\u0dd9\u0dba\u0da7 \u0d87\u0d9c\u0dda\r\n\u0d91\u0db1\u0dca\u0db1 \u0db8\u0daf\u0db1\u0dbd\u0dda.. \u0d91\u0db1\u0dca\u0db1 \u0db8\u0daf\u0db1\u0dbd\u0dda.."
    },
    {
        "uuid": "322fc780-8a1e-11e9-aff8-3863bb98c88b",
        "song": "Epa Unath Numba Siyak Wathawak ",
        "singer": "Nadini Premadasa ",
        "lyricUnicode": "\u0d91\u0db4\u0dcf \u0dc0\u0dd4\u0dab\u0dad\u0dca \u0db1\u0dd4\u0db9 \u0dc3\u0dd2\u0dba\u0d9a\u0dca \u0dc0\u0dad\u0dcf\u0dc0\u0d9a\u0dca\r\n\u0dc4\u0dd2\u0dad \u0d89\u0dbd\u0dca\u0dbd\u0db1\u0dc0\u0dbd\u0dd4 \u0daf\u0dc4\u0dc3\u0dca \u0dc0\u0dad\u0dcf\u0dc0\u0d9a\u0dca\r\n\u0db8\u0dda \u0d87\u0dc3\u0dca \u0daf\u0dd0\u0d9a\u0dca\u0d9a\u0da7 \u0db1\u0dd4\u0db9\u0dda \u0db8\u0dd4\u0dc3\u0dcf\u0dc0\u0d9a\u0dca\r\n\u0dba\u0da7\u0dd2 \u0dc4\u0dd2\u0dad\u0dda \u0dad\u0dd2\u0dba\u0dd9\u0db1\u0dca\u0db1\u0dda \u0dad\u0dc0\u0dad\u0dca \u0d9a\u0dad\u0dcf\u0dc0\u0d9a\u0dca //\n\r\n\u0db8\u0dad\u0d9a \u0dad\u0dd2\u0dba\u0dd9\u0db1 \u0d85\u0db8\u0dad\u0d9a \u0db1\u0dd0\u0dad\u0dd2 \u0dc4\u0dd2\u0dad \u0dc5\u0d9f\u0dd2\u0db1\u0dca\r\n\u0db1\u0dc0\u0dad\u0dd2\u0db1\u0dca\u0db1\u0dda \u0d9a\u0ddc\u0dc4\u0ddc\u0db8\u0daf\u0ddd \u0d9a\u0dd2\u0dba\u0db1\u0dca\r\n\u0dad\u0dda\u0dbb\u0dd9\u0db1\u0dca\u0db1\u0dda \u0db1\u0dd0\u0dad\u0dd2 \u0dc3\u0dd9\u0db1\u0dd9\u0dc4\u0dc3 \u0d85\u0dbb\u0db1\u0dca\r\n\u0dc4\u0dd2\u0dad \u0dc0\u0dd6\u0dc0\u0dcf\u0daf\u0ddd \u0d85\u0dad\u0dd4\u0dbb\u0dd4\u0daf\u0dc4\u0db1\u0dca //\n\r\n\u0dc4\u0dd2\u0dad\u0da7 \u0db1\u0dd4\u0dc4\u0dd4\u0dbb\u0dd4 \u0d9a\u0dc5\u0dd4\u0dc0\u0dbb \u0dc4\u0dd3\u0db1\u0dda \u0dba\u0da7\u0dd2\u0db1\u0dca\r\n\u0d9a\u0db3\u0dd4\u0dc5\u0dd4 \u0d9c\u0dbd\u0db1 \u0db1\u0dd9\u0dad\u0dca \u0dc0\u0dbd\u0da7 \u0dc4\u0ddc\u0dbb\u0dd9\u0db1\u0dca\r\n\u0d8b\u0dc4\u0dd4\u0dbd\u0db1\u0dca\u0db1\u0dda \u0db1\u0dd0\u0dad\u0dd2 \u0db8\u0dad\u0d9a\u0dba \u0d85\u0dbb\u0db1\u0dca\r\n\u0dba\u0dc5\u0dd2 \u0d86\u0dc0\u0dda \u0d87\u0dba\u0dd2 \u0d85\u0dc3\u0dd4\u0dbb\u0dd4 \u0dc3\u0dd0\u0dab\u0dd2\u0db1\u0dca //\n\r\n\u0d91\u0db4\u0dcf \u0dc0\u0dd4\u0db1\u0dad\u0dca \u0db1\u0dd4\u0db9....."
    }
]