[
    {
        "uuid": "3eaabee6-8a1e-11e9-a64e-3863bb98c88b",
        "song": "Gaga Addara Ma Sihil Senehe Sanahee ",
        "singer": "Vijaya Kumaranathunga ",
        "lyricUnicode": "\u0d9c\u0d9f \u0d85\u0daf\u0dca\u0daf\u0dbb \u0db8\u0dcf \u0dc3\u0dd2\u0dc4\u0dd2\u0dbd\u0dca \u0dc3\u0dd9\u0db1\u0dda \u0dc3\u0dd0\u0db1\u0dc4\u0dd3\r\n\u0dc4\u0daf \u0dc3\u0db1\u0dca\u0dad\u0d9a \u0dc0\u0dd2\u0dba \u0d85\u0db1\u0dd4\u0dc4\u0dc3\u0dca \u0d86\u0dc3\u0dd2\u0dbb\u0dd2 \u0d9c\u0dd3\r\n\u0d94\u0db6 \u0dc4\u0db8\u0dd4\u0dc0\u0dda \u0db8\u0dcf \u0db8\u0dd4\u0dc0 \u0d9c\u0ddc\u0dc5\u0dd4 \u0dc0\u0dd6\u0dc0\u0dcf\n\r\n\u0d9c\u0d9f \u0d85\u0daf\u0dca\u0daf\u0dbb \u0db4\u0dd9\u0db8\u0dca \u0d9a\u0dd0\u0db3\u0dc0\u0dd4\u0db8\u0dca \u0dbb\u0dc3 \u0daf\u0dd0\u0dc4\u0dd0\u0db1\u0dda\r\n\u0d89\u0dc4 \u0d89\u0daf\u0dca\u0daf\u0dbb \u0db4\u0dd2\u0db4\u0dd2 \u0db4\u0dca\u200d\u0dbb\u0dcf\u0dbb\u0dca\u0dae\u0db1\u0dcf \u0dc3\u0dd2\u0dc4\u0dd2\u0db1\u0dda\r\n\u0db4\u0dd2\u0db6\u0dd2\u0daf\u0dd4\u0db1\u0dd2 \u0d86\u0dc1\u0dcf \u0d9c\u0dd2\u0db1\u0dd2\u0dc3\u0dd2\u0dc5\u0dd4 \u0dc3\u0dda\u0db8\u0dcf\n\r\n\u0db8\u0dbd\u0dca\u0dc3\u0dbb \u0daf\u0dd4\u0db1\u0dd4\u0dc0\u0dbb \u0dc5\u0db8\u0dd0\u0daf \u0dc4\u0ddc\u0dc0\u0dcf\u0dbd\u0dcf \u0d89\u0dbb\u0dab\u0db8\u0dca \u0db4\u0dc0\u0dc3 \u0db1\u0dd2\u0dc0\u0dcf\r\n\u0dc3\u0d82\u0dc3\u0dd4\u0db1\u0dca \u0dc0\u0dd6 \u0dad\u0dbb\u0db8\u0dd2\u0db1\u0dca \u0db1\u0ddc\u0dc3\u0dd0\u0dbd\u0dd9\u0db1\u0dc0\u0daf \u0db6\u0dcf\u0dbd\u0dda \u0db6\u0dd0\u0db3\u0dd2 \u0dbb\u0db1\u0dca\u0daf\u0db8\u0dca\r\n\u0d94\u0db6 \u0dc4\u0dcf \u0d86\u0dba\u0dda \u0d86\u0dba\u0dda \u0db4\u0dd1\u0dc4\u0dd3 \u0dad\u0dd4\u0dc2\u0dcf\u0dbb \u0dc3\u0dd4\u0dc3\u0dd4\u0db8\u0dca \u0dc4\u0ddc\u0dc0\u0dcf\r\n\u0da0\u0db8\u0dad\u0dca\u0d9a\u0dcf\u0dbb\u0dba\u0dda \u0dbb\u0db1\u0dca \u0dbb\u0dda\u0d9b\u0dcf \u0d85\u0db4 \u0dc3\u0dd0\u0dc5\u0dd9\u0db1 \u0dc4\u0daf\u0dd2\u0db1\u0dca \u0daf\u0dd4\u0da7\u0dd4\u0dc0\u0dcf\n\r\n\u0d9c\u0d9f \u0d89\u0daf\u0dca\u0daf\u0dbb \u0db6\u0dd2\u0db8\u0dca \u0dad\u0dd9\u0db4\u0dd4\u0dbd\u0dca \u0db4\u0dc0\u0db1\u0dca \u0d85\u0dad\u0dbb\u0dda\r\n\u0db8\u0db1 \u0db4\u0dd4\u0dc2\u0dca\u0db4\u0dd2\u0dad \u0db8\u0dd4\u0daf\u0dd4 \u0dc3\u0dd4\u0db4\u0dd4\u0dbd\u0dca \u0dc3\u0dd2\u0db1\u0dcf \u0dc0\u0dd2\u0dc3\u0dd2\u0dbb\u0dda\r\n\u0db8\u0dcf \u0dc4\u0daf \u0dbb\u0dc4\u0dc3\u0dda \u2013 \u0db6\u0dd2\u0db3\u0dd4\u0db1\u0dcf \u0db4\u0dc4\u0dc3\u0dda\n\r\n\u0d9c\u0d9f \u0daf\u0dd2\u0dba \u0dbb\u0dd0\u0dbd\u0dd2 \u0d94\u0db6 \u0db1\u0dcf\u0da9\u0db1\u0dca \u0d9a\u0dd2\u0dc3\u0dd2 \u0daf\u0dc0\u0dc3\u0dda\r\n\u0d9c\u0d9f \u0daf\u0dd2\u0dba \u0dc3\u0dd4\u0dc5\u0dd2 \u0db8\u0dd0\u0daf \u0d8b\u0dab\u0dd4\u0dc3\u0dd4\u0db8\u0dca \u0dc3\u0dd4\u0dc0 \u0d9c\u0dd0\u0dc0\u0dc3\u0dda\r\n\u0d94\u0db6 \u0dbb\u0dd4\u0dc0 \u0da0\u0dcf\u0dba\u0dcf \u0dc3\u0dd0\u0d9f\u0dc0\u0dda \u0db4\u0dcf\u0dba\u0dcf\n\r\n\u0db8\u0dbd\u0dca\u0dc3\u0dbb \u0daf\u0dd4\u0db1\u0dd4\u0dc0\u0dbb \u0dc5\u0db8\u0dd0\u0daf \u0dc4\u0ddc\u0dc0\u0dcf\u0dbd\u0dcf \u0d89\u0dbb\u0dab\u0db8\u0dca \u0db4\u0dc0\u0dc3 \u0db1\u0dd2\u0dc0\u0dcf\r\n\u0dc3\u0d82\u0dc3\u0dd4\u0db1\u0dca \u0dc0\u0dd6 \u0dad\u0dbb\u0db8\u0dd2\u0db1\u0dca \u0db1\u0ddc\u0dc3\u0dd0\u0dbd\u0dd9\u0db1\u0dc0\u0daf \u0db6\u0dcf\u0dbd\u0dda \u0db6\u0dd0\u0db3\u0dd2 \u0dbb\u0db1\u0dca\u0daf\u0db8\u0dca\r\n\u0d94\u0db6 \u0dc4\u0dcf \u0d86\u0dba\u0dda \u0d86\u0dba\u0dda \u0db4\u0dd1\u0dc4\u0dd3 \u0dad\u0dd4\u0dc2\u0dcf\u0dbb \u0dc3\u0dd4\u0dc3\u0dd4\u0db8\u0dca \u0dc4\u0ddc\u0dc0\u0dcf\r\n\u0da0\u0db8\u0dad\u0dca\u0d9a\u0dcf\u0dbb\u0dba\u0dda \u0dbb\u0db1\u0dca \u0dbb\u0dda\u0d9b\u0dcf \u0d85\u0db4 \u0dc3\u0dd0\u0dc5\u0dd9\u0db1 \u0dc4\u0daf\u0dd2\u0db1\u0dca \u0daf\u0dd4\u0da7\u0dd4\u0dc0\u0dcf"
    },
    {
        "uuid": "40196934-8a1e-11e9-8a78-3863bb98c88b",
        "song": "Galana Gagaki Jeewithe ",
        "singer": "Nanda Malani ",
        "lyricUnicode": "\u0d9c\u0dbd\u0db1 \u0d9c\u0d9f\u0d9a\u0dd2 \u0da2\u0dd3\u0dc0\u0dd2\u0dad\u0dda\r\n\u0daf\u0dba\u0dcf\u0dbd\u0dd4 \u0dbd\u0ddd\u0d9a\u0dba\u0dda //\r\n\u0db8\u0dd2\u0dc4\u0dd2\u0dbb \u0db4\u0dad\u0dcf \u0d86\u0daf\u0dbb\u0dda //\r\n\u0dbd\u0db4\u0dc5\u0dd4 \u0db1\u0da7\u0dba\u0dd2 \u0d9c\u0d82\u0dad\u0dd9\u0dbb\u0dda\r\n\u0d9c\u0dbd\u0db1 \u0d9c\u0d9f\u0d9a\u0dd2 \u0da2\u0dd3\u0dc0\u0dd2\u0dad\u0dda\r\n\u0daf\u0dba\u0dcf\u0dbd\u0dd4 \u0dbd\u0ddd\u0d9a\u0dba\u0dda\n\r\n\u0dc0\u0dd0\u0dbd\u0dd2\u0dad\u0dbd \u0d9a\u0dd2\u0dad\u0dd2 \u0d9a\u0dc0\u0db1 \u0db1\u0da7\u0db1\r\n\u0db4\u0dd9\u0db8\u0dca \u0dbb\u0dc5\u0dc0\u0dd0\u0dc5 \u0d89\u0dc0\u0dd4\u0dbb\u0dd4 \u0db6\u0db3\u0db1\r\n\u0db8\u0dd2\u0dc4\u0dd2\u0dad\u0dbd\u0dba\u0da7 \u0dc3\u0dd4\u0dc0\u0dba \u0daf\u0dd0\u0db1\u0dd9\u0db1\r\n\u0d8b\u0d9a\u0dd4\u0dc5\u0dd4 \u0dad\u0dbd\u0dba \u0db6\u0daf\u0dd4 \u0db1\u0dd0\u0dbd\u0dc0\u0dd9\u0db1\n\r\n\u0d9c\u0dbd\u0db1 \u0d9c\u0d9f\u0d9a\u0dd2....\n\r\n\u0db4\u0dd9\u0db8\u0da7 \u0db4\u0dd9\u0db8 \u0db4\u0dd4\u0daf\u0dcf\r\n\u0dad\u0dd4\u0da9\u0da7 \u0dad\u0dd4\u0da9\u0dd4 \u0daf\u0dd2\u0daf\u0dd3 //\r\n\u0d9a\u0dd4\u0dbb\u0dd4\u0dc5\u0dd4 \u0d9c\u0dd3 \u0db1\u0d9c\u0dba\u0dd2 //\r\n\u0d86\u0daf\u0dbb\u0dda \u0db6\u0dd0\u0daf\u0dd2\u0dbd\u0dcf\r\n\u0d9c\u0dbd\u0db1 \u0d9c\u0d9f\u0d9a\u0dd2 \u0da2\u0dd3\u0dc0\u0dd2\u0dad\u0dda\r\n\u0daf\u0dba\u0dcf\u0dbd\u0dd4 \u0dbd\u0ddd\u0d9a\u0dba\u0dda\n"
    },
    {
        "uuid": "44b35706-8a1e-11e9-a68e-3863bb98c88b",
        "song": "Gamane Gim Niwu Eda ",
        "singer": "Milton Mallawaarachchi ",
        "lyricUnicode": "\u0d9c\u0db8\u0db1\u0dda \u0d9c\u0dd2\u0db8\u0dca \u0db1\u0dd2\u0dc0\u0dd6 \u0d91\u0daf\u0dcf\r\n\u0dc3\u0dd0\u0db1\u0dc3\u0dd4\u0db8\u0dca \u0db4\u0dc0\u0db1\u0dca \u0dc3\u0dbd\u0dcf\r\n\u0d94\u0db6 \u0db8\u0dcf \u0daf\u0dc0\u0dba\u0dd2 \u0daf\u0dd2\u0dc0\u0dcf \u0dbb\u0dd1 \r\n\u0dc4\u0daf \u0dc3\u0ddd \u0dc3\u0dd4\u0dc3\u0dd4\u0db8\u0dca \u0dc4\u0dd9\u0dc5\u0dcf //\n\r\n\u0d94\u0db6 \u0db8\u0d82 \u0db8\u0dd4\u0dc5\u0dcf \u0dc0\u0dd9\u0dbd\u0dcf \u0d9c\u0dd2\u0dba\u0dcf \u0db4\u0dd9\u0db8\u0dca \u0db4\u0dc4\u0db1\u0dca \u0db1\u0dd2\u0dc0\u0dcf\r\n\u0d85\u0dc4\u0dd2\u0dad\u0d9a\u0dca \u0dc4\u0dd2\u0dad\u0db1\u0dca\u0db1\u0dda \u0db1\u0dd1 \u0db4\u0dca\u200d\u0dbb\u0dd2\u0dba\u0dda \u0dc3\u0dd2\u0dc4\u0dd2\u0db1\u0dd9\u0d9a\u0dd2\u0db1\u0dca \u0db4\u0dc0\u0dcf\r\n\u0d85\u0daf \u0d94\u0db6\u0d9c\u0dda \u0da2\u0dd3\u0dc0\u0dd2\u0dad\u0dda \u0d9a\u0dad\u0dbb\u0d9a\u0dd3 \u0dc0\u0dcf\u0dc5\u0dd4\u0d9a\u0dcf\r\n\u0dc4\u0dd2\u0db1\u0dd0\u0dc4\u0dd9\u0db1\u0dca\u0db1 \u0dba\u0dc5\u0dd2 \u0daf\u0dd2\u0dbd\u0dd9\u0dba\u0dd2 \u0daf\u0ddb\u0dc0\u0dba\u0dda \u0dad\u0dcf\u0dbb\u0dd4\u0d9a\u0dcf\r\n\u0d9c\u0db8\u0db1\u0dda \u0d9c\u0dd2\u0db8\u0dca \u0db1\u0dd2\u0dc0\u0dd6 \u0d91\u0daf\u0dcf\n\r\n\u0db8\u0dad\u0d9a\u0dda \u0dad\u0dd2\u0db6\u0dda\u0daf \u0d92 \u0dba\u0dd4\u0d9c\u0dda \u0db8\u0dcf\u0d9c\u0dda \u0da0\u0dda\u0dad\u0db1\u0dcf\r\n\u0dc0\u0dd0\u0da7\u0dc4\u0dd9\u0db1\u0dca\u0db1\u0dda \u0daf\u0dd0\u0db1\u0dca\u0daf \u0d86\u0daf\u0dbb\u0dda \u0dc3\u0ddd\u0d9a \u0dc0\u0dda\u0daf\u0db1\u0dcf\r\n\u0d9d\u0dab \u0d85\u0db1\u0dca\u0db0\u0d9a\u0dcf\u0dbb\u0dba\u0dda \u0db4\u0dcf\u0dc5\u0dd4\u0dc0\u0dda \u0d9a\u0dd2\u0db8\u0dd2\u0daf\u0dd4\u0dab\u0dcf\r\n\u0dc4\u0dd2\u0db1\u0dd0\u0dc4\u0dd9\u0db1\u0dca\u0db1 \u0dba\u0dc5\u0dd2 \u0daf\u0dd2\u0dbd\u0dd9\u0dba\u0dd2 \u0daf\u0ddb\u0dc0\u0dba\u0dda \u0dad\u0dcf\u0dbb\u0dd4\u0d9a\u0dcf\n\r\n\u0d9c\u0db8\u0db1\u0dda \u0d9c\u0dd2\u0db8\u0dca \u0db1\u0dd2\u0dc0\u0dd6..... //"
    },
    {
        "uuid": "485bcc4c-8a1e-11e9-a953-3863bb98c88b",
        "song": "Gan Iwurata Kiya Enna ",
        "singer": "Victor Rathnayaka ",
        "lyricUnicode": "\u0d9c\u0d82 \u0d89\u0dc0\u0dd4\u0dbb\u0da7 \u0d9a\u0dd2\u0dba\u0dcf \u0dba\u0db1\u0dca\u0db1 \u0db1\u0ddc\u0d91\u0db1\u0dcf \u0db6\u0dc0 \u0d86\u0dba\u0dda\r\n\u0daf\u0dd2\u0dba \u0dbb\u0dd0\u0dbd\u0dd2 \u0db8\u0dad \u0dc3\u0dd4\u0dc3\u0dd4\u0db8\u0dca \u0dc4\u0dd9\u0dbd\u0db1 \u0db4\u0dd9\u0db1 \u0d9a\u0db3\u0dd4\u0dbd\u0dd0\u0dbd\u0dd2  \u0dc0\u0dcf\u0d9c\u0dda\r\n\u0d87\u0dc0\u0dd2\u0daf\u0dd2\u0db1\u0dca \u0d9a\u0dd2\u0dba\u0dcf \u0dba\u0db1\u0dca\u0db1 \u0db1\u0ddc\u0d91\u0db1\u0dcf \u0db6\u0dc0 \u0d86\u0dba\u0dda \r\n\u0db1\u0ddc\u0d91\u0db1\u0dcf \u0db6\u0dc0 \u0d86\u0dba\u0dda\n\r\n\u0dc0\u0dd2\u0db4\u0dbb\u0db8\u0dca \u0d9a\u0dbd\u0dad\u0dca \u0db8\u0d9c\u0dd9\u0db1\u0dca \u0d9c\u0d9f \u0daf\u0dd2\u0dba \u0dc4\u0dd2\u0dc3 \u0d94\u0dc3\u0dc0\u0dcf\r\n\u0dc3\u0dad\u0dca\u0dad\u0dba\u0dd2 \u0db1\u0ddc\u0daf\u0db1\u0dd2\u0db8\u0dd2 \u0db8\u0db8 \u0dad\u0dc0 \u0d9a\u0dd2\u0dba\u0db1\u0dd4\u0daf \u0db8\u0ddc\u0db1\u0dc0\u0dcf\r\n\u0d87\u0dc0\u0dd2\u0daf\u0dd2\u0db1\u0dca \u0d9a\u0dd2\u0dba\u0dcf \u0dba\u0db1\u0dca\u0db1 \u0db1\u0ddc\u0d91\u0db1\u0dcf \u0db6\u0dc0 \u0d86\u0dba\u0dda\r\n\u0db1\u0ddc\u0d91\u0db1\u0dcf \u0db6\u0dc0 \u0d86\u0dba\u0dda\n\r\n\u0d9c\u0d82 \u0d89\u0dc0\u0dd4\u0dbb\u0da7 \u0d9a\u0dd2\u0dba\u0dcf \u0dba\u0db1\u0dca\u0db1.....\n\r\n\u0dc0\u0dd9\u0db1\u0daf\u0dcf \u0dc0\u0d9c\u0dd9\u0db8 \u0dbb\u0dd4\u0dc0\u0da7 \u0db8\u0dbd\u0dca \u0db4\u0dd2\u0db4\u0dd9\u0db1\u0dc0\u0dcf \u0daf\u0dd1\u0dbd\u0dda\r\n\u0dc3\u0dd2\u0dad \u0db1\u0dd0\u0dc4\u0dd0 \u0dc3\u0dd2\u0db4\u0d9c\u0db1\u0dca\u0db1\u0da7 \u0db4\u0dd9\u0dad\u0dd2 \u0d9c\u0dd2\u0dbd\u0dd2\u0dc4\u0dd4\u0dd4\u0db1\u0dd4 \u0dc4\u0dd3\u0db1\u0dda\r\n\u0d87\u0dc0\u0dd2\u0daf\u0dd2\u0db1\u0dca \u0d9a\u0dd2\u0dba\u0dcf \u0dba\u0db1\u0dca\u0db1 \u0db1\u0ddc\u0d91\u0db1\u0dcf \u0db6\u0dc0 \u0d86\u0dba\u0dda\r\n\u0db1\u0ddc\u0d91\u0db1\u0dcf \u0db6\u0dc0 \u0d86\u0dba\u0dda\n\r\n\u0d9c\u0d82 \u0d89\u0dc0\u0dd4\u0dbb\u0da7 \u0d9a\u0dd2\u0dba\u0dcf \u0dba\u0db1\u0dca\u0db1....."
    },
    {
        "uuid": "4957b592-8a1e-11e9-b4a0-3863bb98c88b",
        "song": "Gan Iwure Thuru Latha Madulle ",
        "singer": "Edward Jayakody ",
        "lyricUnicode": "\u0d9c\u0d82 \u0d89\u0dc0\u0dd4\u0dbb\u0dda \u0dad\u0dd4\u0dbb\u0dd4\u0dbd\u0dad\u0dcf \u0db8\u0da9\u0dd4\u0dbd\u0dca\u0dbd\u0dda\r\n\u0dc3\u0dba\u0dd4\u0dbb\u0dd4 \u0db8\u0dcf\u0dba\u0dd2\u0db8\u0dda \u0db4\u0dd4\u0dbd\u0dd2\u0db1 \u0dad\u0dbd\u0dcf\u0dc0\u0dda\r\n\u0dc3\u0dd9\u0db1\u0dd9\u0dc4\u0dc3 \u0dc4\u0dd0\u0d9c\u0dd4\u0db8\u0dd2\u0db1\u0dca \u0da0\u0db8\u0dad\u0dca\u0d9a\u0dcf\u0dbb\u0dc0\u0dd3\r\n\u0d85\u0db4 \u0d9c\u0dd0\u0db1 \u0d85\u0db4 \u0dc4\u0dd2\u0dad\u0dd4 \u0dc4\u0dd1\u0da7\u0dd3 \u0db8\u0dd2\u0dc4\u0dd2\u0dbb\u0dda\n\r\n\u0d86\u0daf\u0dbb \u0dc0\u0dd3\u0dbb\u0dd2\u0dba \u0da2\u0dba \u0db8\u0d82\u0d9c\u0dbd \u0d9c\u0dd3\r\n\u0d9a\u0dd4\u0dbb\u0dd4\u0dc5\u0dd4 \u0d9a\u0daf\u0dd0\u0dbd\u0dca\u0dbd\u0d9a\u0dd2 \u0db4\u0dd4\u0db1\u0dca\u0da0\u0dd2 \u0db4\u0dd0\u0dbd\u0dda\r\n\u0db4\u0dca\u200d\u0dbb\u0dda\u0db8\u0dc0\u0db1\u0dca\u0dad\u0dba\u0ddd.. \u0db4\u0dca\u200d\u0dbb\u0dda\u0db8\u0dc0\u0db1\u0dca\u0dad\u0dba\u0ddd \u0daf\u0dd9\u0d9c\u0dd4\u0dbb\u0dd4\u0db1\u0dca\u0dc0\u0dd3\r\n\u0dba\u0dbd\u0dd2 \u0d89\u0db4\u0daf\u0dd4\u0db1\u0dd4 \u0dc4\u0dd0\u0da7\u0dd2 \u0dc4\u0dbb\u0dd2\u0db8 \u0d85\u0d9c\u0dd9\u0dba\u0dd2\n\r\n\u0d9c\u0d82 \u0d89\u0dc0\u0dd4\u0dbb\u0dda......\n\r\n\u0dc3\u0dd2\u0d9c\u0dd2\u0dad\u0dd2 \u0dc3\u0db1\u0dca\u0da9\u0dd4 \u0db8\u0dd0\u0daf \r\n\u0dc4\u0dd2\u0db1\u0dcf \u0dc0\u0dd9\u0dc0\u0dd3 \u0d9a\u0dd2\u0dbb\u0dd4\u0dc5\u0dd4\u0db4\u0dbd\u0db1\u0dca \u0da2\u0dd3\u0dc0\u0dd2\u0dad \u0d9c\u0db8\u0db1\u0dda\r\n\u0daf\u0ddd\u0dbb \u0d9c\u0dbd\u0dcf.. \u0daf\u0ddd\u0dbb \u0d9c\u0dbd\u0dcf \u0d9a\u0dbb\u0daf\u0dbb \u0d86\u0dc0\u0dad\u0dca\r\n\u0d89\u0daf\u0dd2\u0db8\u0dd4 \u0d91\u0daf\u0dcf \u0db8\u0dd9\u0db1\u0dca \u0dc0\u0dd9\u0db1\u0dc3\u0dca \u0db1\u0ddc\u0dc0\u0dd3\n\r\n\u0d9c\u0d82 \u0d89\u0dc0\u0dd4\u0dbb\u0dda......"
    },
    {
        "uuid": "4a7975be-8a1e-11e9-ba35-3863bb98c88b",
        "song": "Ganga Ennako Ganga ",
        "singer": "Abeywardana Balasooriya ",
        "lyricUnicode": "\u0d9c\u0d82\u0d9c\u0dcf \u0d91\u0db1\u0dca\u0db1\u0d9a\u0ddd \u0d9c\u0d82\u0d9c\u0dcf\r\n\u0db8\u0d82 \u0db6\u0dbd\u0dcf\u0db1 \u0d89\u0db1\u0dca\u0db1\u0dda\r\n\u0d94\u0db6 \u0d91\u0db1\u0dad\u0dd4\u0dbb\u0dd4 \u0d9c\u0d82\u0d9c\u0dcf\n\r\n\u0daf\u0dd2\u0dbb\u0dd6 \u0d89\u0db4\u0dbd\u0dca \u0d85\u0dad\u0dca \u0daf\u0dac\u0dd4 \u0d94\u0dc3\u0dc0\u0dcf\u0d9c\u0dd9\u0db1\r\n\u0db1\u0dd2\u0dba\u0dd9\u0d9f\u0db1\u0dca \u0daf\u0dcf \u0d9c\u0dd2\u0dba \u0dc3\u0dd2\u0dbb\u0dd4\u0dbb \u0dc0\u0dcf\u0dbb\u0dd4\u0d9a\u0dbb // \r\n\u0db6\u0dbd\u0dcf \u0dc3\u0dd2\u0da7\u0dd2\u0daf\u0dca\u0daf\u0dd3 \u0db8\u0dcf\r\n\u0d85\u0dc4\u0d9a \u0db6\u0dbd\u0dcf\u0d9c\u0dd9\u0db1 \u0d9c\u0dbd\u0dcf \u0d9c\u0dd2\u0dba\u0dcf \u0d94\u0db6\r\n\u0db1\u0dd1 \u0db1\u0dda\u0daf \u0d89\u0dad\u0dd2\u0db1\u0dca \u0dba\u0dc5\u0dd2 \u0d85\u0dc4\u0d9a \u0db6\u0dbd\u0db1\u0dca \u0dba\u0db1\u0dca\u0db1\u0dda\n\r\n\u0d9c\u0d82\u0d9c\u0dcf \u0d91\u0db1\u0dca\u0db1\u0d9a\u0ddd \u0d9c\u0d82\u0d9c\u0dcf.....\n\r\n\u0db4\u0dd2\u0db4\u0dd4\u0dbb\u0dd4\u0dab\u0dd4 \u0daf\u0dd9\u0dad\u0ddc\u0dbd\u0dd2\u0db1\u0dca \u0d85\u0dc4\u0dc3 \u0db6\u0dbd\u0dcf\u0d9c\u0dd9\u0db1\r\n\u0daf\u0dd2\u0dba\u0db4\u0ddc\u0daf \u0dbb\u0dc4\u0dd2\u0dad\u0dc0 \u0d85\u0d9a\u0dbd\u0da7 \u0db8\u0dc4\u0dc5\u0dd4\u0dc0 // \r\n\u0dc4\u0dac\u0dcf \u0dc0\u0dd0\u0da7\u0dd9\u0daf\u0dca\u0daf\u0dd3 \u0db8\u0dcf\r\n\u0db4\u0dd9\u0db1\u0dd9\u0db1 \u0d89\u0dc3\u0dc0\u0dca\u0dc0\u0dd9\u0db1\u0dca \u0db8\u0dd6\u0daf\u0dd4 \u0d9c\u0dd2\u0dba\u0dcf \u0d94\u0db6\r\n\u0db1\u0dd1 \u0db1\u0dda\u0daf \u0d89\u0dad\u0dd2\u0d82 \u0dba\u0dc5\u0dd2 \u0d85\u0dc4\u0d9a \u0db6\u0dbd\u0db1\u0dca \u0dba\u0db1\u0dca\u0db1\u0dda\n\r\n\u0d9c\u0d82\u0d9c\u0dcf \u0d91\u0db1\u0dca\u0db1\u0d9a\u0ddd \u0d9c\u0d82\u0d9c\u0dcf....."
    },
    {
        "uuid": "4c0fba76-8a1e-11e9-92e7-3863bb98c88b",
        "song": "Gasak Nara Mal Pipila Pinbara Dawase ",
        "singer": "Chandrasena Hettiarachchi ",
        "lyricUnicode": "\u0d9c\u0dc3\u0d9a\u0dca \u0db1\u0dd1\u0dbb \u0db8\u0dbd\u0dca \u0db4\u0dd2\u0db4\u0dd2\u0dbd\u0dcf \u0db4\u0dd2\u0db1\u0dca\u0db6\u0dbb \u0daf\u0dc0\u0dc3\u0dda\r\n\u0dc0\u0dd9\u0dc3\u0d9a\u0dca \u0dc0\u0dd9\u0dc3\u0d9a\u0dca \u0dc0\u0dd9\u0dc3\u0d9a\u0dca \u0d9a\u0dd2\u0dba\u0dba\u0dd2 \u0db4\u0dcf \u0db8\u0daf\u0dc4\u0dcf\u0dc3\u0dda\r\n\u0db8\u0dd4\u0db1\u0dd2 \u0db4\u0dcf \u0db4\u0dd4\u0daf\u0dcf \u0d9c\u0db1\u0dca\u0db1 \u0dad\u0dd9\u0db8\u0d9f\u0dd4\u0dbd\u0dca \u0daf\u0dd2\u0db1\u0dda\r\n\u0dc0\u0dd9\u0dc3\u0d9a\u0dca \u0dc0\u0dd9\u0dc3\u0d9a\u0dca \u0dc0\u0dd9\u0dc3\u0d9a\u0dca \u0d9a\u0dd2\u0dba\u0dba\u0dd2 \u0db4\u0dcf \u0db8\u0daf\u0dc4\u0dcf\u0dc3\u0dda //\n\r\n\u0daf\u0dc4\u0dc3\u0dca \u0d9c\u0dab\u0db1\u0dca \u0db8\u0dbd\u0dca \u0db4\u0dd2\u0db4\u0dd2\u0dbd\u0dcf \u0dc3\u0dd4\u0dc0\u0db3 \u0dc4\u0dbd\u0dcf\u0d9c\u0dd9\u0db1 \u0db1\u0dd0\u0dc5\u0dc0\u0dd9\u0db1\u0dca\u0db1\u0dda\r\n\u0d9a\u0dcf\u0d9c\u0dd9\u0dad\u0dca \u0db8\u0dd9\u0dad\u0dca \u0dc3\u0dd2\u0dad\u0dca \u0db4\u0dd0\u0dad\u0dd4\u0db8\u0db1\u0dca \u0d85\u0db3\u0dd4\u0dbb\u0dd4 \u0dbd\u0ddc\u0dc0\u0d9a\u0dca \u0d91\u0dc5\u0dd2\u0dba \u0d9a\u0dbb\u0db1\u0dca\u0db1\u0dda\r\n\u0db8\u0dc4\u0dd2\u0db8\u0dda \u0d9a\u0dd2\u0dba\u0dcf\u0db4\u0dcf \u0dad\u0dd9\u0db8\u0d9f\u0dd4\u0dbd\u0dca \u0daf\u0dd2\u0db1\u0dda\r\n\u0dc0\u0dd9\u0dc3\u0d9a\u0dca \u0dc0\u0dd9\u0dc3\u0d9a\u0dca \u0dc0\u0dd9\u0dc3\u0d9a\u0dca \u0d9a\u0dd2\u0dba\u0dba\u0dd2 \u0db4\u0dcf \u0db8\u0daf\u0dc4\u0dcf\u0dc3\u0dda //\n\r\n\u0d9c\u0dc3\u0d9a\u0dca \u0db1\u0dd1\u0dbb \u0db8\u0dbd\u0dca \u0db4\u0dd2\u0db4\u0dd2\u0dbd\u0dcf...\n\r\n\u0db8\u0dbd\u0dca \u0db8\u0dd0\u0daf \u0db6\u0dd2\u0d9f\u0dd4 \u0d9a\u0dd0\u0dbd \u0dbb\u0dd0\u0db3\u0dd2\u0dbd\u0dcf \u0db6\u0dd4\u0daf\u0dd4 \u0d9c\u0dd4\u0dab \u0d9c\u0dd3\u0dad\u0dba \u0db8\u0dd4\u0db8\u0dd4\u0dab\u0db1\u0dca\u0db1\u0dda\r\n\u0dc0\u0dd9\u0dc3\u0d9a\u0dca \u0d9c\u0dd3\u0dad \u0dbb\u0dd0\u0dc0\u0dca \u0db1\u0dd0\u0d9f\u0dd2\u0dbd\u0dcf \u0db8\u0dd4\u0dbd\u0dd4 \u0dc3\u0dd2\u0dbb\u0dd2\u0dbd\u0d9a \u0db4\u0dd4\u0db6\u0dd4\u0daf\u0dd4 \u0d9a\u0dbb\u0db1\u0dca\u0db1\u0dda\r\n\u0dc3\u0dd2\u0dbb\u0dd2\u0dba\u0dd9\u0db1\u0dca \u0d8b\u0daf\u0db8\u0dca \u0dc0\u0dd3 \u0dad\u0dd9\u0db8\u0d9f\u0dd4\u0dbd\u0dca \u0daf\u0dd2\u0db1\u0dda\r\n\u0dc0\u0dd9\u0dc3\u0d9a\u0dca \u0dc0\u0dd9\u0dc3\u0d9a\u0dca \u0dc0\u0dd9\u0dc3\u0d9a\u0dca \u0d9a\u0dd2\u0dba\u0dba\u0dd2 \u0db4\u0dcf \u0db8\u0daf\u0dc4\u0dcf\u0dc3\u0dda //\n\r\n\u0d9c\u0dc3\u0d9a\u0dca \u0db1\u0dd1\u0dbb \u0db8\u0dbd\u0dca \u0db4\u0dd2\u0db4\u0dd2\u0dbd\u0dcf...\n"
    },
    {
        "uuid": "4d0f63d4-8a1e-11e9-805e-3863bb98c88b",
        "song": "Gatha Babalai Ranwan Ran Wela Se ",
        "singer": "Indrajith Dolamulla ",
        "lyricUnicode": "\u0d9c\u0dad \u0db6\u0db6\u0dbd\u0dba\u0dd2 \u0dbb\u0db1\u0dca\u0dc0\u0db1\u0dca \u0dbb\u0db1\u0dca \u0dc0\u0dd0\u0dbd \u0dc3\u0dda\r\n\u0dc0\u0dad \u0db6\u0db6\u0dbd\u0dba\u0dd2 \u0dbb\u0db1\u0dca\u0dc0\u0db1\u0dca \u0db4\u0dd4\u0db1\u0dca \u0dc3\u0daf \u0dc3\u0dda\r\n\u0db1\u0dd9\u0dad\u0dd4 \u0db6\u0db6\u0dbd\u0dba\u0dd2 \u0dbb\u0db1\u0dca \u0dad\u0dbb\u0dd4 \u0dba\u0dd4\u0dc0\u0dbd\u0d9a\u0dca \u0dc3\u0dda\r\n\u0dc3\u0dd2\u0dad \u0db6\u0dd0\u0daf\u0dd4\u0db1\u0dba\u0dd2 \u0db8\u0dbd\u0dca \u0d9a\u0dd0\u0d9a\u0dd4\u0dbd\u0dd2\u0da7 \u0dbb\u0dc4\u0dc3\u0dda //\n\r\n\u0d9c\u0db8\u0db1\u0dd9\u0db1\u0dca \u0db6\u0dd2\u0db8\u0db1\u0dd9\u0db1\u0dca \u0d87\u0dba \u0db8\u0dd2\u0dba\u0dd4\u0dbd\u0dd0\u0dc3\u0dd2\u0dba\u0dba\u0dd2\r\n\u0dad\u0dd9\u0db4\u0dd4\u0dbd\u0dd2\u0db1\u0dca \u0d87\u0dba \u0dc3\u0dd0\u0dbd\u0dbd\u0dd2\u0dc4\u0dd2\u0dab\u0dd2 \u0d9a\u0dd4\u0db8\u0dbb\u0dd2\u0dba\u0dba\u0dd2\r\n\u0db4\u0dd2\u0db1\u0dca\u0db6\u0dbb \u0db4\u0dd9\u0db1\u0dd4\u0db8\u0dd2\u0db1\u0dca \u0db4\u0dbb\u0dc0\u0dd2 \u0dbb\u0dd0\u0da2\u0dd2\u0db1\u0dd2\u0dba\u0dba\u0dd2\r\n\u0db4\u0dd9\u0db8\u0dca\u0db6\u0dbb \u0dc4\u0dd0\u0d9c\u0dd4\u0db8\u0dd2\u0db1\u0dca \u0db6\u0db9\u0dbb \u0dba\u0dd4\u0dc0\u0dad\u0dd2\u0dba\u0dba\u0dd2\n\r\n\u0d9c\u0dad \u0db6\u0db6\u0dbd\u0dba\u0dd2.....\n\r\n\u0db1\u0dbd\u0dbd\u0dca \u0dad\u0dbd\u0dba \u0d85\u0da9 \u0dc3\u0db3 \u0dc3\u0dda \u0db6\u0dd0\u0db6\u0dbd\u0dd9\u0dba\u0dd2\r\n\u0daf\u0dd9\u0dad\u0ddc\u0dbd\u0dca \u0dba\u0dd4\u0dc0\u0dbd \u0db1\u0dcf \u0daf\u0dbd\u0dd6 \u0dc3\u0dda \u0daf\u0dd2\u0dbd\u0dd2\u0dc3\u0dd9\u0dba\u0dd2\r\n\u0daf\u0dc3\u0db1\u0dca \u0dc0\u0dbd\u0da7 \u0db8\u0dd4\u0dad\u0dd4 \u0d9a\u0dd0\u0da7 \u0dc0\u0dd4\u0dc0 \u0db4\u0dd0\u0dbb\u0daf\u0dd9\u0dba\u0dd2\r\n\u0dbb\u0da7\u0d9a\u0dca \u0dc0\u0da7\u0dd2\u0db1 \u0dc3\u0dd2\u0db1\u0dc4\u0dc0 \u0db8\u0dd4\u0dc0 \u0dc0\u0dd2\u0dc4\u0dd2\u0daf\u0dd9\u0dba\u0dd2\n\r\n\u0d9c\u0dad \u0db6\u0db6\u0dbd\u0dba\u0dd2..... //\n\r\n\u0dc3\u0dd2\u0dad \u0db6\u0dd0\u0daf\u0dd4\u0db1\u0dba\u0dd2 \u0db8\u0dbd\u0dca \u0d9a\u0dd0\u0d9a\u0dd4\u0dbd\u0dd2\u0da7 \u0dbb\u0dc4\u0dc3\u0dda //\n"
    },
    {
        "uuid": "5062f882-8a1e-11e9-87f7-3863bb98c88b",
        "song": "Gele Ran Mala Da Hadawi ",
        "singer": "Upali Kannangara ",
        "lyricUnicode": "\u0d9c\u0dd9\u0dbd\u0dda \u0dbb\u0db1\u0dca \u0db8\u0dcf\u0dbd \u0daf\u0dcf \u0dc4\u0dd0\u0da9\u0dc0\u0dd3 \r\n\u0d9a\u0dbb\u0dda \u0dbb\u0db1\u0dca \u0dad\u0ddd\u0da9\u0dd4 \u0daf\u0dcf \u0dc3\u0dd0\u0dbb\u0dc3\u0dd3 \r\n\u0db8\u0d9c\u0dda \u0db8\u0db1\u0db8\u0dcf\u0dbd\u0dd3 \u0dc0\u0dd3 \u0db1\u0dd4\u0db9 \r\n\u0d9a\u0dc0\u0daf\u0dcf\u0daf \u0db8\u0dcf\u0dc0\u0dd9\u0dad \r\n\u0d91\u0db1\u0dca\u0db1\u0dda \u0d9a\u0dd2\u0dba\u0db1\u0dca \u0db8\u0dd0\u0dab\u0dd2\u0d9a\u0ddd \n\r\n\u0d9c\u0dd9\u0dbd\u0dda \u0dbb\u0db1\u0dca \u0db8\u0dcf\u0dbd \u0daf\u0dcf...\n\r\n\u0db6\u0dd0\u0db1\u0dca\u0daf\u0dd4 \u0dc3\u0dd2\u0db1\u0dcf \u0dc3\u0db3 \u0dc0\u0d9c\u0dda \u0db8\u0dd4\u0dc4\u0dd4\u0dab\u0dda \r\n\u0daf\u0dd0\u0d9a\u0dca\u0d9a\u0dcf\u0db8 \u0dc4\u0dd2\u0dad \u0db6\u0dd0\u0db3\u0dd4\u0db1\u0dda \r\n\u0db4\u0dd9\u0db1\u0dca\u0db1\u0dcf \u0d85\u0d9c\u0dda \u0dc4\u0daf \u0dbb\u0dd0\u0db3\u0dd2 \u0dc3\u0dd9\u0db1\u0dd9\u0dc4\u0dda \r\n\u0d89\u0db1\u0dca\u0db1\u0db8\u0dca  \u0db6\u0dd0\u0db3\u0dd2 \u0d91\u0d9a \u0dc3\u0dda \r\n\u0db1\u0dd0\u0dad \u0daf\u0dcf\u0dba\u0dcf\u0daf \u0d95\u0db1\u0dda \u0d9a\u0dd2\u0dc3\u0dd2\u0daf\u0dcf\u0d9a \u0db1\u0ddd\u0db1\u0dda \r\n\u0d94\u0dba \u0daf\u0dd1\u0dad \u0dc4\u0dd2\u0db8\u0dd2 \u0dc0\u0dda\u0db1\u0db8\u0dca \r\n\u0dc3\u0dd4\u0daf\u0dd4 \u0db1\u0dd1\u0db1\u0dcf \u0db8\u0d9c\u0dda \u0d9a\u0dbb\u0d9a\u0dcf\u0dbb\u0dda \u0db6\u0dd0\u0db3\u0d9c\u0dd9\u0db1 \r\n\u0db4\u0dab \u0dc0\u0dcf\u0d9c\u0dda \u0dbb\u0dd0\u0d9a \u0d9c\u0db1\u0dca\u0db1\u0db8\u0dca \r\n\u0db8\u0d9c\u0dda \u0db4\u0dab \u0dc0\u0dcf\u0d9c\u0dda \u0dbb\u0dd0\u0d9a\u0d9c\u0db1\u0dca\u0db1\u0db8\u0dca\n\r\n\u0d9c\u0dd9\u0dbd\u0dda \u0dbb\u0db1\u0dca \u0db8\u0dcf\u0dbd \u0daf\u0dcf...\n\r\n\u0db6\u0db1\u0dca\u0daf\u0dcf \u0dad\u0ddd\u0dbb\u0dab\u0dca \u0dc4\u0dd0\u0db8\u0da7\u0db8 \u0d9a\u0dd2\u0dba\u0dbd\u0dcf \r\n\u0dc4\u0daf\u0dca\u0daf\u0dcf \u0db8\u0d9c\u0dd4\u0dbd\u0dca \u0d9a\u0db1\u0dc0\u0dcf \r\n\u0d9a\u0dd0\u0db1\u0dca\u0db3\u0dcf \u0d85\u0dbb\u0db1\u0dca \u0dba\u0db1 \u0daf\u0dcf \u0db8\u0dd0\u0dab\u0dd2\u0d9a\u0dcf \r\n\u0d9c\u0db8\u0dca\u0db8\u0dcf\u0db1\u0dda \u0d91\u0dc5\u0dd2 \u0dc0\u0dd9\u0db1\u0dc0\u0dcf \r\n\u0db4\u0dd0\u0dc5\u0dda \u0dbb\u0db1\u0dca \u0db4\u0dc4\u0db1 \u0dc0\u0dcf\u0d9c\u0dda \u0d94\u0db6 \u0d89\u0db1\u0dca\u0db1 \u0d95\u0db1\u0dda \r\n\u0dc4\u0dd0\u0db8\u0daf\u0dcf\u0db8 \u0dc3\u0d82\u0dad\u0ddd\u0dc3\u0dd9\u0db1\u0dca \r\n\u0dc3\u0dd4\u0daf\u0dd4 \u0db1\u0dd1\u0db1\u0dcf \u0db8\u0dcf\u0d9c\u0dda \u0d9a\u0dbb\u0d9a\u0dcf\u0dbb\u0dda \u0db6\u0dd0\u0daf\u0d9c\u0dd9\u0db1 \r\n\u0db4\u0dab \u0dc0\u0dcf\u0d9c\u0dda \u0dbb\u0dd0\u0d9a\u0d9c\u0db1\u0dca\u0db1\u0db8\u0dca \r\n\u0db8\u0d9c\u0dda \u0db4\u0dab \u0dc0\u0dcf\u0d9c\u0dda \u0dbb\u0dd0\u0d9a\u0d9c\u0db1\u0dca\u0db1\u0db8\u0dca\n\r\n\u0d9c\u0dd9\u0dbd\u0dda \u0dbb\u0db1\u0dca \u0db8\u0dcf\u0dbd \u0daf\u0dcf..."
    },
    {
        "uuid": "53d52c0c-8a1e-11e9-b8d0-3863bb98c88b",
        "song": "Giman Harina Diyaba Dige (Adarayada Me) ",
        "singer": "W D Amaradeva ",
        "lyricUnicode": "\u0d9c\u0dd2\u0db8\u0db1\u0dca \u0dc4\u0dbb\u0dd2\u0db1 \u0daf\u0dd2\u0dba\u0db9 \u0daf\u0dd2\u0d9c\u0dda \r\n\u0dc3\u0dd4\u0dc3\u0dd4\u0db8\u0dca \u0dc4\u0dd9\u0dbd\u0db1 \u0dc0\u0dd9\u0dbb\u0dc5 \u0d89\u0db8\u0dda \r\n\u0db6\u0dd0\u0dc3 \u0dba\u0db1 \u0dc4\u0dd2\u0dbb\u0dd4 \u0d85\u0da9\u0dd0\u0dc3\u0dd2 \u0dc3\u0db3\u0da7 \u0dbb\u0dc4\u0dc3\u0dca \u0d9a\u0dd2\u0dba\u0db1\u0dc0\u0dcf \r\n\u0dc3\u0daf \u0d86\u0daf\u0dbb\u0dba\u0dd9\u0db1\u0dca \u0d85\u0dc4\u0dc3 \u0db4\u0dd4\u0dbb\u0dcf \u0dbb\u0da7\u0dcf \u0db8\u0dc0\u0db1\u0dc0\u0dcf\n\r\n\u0dc4\u0dd2\u0dad\u0dca \u0daf\u0dd0\u0dc4\u0dd0\u0db1\u0dda \u0dc0\u0dd9\u0dbd\u0dd3 \u0dad\u0dd2\u0db6\u0dd4\u0dab\u0dd4 \r\n\u0db1\u0dd9\u0dad\u0dca \u0daf\u0dd0\u0dc4\u0dd0\u0db1\u0dda \u0d9c\u0dbd\u0dcf \u0dc4\u0dd0\u0dbd\u0dd6\u0dab\u0dd4 \r\n\u0db8\u0dd2\u0dba\u0dd0\u0daf\u0dd9\u0db1\u0dca\u0db1\u0da7 \u0db6\u0dbd\u0dcf \u0d89\u0db3\u0db4\u0dd4 \u0d86\u0daf\u0dbb\u0dba\u0daf \u0db8\u0dda \r\n\u0dc4\u0dd2\u0dbb\u0dd4 \u0dbb\u0dc4\u0dc3\u0dda \u0d9a\u0dd2\u0dba\u0dcf \u0daf\u0dd4\u0db1\u0dca\u0db1 \u0d86\u0daf\u0dbb\u0dba\u0daf \u0db8\u0dda\n\r\n\u0db1\u0dd2\u0dbd\u0dca \u0d9a\u0da7\u0dbb\u0ddc\u0dc5\u0dd4 \u0db1\u0dd2\u0dbd \u0db1\u0dd0\u0dc4\u0dd0\u0dc0\u0dd4\u0dab \r\n\u0db8\u0dbd\u0dca \u0daf\u0dbb \u0db8\u0dd4\u0daf\u0dd4 \u0dc3\u0dd4\u0dc0 \u0dbb\u0dd0\u0db3\u0dc0\u0dd4\u0dab \r\n\u0dad\u0ddc\u0dbd\u0dca\u0db4\u0dd9\u0dad\u0dd2 \u0d9a\u0dbd\u0dca \u0db5\u0dbd\u0daf\u0dcf\u0dbd\u0db1 \u0d86\u0daf\u0dbb\u0dba\u0daf \u0db8\u0dda \r\n\u0db1\u0dd4\u0db9 \u0dbb\u0dc4\u0dc3\u0dda \u0d9a\u0dd2\u0dba\u0dcf \u0daf\u0dd4\u0db1\u0dca\u0db1 \u0d86\u0daf\u0dbb\u0dba\u0daf \u0db8\u0dda\n\r\n\u0d9c\u0dd2\u0db8\u0db1\u0dca \u0dc4\u0dbb\u0dd2\u0db1......"
    },
    {
        "uuid": "550e7d8a-8a1e-11e9-a040-3863bb98c88b",
        "song": "Gimhana Kale Sudu Wali Thala ",
        "singer": "Edward Jayakody ",
        "lyricUnicode": "\u0d9c\u0dd2\u0db8\u0dca\u0dc4\u0dcf\u0db1 \u0d9a\u0dcf\u0dbd\u0dda \u0dc3\u0dd4\u0daf\u0dd4 \u0dc0\u0dd0\u0dbd\u0dd2 \u0dad\u0dbd\u0dcf\r\n\u0d9c\u0d82\u0daf\u0dd1\u0dbd \u0db8\u0dcf\u0db1\u0dda \u0dc3\u0dd2\u0dad \u0dad\u0db1\u0dd2 \u0d9a\u0dc5\u0dcf\r\n\u0d9a\u0dcf\u0dbd\u0dba \u0d89\u0d9c\u0dd2\u0dbd\u0dca\u0dbd\u0dd3 \u0d85\u0dad\u0dd3\u0dad\u0dba \u0dc3\u0ddc\u0dba\u0dcf\r\n\u0d94\u0db6 \u0d91\u0db1\u0dad\u0dd4\u0dbb\u0dcf \u0db8\u0dcf \u0dad\u0dc0 \u0d89\u0db1\u0dca\u0db1\u0dc0\u0dcf //\n\r\n\u0d9a\u0dc0\u0dd4\u0dbb\u0dd4\u0db1\u0dca\u0daf \u0db8\u0dd4\u0db8\u0dd4\u0dab\u0db1\u0dca\u0db1\u0dd9 \u0d92 \u0d94\u0db6\u0db8\u0daf\u0ddd\r\n\u0daf\u0dd2\u0dba \u0db6\u0dd2\u0daf\u0dd9\u0db1 \u0dc4~ \u0dc0\u0dd9\u0db1\u0dca\u0db1 \u0db6\u0dd1\r\n\u0d92 \u0d9a\u0dcf\u0dbd\u0dba\u0dda \u0d85\u0db4\u0d9c\u0dda \u0db4\u0dd0\u0dad\u0dd4\u0db8\u0dca\r\n\u0dba\u0dc5\u0dd2 \u0d91\u0db1\u0dca\u0db1 \u0db6\u0dd0\u0dbb\u0dd2 \u0d87\u0dba\u0dd2\u0daf \u0d92 \u0dc3\u0dd2\u0dd2\u0dc4\u0dd2\u0db1\u0dba\u0dda\r\n\u0dc4\u0db8\u0dd4\u0dc0\u0dd9\u0db1\u0dca\u0db1 \u0db6\u0dd0\u0dbb\u0dd2 \u0d87\u0dba\u0dd2\u0daf \u0d9c\u0d82 \u0db1\u0dd2\u0db8\u0dca\u0db1\u0dba\u0dda\n\r\n\u0d9c\u0dd2\u0db8\u0dca\u0dc4\u0dcf\u0db1 \u0d9a\u0dcf\u0dbd\u0dda... \n\r\n\u0d9a\u0dcf\u0dbd\u0dba\u0da7 \u0db4\u0dc0\u0dc3\u0db1\u0dca\u0db1 \u0dc0\u0dd9\u0db1\u0daf\u0dcf \u0dc0\u0d9c\u0dda\r\n\u0dc3\u0dbb\u0dc3\u0db1\u0dca\u0db1 \u0dbd\u0dd2\u0dba\u0d9c\u0ddc\u0db8\u0dd4 \u0db8\u0dbd\u0dd2\u0db1\u0dca\r\n\u0d89\u0db3\u0dd4\u0dc0\u0dbb \u0db1\u0dd9\u0dad\u0dd2\u0db1\u0dca \u0db4\u0dd1 \u0dc3\u0dd9\u0db1\u0dd9\u0dc4\u0dc3\u0dd2\u0db1\u0dca\r\n\u0dba\u0dc5\u0dd2 \u0d89\u0db1\u0dca\u0db1 \u0dc3\u0dd4\u0dc0\u0db3\u0d9a\u0dca\u0dc0 \u0d92 \u0dc3\u0dd2\u0dc4\u0dd2\u0db1\u0dba\u0dda\r\n\u0dc4\u0db8\u0dd4\u0dc0\u0dd9\u0db1\u0dca\u0db1 \u0db6\u0dd0\u0dbb\u0dd2 \u0d87\u0dba\u0dd2\u0daf \u0d9c\u0d82 \u0db1\u0dd2\u0db8\u0dca\u0db1\u0dba\u0dda\n\r\n\u0d9c\u0dd2\u0db8\u0dca\u0dc4\u0dcf\u0db1 \u0d9a\u0dcf\u0dbd\u0dda..."
    },
    {
        "uuid": "586edbee-8a1e-11e9-81c1-3863bb98c88b",
        "song": "Guru Gedara Palui ",
        "singer": "W D Amaradeva ",
        "lyricUnicode": "\u0d9c\u0dd4\u0dbb\u0dd4 \u0d9c\u0dd9\u0daf\u0dbb \u0db4\u0dcf\u0dc5\u0dd4\u0dba\u0dd2\r\n\u0d94\u0db6\u0dd9\u0db1\u0dca \u0dc0\u0dd9\u0db1\u0dca\u0dc0\u0dd4\u0dab\u0dd4 \u0db8\u0d9c\u0dda \u0dc3\u0dd2\u0dad \u0db8\u0dd9\u0db1\u0dca\r\n\u0d85\u0dc3\u0dbb\u0dab\u0dba\u0dd2 \u0d85\u0db3\u0dd4\u0dbb\u0dd4\u0dba\u0dd2 \u0db4\u0dcf\u0dc5\u0dd4\u0dba\u0dd2\r\n\u0d9c\u0dd4\u0dbb\u0dd4 \u0d9c\u0dd9\u0daf\u0dbb \u0db4\u0dcf\u0dc5\u0dd4\u0dba\u0dd2 //\n\r\n\u0db8\u0dd2\u0dba\u0dd4\u0dbb\u0dd4 \u0db4\u0dd2\u0dc0\u0dd2\u0dad\u0dd4\u0dbb\u0dd4 \u0dc3\u0dd9\u0db1\u0dda \u0dc0\u0dd2\u0db3 \u0dc0\u0dd2\u0db3\r\n\u0d85\u0d9a\u0dd4\u0dbb\u0dd4 \u0d9a\u0dbb\u0db8\u0dd2\u0db1\u0dca \u0d91\u0d9a\u0dca\u0dc0 \u0dc4\u0dd2\u0db3 \u0dc4\u0dd2\u0db3\r\n\u0d91\u0daf\u0dcf \u0daf\u0dd4\u0db1\u0dca \u0dc4\u0dd2\u0dbb\u0dd2\u0db8\u0dbd\u0dca \u0dc4\u0dd2\u0db1\u0dcf \u0d85\u0daf \r\n\u0d94\u0db6\u0da7 \u0d85\u0db8\u0dad\u0d9a\u0daf\u0ddd\n\r\n\u0d9c\u0dd4\u0dbb\u0dd4 \u0d9c\u0dd9\u0daf\u0dbb \u0db4\u0dcf\u0dc5\u0dd4\u0dba\u0dd2....\n\r\n\u0dc4\u0dd3\u0db1\u0dca \u0daf\u0dd9\u0dc0\u0da7\u0dda \u0db4\u0dd2\u0db4\u0dd3 \u0db1\u0dd0\u0dc5\u0dc0\u0dd4\u0dab\u0dd4\r\n\u0d91\u0d9a\u0db8 \u0db8\u0db0\u0dd4 \u0db8\u0dbd \u0db4\u0dbb\u0dc0\u0dd4\u0dab\u0dcf\u0daf\u0ddd\r\n\u0dc3\u0dd2\u0dc4\u0dd2\u0db1 \u0db4\u0dd2\u0dba\u0dc3\u0dda \u0dc3\u0dd4\u0dc0\u0db3 \u0dc0\u0dd2\u0dbd\u0dc3\u0dda\r\n\u0db8\u0dd2\u0dbb\u0dd2\u0d9c\u0dd4\u0dc0\u0d9a\u0dca \u0dc0\u0dd3\u0daf\u0ddd\n\r\n\u0d9c\u0dd4\u0dbb\u0dd4 \u0d9c\u0dd9\u0daf\u0dbb \u0db4\u0dcf\u0dc5\u0dd4\u0dba\u0dd2....\n"
    }
]