[
    {
        "uuid": "d7af187a-8a1e-11e9-875e-3863bb98c88b",
        "song": "Ikman Wela (Mata Labunu Hamadeta)  ",
        "singer": "Sajeewa Dissanayake ",
        "lyricUnicode": "\u0db8\u0da7 \u0dbd\u0dd0\u0db6\u0dd4\u0dab\u0dd6 \u0dc4\u0dd0\u0db8 \u0daf\u0dda\u0da7 \u0dc0\u0dd0\u0da9\u0dd2\u0dba\u0dd9\u0db1\u0dca \u0dc3\u0daf\u0dcf\r\n\u0dc0\u0da7\u0dd2\u0db1\u0dcf\u0db8 \u0daf\u0dda\u0dbd\u0dd6 \u0d94\u0dba\u0dcf\r\n\u0db4\u0dd9\u0dbb \u0db4\u0dd2\u0db1\u0da7 \u0db8\u0dd4\u0db1\u0d9c\u0dd0\u0dc4\u0dd4\u0db1\u0dd4 \u0db6\u0dc0 \u0dad\u0dda\u0dbb\u0dd4\u0db1\u0dcf\r\n\u0daf\u0dd4\u0da7\u0dd4 \u0db8\u0dd4\u0dbd\u0dca \u0daf\u0dd2\u0db1\u0dda \u0daf\u0dd3 \u0db4\u0dc0\u0dcf\n\r\n\u0d89\u0d9a\u0dca\u0db8\u0db1\u0dca \u0dc0\u0dd9\u0dbd\u0dcf \u0d85\u0db1\u0db1\u0dca\u0dad\u0dd9\u0db1\u0dca \u0d91\u0dc4\u0dcf\r\n\u0db4\u0dd2\u0dba\u0dcf\u0db9\u0db1\u0dca\u0db1\u0dda \u0db1\u0dd1 \u0db8\u0dcf  \u0dc0\u0dc3\u0db1\u0dca\u0dad\u0dda \u0daf\u0db8\u0dcf\r\n\u0d86\u0daf\u0dbb\u0dba\u0dda \u0db4\u0dca\u200d\u0dbb\u0dcf\u0dad\u0dd2\u0dc4\u0dcf\u0dbb\u0dba\u0d9a\u0dca\u0dc0\u0dd3 \u0d94\u0dba\u0dcf\r\n\u0d9a\u0dc5\u0dd4\u0dc0\u0dbb \u0db8\u0dcf\u0d9c\u0dda \u0daf\u0dd2\u0dc0\u0dd2\u0dba \u0d91\u0dbd\u0dd2\u0d9a\u0dbd \u0db1\u0dd2\u0dc3\u0dcf\r\n\u0daf\u0dc4\u0dc3\u0d9a\u0dca \u0daf\u0dd9\u0db1\u0dcf \u0d85\u0daf \u0d9a\u0dad\u0dcf \u0dc0\u0dd9\u0db1\u0dc0\u0dcf \u0d87\u0dc3\u0dd4\u0db1\u0dcf\r\n\u0daf\u0dd9\u0dc0\u0dd2\u0dba\u0db1\u0dca\u0dbd\u0dd6 \u0db8\u0dd0\u0dc0\u0dca\u0dc0\u0dda \u0db8\u0dcf \u0dc0\u0dd9\u0dad \u0d94\u0dba\u0dcf\n\r\n\u0d9a\u0dd9\u0dad\u0dbb\u0db8\u0dca \u0db6\u0dcf\u0daf\u0dcf \u0d86\u0dc0\u0dad\u0dca \u0dc3\u0ddc\u0dba\u0dcf\r\n\u0dc4\u0dd0\u0dbb \u0dba\u0db1\u0dca\u0db1 \u0dc4\u0dd0\u0d9a\u0dd3 \u0dc0\u0dd4\u0dba\u0dda \u0dc3\u0dd0\u0db1\u0dd9\u0d9a\u0dd2\u0db1\u0dca \u0db8\u0dd9\u0daf\u0dcf\r\n\u0db4\u0db1\u0da7\u0dad\u0dca \u0dc0\u0da9\u0dcf \u0d9a\u0dcf\u0da7\u0dad\u0dca \u0d85\u0dad \u0db1\u0ddc\u0db4\u0dcf \r\n\u0d94\u0d9b\u0dd9\u0db1\u0dca \u0dbd\u0daf \u0dc3\u0daf\u0dcf \u0db1\u0dd2\u0d9a\u0dd0\u0dbd\u0dd0\u0dbd\u0dca \u0d86\u0daf\u0dbb\u0dda \u0db1\u0dd2\u0dc3\u0dcf\r\n\u0d86\u0daf\u0dbb\u0dba\u0dda \u0db4\u0dca\u200d\u0dbb\u0dcf\u0dad\u0dd2\u0dc4\u0dcf\u0dbb\u0dba\u0d9a\u0dca\u0dc0\u0dd3 \u0d94\u0dba\u0dcf\r\n\u0d9a\u0dc5\u0dd4\u0dc0\u0dbb \u0db8\u0dcf\u0d9c\u0dda \u0daf\u0dd2\u0dc0\u0dd2\u0dba \u0d91\u0dbd\u0dd2\u0d9a\u0dbd \u0db1\u0dd2\u0dc3\u0dcf\r\n\u0daf\u0dc4\u0dc3\u0d9a\u0dca \u0daf\u0dd9\u0db1\u0dcf \u0d85\u0daf \u0d9a\u0dad\u0dcf \u0dc0\u0dd9\u0db1\u0dc0\u0dcf \u0d87\u0dc3\u0dd4\u0db1\u0dcf\r\n\u0daf\u0dd9\u0dc0\u0dd2\u0dba\u0db1\u0dca\u0dbd\u0dd6 \u0db8\u0dd0\u0dc0\u0dca\u0dc0\u0dda \u0db8\u0dcf \u0dc0\u0dd9\u0dad \u0d94\u0dba\u0dcf\n\r\n\u0d89\u0d9a\u0dca\u0db8\u0db1\u0dca \u0dc0\u0dd9\u0dbd\u0dcf......"
    },
    {
        "uuid": "d836ba4a-8a1e-11e9-b195-3863bb98c88b",
        "song": "Ilandariyo (Punchi Wathe Ranchu Gahena) ",
        "singer": "Sanka Dineth ",
        "lyricUnicode": "\u0db4\u0dd4\u0d82\u0da0\u0dd2 \u0dc0\u0daf\u0dda \u0dbb\u0d82\u0da0\u0dd4 \u0d9c\u0dd0\u0dc4\u0dd9\u0db1 \u0dc4\u0dd3\u0db1 \u0db8\u0dbd\u0dca \u0dc3\u0ddc\u0dba\u0dcf\r\n\u0dc3\u0db8\u0db1\u0dbd \u0dad\u0da7\u0dd4 \u0dc3\u0dbd\u0dcf \u0dc3\u0dd9\u0db8\u0dd2\u0db1\u0dca \u0dc4\u0dd2\u0dad \u0d89\u0d9f\u0dd2\u0dbd\u0d9c\u0dd2\u0dba\u0dcf\r\n\u0dc4\u0ddc\u0dbb\u0dd9\u0db1\u0dca \u0dc4\u0ddc\u0dbb\u0dd9\u0db1\u0dca \u0d85\u0da9\u0dd2 \u0dad\u0dd2\u0dba \u0dad\u0dd2\u0dba \u0dc4\u0daf\u0dc0\u0dad\u0d9a\u0dca \u0db4\u0dd4\u0dbb\u0dcf\r\n\u0d89\u0dbd\u0db1\u0dca\u0daf\u0dcf\u0dbb\u0dd2\u0dba\u0ddd \u0dc3\u0dd9\u0dbd\u0dca\u0dbd\u0db8\u0dca \u0d9a\u0dbb\u0db1\u0dc0\u0daf \u0d94\u0dba\u0dcf //\n\r\n\u0dc4\u0dd2\u0db1\u0dcf\u0dc3\u0dd9\u0db1\u0dca \u0d91\u0db4\u0dcf \u0d94\u0dc4\u0ddc\u0db8 \u0dc4\u0dd2\u0dad\u0db8 \u0db4\u0dd0\u0da7\u0dbd\u0dd4\u0db1\u0dcf\r\n\u0db1\u0dd4\u0db4\u0dd4\u0dbb\u0dd4\u0daf\u0dd4 \u0db1\u0ddc\u0daf\u0dd0\u0db1\u0dd4\u0db1 \u0dc3\u0dd4\u0dc0\u0db3\u0d9a\u0dca \u0dc4\u0dd2\u0dad\u0dda \u0db1\u0dd0\u0dc0\u0dad\u0dd4\u0db1\u0dcf\r\n\u0db8\u0dad\u0d9a\u0dd9\u0da7 \u0d91\u0db1 \u0dc4\u0dd0\u0db8 \u0db8\u0ddc\u0dc4\u0ddc\u0dad\u0dd9\u0db8 \u0dc4\u0dd4\u0dc3\u0dca\u0db8 \u0dc4\u0dd2\u0dbb\u0dc0\u0dd4\u0db1\u0dcf\r\n\u0db8\u0da7 \u0db8\u0dcf \u0d9c\u0dd0\u0db1 \u0d85\u0db8\u0dad\u0d9a\u0dc0\u0dd4\u0db1\u0dd4 \u0daf\u0dc0\u0dc3\u0dca \u0dc0\u0dd0\u0da9\u0dd2 \u0dc0\u0dd4\u0db1\u0dcf\r\n\u0db8\u0da7 \u0db8\u0dcf \u0d9c\u0dd0\u0db1 \u0d85\u0db8\u0dad\u0d9a\u0dc0\u0dd4\u0db1\u0dd4 \u0daf\u0dc0\u0dc3\u0dca \u0dc0\u0dd0\u0da9\u0dd2 \u0dc0\u0dd4\u0db1\u0dcf\n\r\n\u0db4\u0dd4\u0d82\u0da0\u0dd2 \u0dc0\u0daf\u0dda \u0dbb\u0d82\u0da0\u0dd4 \u0d9c\u0dd0\u0dc4\u0dd9\u0db1.... //\n\r\n\u0dc4\u0dd2\u0dad \u0dbb\u0dd2\u0daf\u0dc0\u0db1 \u0d9a\u0dad\u0dcf \u0d9c\u0ddc\u0dad\u0dcf \u0d9a\u0dd2\u0dba\u0db1\u0dca\u0db1\u0da7 \u0d91\u0db4\u0dcf\r\n\u0db8\u0d9c\u0dda \u0d9a\u0db3\u0dd4\u0dc5\u0dd4 \u0db8\u0da7 \u0dc0\u0dd0\u0da9\u0dd2 \u0db1\u0dd0 \u0dc3\u0dd2\u0db9\u0dd2\u0db1\u0dca\u0db1\u0da7 \u0d91\u0db4\u0dcf\r\n\u0d85\u0dc4\u0dc3\u0dd2\u0db1\u0dca \u0dad\u0dbb\u0dd4 \u0d9a\u0da9\u0dcf \u0dc0\u0dd0\u0da7\u0dd3 \u0dc4\u0dd2\u0dad\u0db1\u0dca\u0db1\u0da7 \u0d91\u0db4\u0dcf\r\n\u0d94\u0dba\u0dcf \u0dc3\u0db3\u0d9a\u0dca \u0d92 \u0d85\u0dc4\u0dc3\u0dd2\u0db1\u0dca \u0dc0\u0dd0\u0da7\u0dd9\u0db1\u0dca\u0db1\u0da7 \u0d91\u0db4\u0dcf\r\n\u0d94\u0dba\u0dcf \u0dc3\u0db3\u0d9a\u0dca \u0d92 \u0d85\u0dc4\u0dc3\u0dd2\u0db1\u0dca \u0dc0\u0dd0\u0da7\u0dd9\u0db1\u0dca\u0db1\u0da7 \u0d91\u0db4\u0dcf\n\r\n\u0db4\u0dd4\u0d82\u0da0\u0dd2 \u0dc0\u0daf\u0dda \u0dbb\u0d82\u0da0\u0dd4 \u0d9c\u0dd0\u0dc4\u0dd9\u0db1.... //"
    },
    {
        "uuid": "dba5f9fa-8a1e-11e9-ab47-3863bb98c88b",
        "song": "Ira Paaya Ira Paaya ",
        "singer": "Samitha Mudunkotuwa ",
        "lyricUnicode": "\u0d89\u0dbb \u0db4\u0dcf\u0dba\u0dcf.. \u0d89\u0dbb \u0db4\u0dcf\u0dba\u0dcf\r\n\u0d9a\u0dc5\u0dd4\u0dc0\u0dbb \u0dc4\u0daf\u0d9a\u0da7 \u0d85\u0dc0\u0db4\u0dc3 \u0dc3\u0db3\u0d9a\u0da7 \r\n\u0d89\u0dbb \u0db4\u0dcf\u0dba\u0dcf.. \u0d89\u0dbb \u0db4\u0dcf\u0dba\u0dcf\r\n\u0d85\u0dbd\u0dd6\u0dad\u0dca \u0daf\u0dc0\u0dc3\u0d9a\u0da7 \u0db1\u0dc0 \u0db8\u0d82\u0db4\u0dd9\u0dad\u0d9a\u0da7 \r\n\u0d89\u0dbb \u0db4\u0dcf\u0dba\u0dcf.. \u0d89\u0dbb \u0db4\u0dcf\u0dba\u0dcf\n\r\n\u0d91\u0daf\u0dcf \u0db8\u0dd9\u0daf\u0dcf \u0dad\u0dd4\u0dbb \u0db6\u0dd2\u0dba \u0dc3\u0dd0\u0d9a \u0dbb\u0dd0\u0db1\u0dca\u0daf\u0dd4 \r\n\u0dbb\u0dd4\u0daf\u0dd4\u0dbb\u0dd4 \u0dc0\u0dd9\u0dc3\u0d9a\u0dca \u0dc4\u0daf \u0dad\u0dd4\u0dbd \u0db1\u0dd2\u0dad\u0dd2 \u0d87\u0db1\u0dca\u0daf\u0dd4 \r\n\u0d85\u0db3\u0dd4\u0dbb\u0dd4 \u0dad\u0dd2\u0db8\u0dd2\u0dbb\u0db4\u0da7 \u0d89\u0dbb\u0dcf \u0daf\u0dd2\u0db1\u0dd2\u0db1\u0dca\u0daf\u0dd4 \r\n\u0dc3\u0ddc\u0db3\u0dd4\u0dbb\u0dd4 \u0dc4\u0dd9\u0da7\u0d9a\u0dca \u0dc3\u0dcf\u0daf\u0dba\u0dd2 \u0db8\u0db1 \u0db6\u0dd0\u0db1\u0dca\u0daf\u0dd4\n\r\n\u0d89\u0dbb \u0db4\u0dcf\u0dba\u0dcf......\n\r\n\u0d9c\u0dd2\u0db8\u0db1 \u0db1\u0dd2\u0dc0\u0db1 \u0dc3\u0dd2\u0dc4\u0dd2\u0dbd\u0dd0\u0dbd\u0dca \u0d9c\u0d9f\u0dd4\u0dbd\u0d9a\u0dca \u0dc3\u0dda \r\n\u0daf\u0dc3\u0dad \u0daf\u0dd2\u0dc0\u0dd9\u0db1 \u0db8\u0dc4\u0db1\u0dd9\u0dbd\u0dca \u0dc3\u0dd4\u0dc0\u0db3\u0d9a\u0dca \u0dc3\u0dda \r\n\u0daf\u0dd0\u0dc0\u0dd9\u0db1 \u0d9c\u0dad\u0da7 \u0dc3\u0dd4\u0dc0\u0daf\u0dd9\u0db1 \u0d94\u0dc3\u0dd4\u0dc0\u0d9a\u0dca \u0dc3\u0dda \r\n\u0d89\u0dbb \u0db4\u0dcf\u0dba\u0dcf \u0d87\u0dad \u0d85\u0db3\u0dd4\u0dbb \u0db8\u0dd2\u0dba\u0dd9\u0db1 \u0dc3\u0dda\n\r\n\u0d89\u0dbb \u0db4\u0dcf\u0dba\u0dcf......"
    },
    {
        "uuid": "e40d0698-8a1e-11e9-9298-3863bb98c88b",
        "song": "Iwasanna Bari Tharam Kandulu Netha Hirakaran ",
        "singer": "Dilshan Weerasinghe ",
        "lyricUnicode": "\u0d89\u0dc0\u0dc3\u0db1\u0dca\u0db1 \u0db6\u0dd0\u0dbb\u0dd2 \u0dad\u0dbb\u0db8\u0dca \u0d9a\u0db3\u0dd4\u0dc5\u0dd4 \u0db1\u0dd9\u0dad \u0dc4\u0dd2\u0dbb\u0d9a\u0dbb\u0db1\u0dca \r\n\u0db4\u0dd9\u0db8\u0dca \u0d9a\u0dc5\u0dda \u0db1\u0dd1 \u0d94\u0dba\u0dcf \u0dc3\u0dad\u0dca\u0dad\u0d9a\u0dd2\u0db1\u0dca \u0db8\u0d82 \u0dad\u0dbb\u0db8\u0dca \r\n\u0dc0\u0dd0\u0da7\u0dd9\u0db1 \u0dc4\u0dd4\u0dc3\u0dca\u0db8\u0dad\u0dca \u0d9c\u0dd2\u0dc4\u0dd2\u0db1\u0dca \u0d85\u0dac\u0db1 \u0dc4\u0dd2\u0dad \u0dad\u0db1\u0dd2\u0d9a\u0dbb\u0db1\u0dca\r\n\u0db8\u0db8 \u0db1\u0ddc\u0dc0\u0dda \u0d94\u0dba \u0dc4\u0dd2\u0dad\u0dba\u0dd2 \u0db4\u0dc5\u0dd2\u0d9c\u0db1\u0dca\u0db1\u0dda \u0dbb\u0dad\u0dca\u0dad\u0dbb\u0db1 //\n\r\n\u0db8\u0dad\u0d9a \u0dc3\u0dd0\u0db8\u0dbb\u0dd4\u0db8\u0dca \u0dbd\u0dd2\u0dba\u0dcf \u0dc3\u0dd2\u0dc4\u0dd2\u0db1 \u0dc3\u0dd2\u0dad\u0dd4\u0dc0\u0dd2\u0dbd\u0dd2 \u0db4\u0dd4\u0dbb\u0dcf \r\n\u0d85\u0db8\u0dad\u0d9a\u0daf \u0d9a\u0dd3 \u0d9a\u0dad\u0dcf \u0d8b\u0dab\u0dd4\u0dc4\u0dd4\u0db8\u0dda \u0d9c\u0dd4\u0dbd\u0dd2\u0dc0\u0dd9\u0dbd\u0dcf \r\n\u0db6\u0dd0\u0daf\u0dd4\u0dab\u0dd4 \u0dc4\u0daf\u0dc0\u0dad \u0db4\u0dd4\u0dbb\u0dcf \u0dc4\u0dd9\u0db8\u0dd2 \u0dc4\u0dd9\u0db8\u0dd2\u0db1\u0dca \u0d85\u0da9\u0dd2 \u0dad\u0dd2\u0dba\u0dcf \r\n\u0dc5\u0d82 \u0dc0\u0dd9\u0db1\u0dca\u0db1 \u0db6\u0dd0\u0dbb\u0dd2 \u0daf\u0dd4\u0dbb\u0dd2\u0db1\u0dca \u0db1\u0dd4\u0db9 \u0d9c\u0dd2\u0dc4\u0dd2\u0db1\u0dca \u0db1\u0dd0\u0dc0\u0dad\u0dd2\u0dbd\u0dcf \n\r\n\u0dad\u0db1\u0dd2\u0dba \u0daf\u0dd4\u0dbb\u0d9a\u0dd2\u0db1\u0dca \u0dad\u0dd2\u0dba\u0dcf \u0dc4\u0dd2\u0dad\u0da7 \u0d91\u0db6\u0dd2\u0d9a\u0db8\u0dca \u0d9a\u0dc5\u0dcf\r\n\u0d9a\u0dcf\u0da7\u0dc0\u0dad\u0dca \u0db1\u0dd0\u0dad\u0dd2 \u0dad\u0dbb\u0db8\u0dca \u0d86\u0daf\u0dbb\u0dd9\u0db1\u0dca \u0dc5\u0d82 \u0dc0\u0dd9\u0dbd\u0dcf \r\n\u0dc3\u0dd2\u0dc4\u0dd2\u0db1 \u0d85\u0dad\u0dbb\u0dd2\u0db1\u0dca \u0d87\u0dc0\u0dd2\u0dad\u0dca \u0d9a\u0db3\u0dd4\u0dc5\u0dd4 \u0dad\u0db1\u0dd2\u0dba\u0da7 \u0dad\u0dd2\u0dba\u0dcf \r\n\u0d94\u0db6 \u0d9c\u0dd2\u0dba\u0db4\u0dd4 \u0daf\u0dcf \u0d89\u0db3\u0db1\u0dca \u0db8\u0dda \u0dc4\u0dd2\u0dad\u0db8 \u0d9c\u0ddc\u0dc5\u0dd4 \u0dc0\u0dd9\u0dbd\u0dcf\n\r\n\u0d89\u0dc0\u0dc3\u0db1\u0dca\u0db1 \u0db6\u0dd0\u0dbb\u0dd2 \u0dad\u0dbb\u0db8\u0dca......\n"
    },
    {
        "uuid": "e544deb0-8a1e-11e9-bf5f-3863bb98c88b",
        "song": "Iwuru Thala Ganga Basa Yanawa ",
        "singer": "Milton Mallawaarachchi ",
        "lyricUnicode": "\u0d89\u0dc0\u0dd4\u0dbb\u0dd4 \u0dad\u0dbd\u0dcf \r\n\u0d9c\u0d82\u0d9c\u0dcf \u0db6\u0dd0\u0dc3 \u0dba\u0db1\u0dc0\u0dcf\r\n\u0db8\u0dc4\u0daf \u0dc3\u0dbd\u0dcf \r\n\u0d94\u0db6 \u0d89\u0dc0\u0dad\u0da7 \u0dba\u0db1\u0dc0\u0dcf //\n\r\n\u0db8\u0db1\u0dca\u0daf\u0dbb \u0db4\u0dc0\u0dca\u0dc0\u0dda \u0dc4\u0dd2\u0db8 \u0db4\u0dd2\u0dba\u0dc3\u0dda\r\n\u0da0\u0db1\u0dca\u0daf\u0db1 \u0d85\u0dbb\u0dab\u0dda \u0db8\u0daf \u0dc3\u0dd2\u0dc3\u0dd2\u0dbd\u0dda //\r\n\u0dc3\u0dd4\u0dc0 \u0db1\u0ddc\u0dbd\u0db6\u0dcf \r\n\u0d9c\u0dd2\u0dba\u0dd9\u0daf\u0ddd \u0d9a\u0dd9\u0dc3\u0dda\n\r\n\u0d89\u0dc0\u0dd4\u0dbb\u0dd4 \u0dad\u0dbd\u0dcf......\n\r\n\u0d9a\u0da9\u0dd4\u0db4\u0dd4\u0dbd\u0dca \u0db1\u0dd9\u0dc5\u0dbd\u0dcf \u0db4\u0dd2\u0db1\u0dd2 \u0d89\u0dc3\u0dbd\u0dcf\r\n\u0dbb\u0db1\u0dca\u0dc4\u0dd4\u0dba \u0db4\u0da7\u0dbd\u0dcf \u0d85\u0db8\u0dd4\u0dab\u0dcf\u0dbd\u0dcf //\r\n\u0dc3\u0dd2\u0da7\u0dd2\u0dba\u0dd9\u0db8\u0dd2 \u0db8\u0dcf\r\n\u0d94\u0db6 \u0d91\u0db1\u0dad\u0dd4\u0dbb\u0dcf\n\r\n\u0d89\u0dc0\u0dd4\u0dbb\u0dd4 \u0dad\u0dbd\u0dcf...... //"
    }
]