[
    {
        "uuid": "e8138a1c-8a1e-11e9-a3d5-3863bb98c88b",
        "song": "Jeewana Vila Mada Wajabena Kakulaki ",
        "singer": "Sujatha Aththanayaka ",
        "lyricUnicode": "\u0da2\u0dd3\u0dc0\u0db1 \u0dc0\u0dd2\u0dbd \u0db8\u0dd0\u0daf \u0dc0\u0dd0\u0da2\u0db9\u0dd9\u0db1 \u0d9a\u0dd0\u0d9a\u0dd4\u0dc5\u0d9a\u0dd2 \r\n\u0dbb\u0dd6\u0db6\u0dbb \u0dc0\u0dd6 \u0dba\u0dd4\u0dc0\u0dad\u0dd2 //\r\n\u0dad\u0dd3 \u0db8\u0da7 \u0dad\u0dd3 \u0db8\u0da7 \u0d9a\u0dd2\u0dba\u0db8\u0dd2\u0db1\u0dca \u0db6\u0dd2\u0d9f\u0dd4 \u0db4\u0dd9\u0dbd \r\n\u0d87\u0dba \u0d85\u0dc0\u0da7\u0db8 \u0dbb\u0d9f\u0dad\u0dd2 \r\n\u0da2\u0dd3\u0dc0\u0db1 \u0dc0\u0dd2\u0dbd \u0db8\u0dd0\u0daf \u0dc0\u0dd0\u0da2\u0db9\u0dd9\u0db1 \u0d9a\u0dd0\u0d9a\u0dd4\u0dc5\u0d9a\u0dd2 \r\n\u0dbb\u0dd6\u0db6\u0dbb \u0dc0\u0dd6 \u0dba\u0dd4\u0dc0\u0dad\u0dd2 \n\r\n\u0dbd\u0dc4\u0dd2\u0dbb\u0dd4 \u0dbb\u0dd0\u0dc3\u0dd2\u0db1\u0dca \u0db4\u0dd2\u0db9\u0dd2\u0daf\u0dd9\u0db1 \u0db4\u0dd2\u0dba\u0dd4\u0db8\u0dd2\u0db1\u0dca\r\n\u0dbb\u0ddc\u0db1\u0dca \u0db6\u0dd3 \u0db8\u0dad\u0dca\u0dc0\u0dd4\u0db1 \u0db6\u0db9\u0dbb\u0dcf\r\n\u0db8\u0dd2\u0dba\u0dd4\u0dbb\u0dd4 \u0dc4\u0da9\u0dd2\u0db1\u0dca \u0d9a\u0dd3 \u0d9c\u0dd3 \u0db1\u0dc0\u0dad\u0dcf \u0dba\u0dba\u0dd2\r\n\u0db4\u0dd2\u0dba\u0dd4\u0db8\u0dda \u0dc4\u0daf \u0d85\u0db9\u0dbb\u0dcf\r\n\u0db1\u0dd1 \u0d91\u0db1 \u0db4\u0dcf\u0da7\u0d9a\u0dca \u0db1\u0dd1 \u0d91\u0db1 \u0db4\u0dcf\u0da7\u0d9a\u0dca\r\n\u0dbd\u0dad\u0dd0\u0dc0\u0dd9\u0dba\u0dd2 \u0db4\u0dd2\u0dba\u0dd4\u0db8 \u0d85\u0db1\u0dda\r\n\u0d86 \u0db8\u0da7 \u0d9a\u0dd1\u0db8\u0d9a\u0dca \u0d86 \u0db8\u0da7 \u0d9a\u0dd1\u0db8\u0d9a\u0dca \r\n\u0dad\u0dc0\u0d9a\u0dd9\u0d9a\u0dca \u0db6\u0daf\u0dd2\u0dad\u0dd2 \u0dc3\u0dd9\u0db1\u0dda\r\n\u0da2\u0dd3\u0dc0\u0db1 \u0dc0\u0dd2\u0dbd \u0db8\u0dd0\u0daf \u0dc0\u0dd0\u0da2\u0db9\u0dd9\u0db1 \u0d9a\u0dd0\u0d9a\u0dd4\u0dc5\u0d9a\u0dd2 \r\n\u0dbb\u0dd6\u0db6\u0dbb \u0dc0\u0dd6 \u0dba\u0dd4\u0dc0\u0dad\u0dd2 \n\r\n\u0d85\u0dc0\u0dbb\u0da7 \u0dba\u0db1 \u0dc4\u0dd2\u0dbb\u0dd4 \u0dc3\u0dc0\u0dc3\u0da7 \u0db6\u0dd0\u0dc3 \u0dba\u0dba\u0dd2 \r\n\u0d9c\u0dd4\u0db8\u0dca \u0db1\u0daf \u0daf\u0dd0\u0db1\u0dca \u0db1\u0ddc\u0d87\u0dc3\u0dda\r\n\u0dbb\u0dc3\u0dba\u0da7 \u0dbb\u0dd0\u0dc0\u0da7\u0dd4\u0db1\u0dd4 \u0db1\u0dd9\u0dc5\u0dd4\u0db8\u0daf \u0dc4\u0dd0\u0d9a\u0dd2\u0dbd\u0dd9\u0dba\u0dd2\r\n\u0db4\u0dd4\u0db1\u0dca\u0dc3\u0daf \u0daf\u0dd0\u0d9a \u0d85\u0dc4\u0dc3\u0dda\r\n\u0d92\u0d9a\u0dba\u0dd2 \u0daf\u0ddb\u0dc0\u0dba \u0db1\u0dd9\u0dc5\u0dd4\u0db8\u0dda \u0d92\u0d9a\u0daf \r\n\u0dba\u0dd4\u0dc0\u0dad\u0dd2\u0dba\u0d9c\u0dd9\u0dad\u0dca \u0daf\u0ddb\u0dc0\u0dda\r\n\u0daf\u0dcf\u0d9a\u0dba\u0dd2 \u0daf\u0dd9\u0d9a\u0d9a\u0dba\u0dd2 \u0db4\u0db8\u0dab\u0dba\u0dd2 \u0dc0\u0dd2\u0dc3\u0dd2\u0dad\u0dd4\u0dbb \r\n\u0d91\u0dba \u0da2\u0dd3\u0dc0\u0db1 \u0db8\u0dc4\u0dd2\u0db8\u0dda\n\r\n\u0da2\u0dd3\u0dc0\u0db1 \u0dc0\u0dd2\u0dbd \u0db8\u0dd0\u0daf..."
    },
    {
        "uuid": "e9a2dc52-8a1e-11e9-ac70-3863bb98c88b",
        "song": "Jeewithaya Kanthare Thurunu Wiyali Walle ",
        "singer": "H R Jothipala ",
        "lyricUnicode": "\u0da2\u0dd3\u0dc0\u0dd2\u0dad\u0dba\u0dda \u0d9a\u0dcf\u0db1\u0dca\u0dad\u0dcf\u0dbb\u0dda \u0dad\u0dd4\u0dbb\u0dd4\u0dab\u0dd4 \u0dc0\u0dd2\u0dba\u0dbd\u0dd2 \u0dc0\u0dd0\u0dbd\u0dca\u0dbd\u0dda\r\n\u0d8b\u0dad\u0dd4\u0dbb\u0dcf \u0d9c\u0dbd\u0dcf \u0dba\u0dba\u0dd2 \u0d86\u0daf\u0dbb\u0dda\r\n\u0db8\u0dcf \u0d91\u0db1 \u0db8\u0d9f \u0dc3\u0d82\u0dc3\u0dcf\u0dbb\u0dda \u0dbd\u0dd4\u0dc4\u0dd4\u0db6\u0dd0\u0db3 \u0d91\u0d9a \u0d91\u0dbd\u0dca\u0dbd\u0dda\r\n\u0daf\u0dd4\u0da7\u0dd4\u0dc0\u0dcf \u0d9c\u0dbd\u0dcf \u0d91\u0db1 \u0d86\u0daf\u0dbb\u0dda //\n\r\n\u0dc3\u0dd4\u0dbb\u0d82\u0d9c\u0db1\u0dcf \u0d9a\u0dad\u0dcf \u0db4\u0ddc\u0dad\u0dda \u0d9a\u0dad\u0dcf \u0dbd\u0dd9\u0dc3\u0dda\r\n\u0db8\u0dd2\u0db1\u0dd2\u0dc3\u0dca \u0dbd\u0ddc\u0dc0\u0dda \u0dc3\u0dd4\u0dbb\u0d82\u0d9c\u0db1\u0dcf \u0dbd\u0ddc\u0dc0\u0d9a\u0dca \u0d87\u0dad\u0dda //\r\n\u0d9a\u0da7\u0dd4 \u0d87\u0dad \u0db8\u0dbd\u0dca \u0db1\u0da7\u0dd4 \u0db8\u0dad\u0dda //\r\n\u0dbd\u0db4 \u0db1\u0dd0\u0dad\u0dd2 \u0daf\u0ddd \u0dc3\u0db3 \u0dc0\u0dad\u0dda\r\n\u0d9c\u0da2\u0db8\u0dd4\u0dad\u0dd4 \u0d9a\u0dd0\u0da7 \u0d8b\u0db4\u0daf\u0dd2\u0db1\u0dca\u0db1\u0dd9\u0dad\u0dca \u0dc0\u0db1\u0db4\u0dd9\u0dad\u0dda\r\n\u0db8\u0dcf \u0d91\u0db1 \u0db8\u0d9f \u0dc3\u0d82\u0dc3\u0dcf\u0dbb\u0dda \u0dbd\u0dd4\u0dc4\u0dd4\u0db6\u0dd0\u0db3 \u0d91\u0d9a \u0d91\u0dbd\u0dca\u0dbd\u0dda\r\n\u0daf\u0dd4\u0da7\u0dd4\u0dc0\u0dcf \u0d9c\u0dbd\u0dcf \u0d91\u0db1 \u0d86\u0daf\u0dbb\u0dda //\n\r\n\u0d9a\u0db3\u0dd4\u0dba\u0dd2 \u0dc4\u0dd2\u0db8\u0dba\u0dd2 \u0dc4\u0dd2\u0db8\u0dd2\u0db1\u0dca \u0dc3\u0dd0\u0dbb\u0dda \u0db6\u0dd0\u0db3\u0dd3 \u0db6\u0dd0\u0db3\u0dd3\r\n\u0db8\u0dc0\u0dba\u0dd2 \u0db1\u0ddc\u0dba\u0dd9\u0d9a\u0dca \u0dc3\u0dd2\u0dad\u0dd4\u0db8\u0dca \u0d9a\u0dd0\u0dbd\u0dd4\u0db8\u0dca \u0d9a\u0dd2\u0dba\u0dcf \u0daf\u0dd2\u0daf\u0dd3 //\r\n\u0dc3\u0dd3\u0dad\u0dbd \u0db1\u0dbd\u0dbb\u0dd0\u0dbd\u0dca \u0daf\u0dd2\u0d9c\u0dda \u0db4\u0dcf\u0dba\u0db1 \u0dc4\u0dd2\u0dbb\u0dd4 \u0dc3\u0db3\u0dd4 \u0db1\u0dd0\u0d9c\u0dda //\r\n\u0daf\u0dd1\u0dad\u0d9a\u0dca \u0dc4\u0dcf \u0daf\u0dd1\u0dad\u0d9a\u0dca \u0db6\u0db1\u0dca\u0daf\u0dcf\n\r\n\u0da2\u0dd3\u0dc0\u0dd2\u0dad\u0dba\u0dda \u0d9a\u0dcf\u0db1\u0dca\u0dad\u0dcf\u0dbb\u0dda...\n\r\n\u0d8b\u0daf\u0dcf \u0db1\u0ddc\u0dc0\u0dd6 \u0d8b\u0daf\u0dd1\u0dc3\u0db1\u0d9a\u0dca \u0d8b\u0db4\u0daf\u0dca\u0daf\u0dc0\u0dcf\r\n\u0daf\u0dd2\u0dc0\u0dcf \u0dbb\u0dd0\u0dba\u0dda \u0d85\u0dbd\u0dd4\u0dad\u0dca \u0dc4\u0dd0\u0d9f\u0dd4\u0db8\u0dca \u0d9c\u0dd9\u0db1\u0dad\u0dca \u0daf\u0dd9\u0dc0\u0dcf //\r\n\u0d94\u0db6\u0dd9 \u0db8\u0dd8\u0daf\u0dd4 \u0db4\u0dd2\u0dc0\u0dd2\u0dad\u0dd4\u0dbb\u0dd4 \u0dc4\u0dd2\u0dad\u0dda \u0db8\u0da7 \u0dc4\u0dd9\u0da7 \u0daf\u0dc0\u0dc3\u0d9a\u0dca \u0d87\u0dad\u0dda //\r\n\u0db1\u0dd9\u0dad \u0db4\u0dd2\u0dba\u0dc0\u0dd9\u0db1 \u0dad\u0dd4\u0dbb\u0dd4 \u0d94\u0db6\u0da7\u0dba\u0dd2 \u0da2\u0dd3\u0dc0\u0dd2\u0dad\u0dda\r\n\u0db8\u0dcf \u0d91\u0db1 \u0db8\u0d9f \u0dc3\u0d82\u0dc3\u0dcf\u0dbb\u0dda \u0dbd\u0dd4\u0dc4\u0dd4\u0db6\u0dd0\u0db3 \u0d91\u0d9a \u0d91\u0dbd\u0dca\u0dbd\u0dda\r\n\u0daf\u0dd4\u0da7\u0dd4\u0dc0\u0dcf \u0d9c\u0dbd\u0dcf \u0d91\u0db1 \u0d86\u0daf\u0dbb\u0dda\n\r\n\u0da2\u0dd3\u0dc0\u0dd2\u0dad\u0dba\u0dda \u0d9a\u0dcf\u0db1\u0dca\u0dad\u0dcf\u0dbb\u0dda..."
    },
    {
        "uuid": "ea9d91e2-8a1e-11e9-a5c8-3863bb98c88b",
        "song": "Jeewithaye Hodama Hariya Awul Wela Yaddi ",
        "singer": "Chamara Weerasinghe ",
        "lyricUnicode": "\u0da2\u0dd3\u0dc0\u0dd2\u0dad\u0dba\u0dda \u0dc4\u0ddc\u0daf\u0db8 \u0dc4\u0dbb\u0dd2\u0dba \u0d85\u0dc0\u0dd4\u0dbd\u0dca \u0dc0\u0dd9\u0dbd\u0dcf \u0dba\u0daf\u0dca\u0daf\u0dd3 \r\n\u0dad\u0db8\u0dcf \u0d85\u0dad\u0da7 \u0dad\u0db8 \u0d85\u0dad\u0dc0\u0dad\u0dca \u0dc3\u0dd9\u0dc0\u0db1\u0d9a\u0dca \u0db1\u0dd0\u0dad\u0dd2 \u0dc0\u0dd9\u0daf\u0dca\u0daf\u0dd3\r\n\u0dc0\u0dd2\u0dbb\u0dd2\u0dad\u0dca\u0dad\u0db1\u0dca\u0da9 \u0daf\u0dc4\u0dc3\u0dca \u0d9c\u0dab\u0db1\u0dca \u0db8\u0d9c \u0db6\u0dbd\u0dcf\u0db1 \u0d89\u0daf\u0dca\u0daf\u0dd3 \r\n\u0db1\u0dd4\u0db9\u0da7 \u0dc3\u0dd0\u0db4\u0d9a\u0dca\u0daf\u0ddd \u0db8\u0dda \u0d87\u0dc3\u0dca \u0d9a\u0daf\u0dd4\u0dbd\u0dd2\u0db1\u0dca \u0dad\u0dd9\u0dad\u0dca \u0dc0\u0dd9\u0daf\u0dca\u0daf\u0dd3\n\r\n\u0db8\u0dbd\u0dca \u0db1\u0da7\u0dd4\u0dc0\u0da7 \u0db4\u0dd2\u0db1\u0dd2 \u0db6\u0dd2\u0daf\u0dd4\u0dc0\u0d9a\u0dca \u0db6\u0dbb \u0dc0\u0dd0\u0da9\u0dd2 \u0db1\u0dd0\u0dad\u0dd2 \u0dc4\u0db1\u0dca\u0daf\u0dcf\r\n\u0db8\u0dbd\u0dca \u0dbb\u0dda\u0db1\u0dd4\u0dc0 \u0dc4\u0dd2\u0dc3 \u0db1\u0db8\u0dcf\u0db1 \u0db8\u0dda \u0dbd\u0ddd\u0d9a\u0dd9\u0da7 \u0dc0\u0dd0\u0db1\u0dca\u0daf\u0dcf\r\n\u0dc4\u0dd3\u0db1 \u0db4\u0ddc\u0d9a\u0dd4\u0dbb\u0dd4 \u0dc4\u0dd2\u0dad \u0db4\u0dd4\u0dbb\u0ddd\u0db1\u0dcf \u0d85\u0db4\u0dd2 \u0d9a\u0dc3\u0dcf\u0daf \u0db6\u0dd0\u0db1\u0dca\u0daf\u0dcf\r\n\u0db8\u0d82\u0d9c\u0dbd \u0dbb\u0dd1 \u0d91\u0dbd\u0dd2\u0dc0\u0dd9\u0db1\u0dad\u0dd4\u0dbb\u0dd4 \u0db1\u0dd4\u0db9 \u0dc3\u0db8\u0dcf\u0dc0 \u0dba\u0dd0\u0daf\u0dca\u0daf\u0dcf\n\r\n\u0da2\u0dd3\u0dc0\u0dd2\u0dad\u0dba\u0dda \u0dc4\u0ddc\u0daf\u0db8 \u0dc4\u0dbb\u0dd2\u0dba.....\n\r\n\u0db8\u0dd4\u0dc5\u0dd4 \u0dbd\u0ddd\u0d9a\u0dd9\u0da7 \u0dc4\u0ddc\u0daf \u0db8\u0dd6\u0db1\u0d9a\u0dca \u0db4\u0dd9\u0db1\u0dca\u0db1\u0db1\u0dca\u0db1\u0da7 \u0dc4\u0db1\u0dca\u0daf\u0dcf\r\n\u0d94\u0db6 \u0dc0\u0dd9\u0db1\u0dd4\u0dc0\u0dd9\u0db1\u0dca \u0db8\u0dda \u0dc0\u0db1\u0dad\u0dd4\u0dbb\u0dd4 \u0d85\u0db4\u0db8\u0dab \u0daf\u0dd4\u0d9a\u0dca \u0dc0\u0dd2\u0db1\u0dca\u0daf\u0dcf\r\n\u0dad\u0dc0 \u0daf\u0dd4\u0dbb\u0da7\u0dad\u0dca \u0d92 \u0d9c\u0dd0\u0db1 \u0db1\u0db8\u0dca \u0d9a\u0dd2\u0dba\u0db1\u0dca\u0db1 \u0db6\u0dd0\u0dbb\u0dd2 \u0dc4\u0db1\u0dca\u0daf\u0dcf\r\n\u0d9c\u0dd0\u0db1\u0dd2\u0dba\u0d9a\u0da7 \u0dc3\u0db8\u0dcf\u0dc0 \u0daf\u0dd3 \u0dbb\u0dd0\u0dc0\u0da7\u0dd4\u0db1\u0dcf\u0daf \u0db8\u0db1\u0dca\u0daf\u0dcf\n\r\n\u0da2\u0dd3\u0dc0\u0dd2\u0dad\u0dba\u0dda \u0dc4\u0ddc\u0daf\u0db8 \u0dc4\u0dbb\u0dd2\u0dba....."
    }
]