[
    {
        "uuid": "f71472dc-8a1e-11e9-b1d3-3863bb98c88b",
        "song": "Kadulu Hollalaa Mage Sinahawanu Epa ",
        "singer": "Nalinda Ranasinghe ",
        "lyricUnicode": "\u0d9a\u0db3\u0dd4\u0dc5\u0dd4 \u0dc4\u0ddc\u0dbd\u0dca\u0dbd\u0dbd\u0dcf \u0db8\u0d9c\u0dda \u0dc3\u0dd2\u0db1\u0dc4\u0dc0\u0db1\u0dd4 \u0d91\u0db4\u0dcf\r\n\u0dc4\u0dd3\u0db1 \u0dc3\u0db8\u0dad\u0dbd\u0dcf \u0d9a\u0dbb\u0dbd\u0dcf \u0daf\u0dd4\u0dbb\u0dd2\u0db1\u0dca \u0d89\u0db1\u0dd4 \u0d91\u0db4\u0dcf\r\n\u0db1\u0dd4\u0db4\u0dd4\u0dbb\u0dd4\u0daf\u0dd4 \u0dad\u0db1\u0dd2\u0d9a\u0d82 \u0d85\u0dad\u0dbb\u0dda \u0d89\u0db1\u0dca\u0db1 \u0dc0\u0dd9\u0db1\u0dca\u0db1\u0dd9\u0db4\u0dcf\r\n\u0d94\u0dba\u0dcf \u0dc4\u0dd0\u0dbb\u0dd9\u0db1\u0dca\u0db1\u0da7 \u0db8\u0dda \u0dbd\u0ddd\u0d9a\u0dda \u0d9a\u0dc0\u0dd4\u0dbb\u0dd4\u0dc0\u0dad\u0dca \u0d91\u0db4\u0dcf\r\n\u0d9a\u0dc4\u0da7\u0d9a\u0dca \u0db1\u0ddc\u0dc0\u0dda \u0dc4\u0daf\u0dc0\u0dad\u0dda \u0d9a\u0dd2\u0dc3\u0dd2\u0daf\u0dd2\u0db1\u0dda\r\n\u0d9c\u0dd2\u0dba \u0dad\u0dd0\u0db1 \u0d89\u0dad\u0dd2\u0db1\u0dca \u0d94\u0db6 \u0dad\u0dd4\u0da7\u0dd2\u0db1\u0dca \u0d89\u0db1\u0dd4 \u0db8\u0dd0\u0db1\u0dda\r\n\u0dba\u0db1\u0dca\u0db1\u0da7 \u0d9c\u0dd2\u0dba\u0dda \u0dc4\u0dd2\u0dad\u0d9a\u0dca \u0db1\u0dd1 \u0dc0\u0d9c\u0dda\r\n\u0db8\u0daf\u0dd2 \u0dc0\u0dd3\u0daf \u0db8\u0dcf \u0daf\u0dd4\u0db1\u0dca\u0db1\u0dd4 \u0dc3\u0dd9\u0db1\u0dd9\u0dc4\u0dda\n\r\n\u0db8\u0dc4\u0db8\u0dd9\u0dbb \u0dc0\u0d9c\u0dda \u0dc3\u0dd9\u0db1\u0dd9\u0dc4\u0dc3 \u0daf\u0dbb\u0dcf \r\n\u0db1\u0ddc\u0daf\u0dd0\u0db1\u0dd2\u0db8 \u0daf\u0dd4\u0dbb\u0d9a\u0dca \u0db4\u0dd0\u0db8\u0dd2\u0db1\u0dd2\u0dba \u0db1\u0dd2\u0dc3\u0dcf\r\n\u0d94\u0db6 \u0d9a\u0dd2\u0dc0\u0dd4 \u0dc3\u0dd0\u0db1\u0dd2\u0db1\u0dca \u0dc0\u0dd9\u0db1\u0dca\u0dc0\u0dd9\u0db8\u0dd4 \u0d9a\u0dd2\u0dba\u0dcf \r\n\u0db8\u0da7 \u0db6\u0dd0\u0dbb\u0dd2 \u0d8b\u0db1\u0dcf \u0dc4\u0dd2\u0dad \u0daf\u0dbb \u0daf\u0da9\u0dd4 \u0d8b\u0db1\u0dcf\n\r\n\u0d9a\u0dc0\u0dd4\u0dbb\u0dd4\u0dad\u0dca\u0db8 \u0db1\u0dd1 \u0db8\u0dcf \u0dad\u0dbb\u0db8\u0dca \u0d86\u0daf\u0dbb\u0dda \r\n\u0dc0\u0dd0\u0da7\u0dc4\u0dd9\u0db1 \u0daf\u0dd2\u0db1\u0d9a\u0dca \u0d91\u0db1\u0dca\u0db1\u0dd9\u0db4\u0dcf \u0db8\u0d9c\u0dd9 \u0dc3\u0dd9\u0db1\u0dda\r\n\u0d94\u0db6 \u0dc4\u0dbb\u0dd2 \u0dad\u0dd4\u0da7\u0dd2\u0db1\u0dca \u0d89\u0db1\u0dd4\u0db8\u0dd0\u0db1\u0dda \u0dc4\u0dd0\u0db8\u0daf\u0dd2\u0db1\u0dda\r\n\u0dad\u0db1\u0dd2\u0d9a\u0db8 \u0dc4\u0ddc\u0daf\u0dba\u0dd2 \u0db8\u0da7 \u0d89\u0dad\u0dd2\u0db1\u0dca \u0db8\u0dda \u0db7\u0dc0\u0dda\r\n\u0dba\u0db1\u0dca\u0db1\u0da7 \u0d9c\u0dd2\u0dba\u0dda \u0dc4\u0dd2\u0dad\u0d9a\u0dca \u0db1\u0dd1 \u0dc0\u0d9c\u0dda \r\n\u0db8\u0daf\u0dd2 \u0dc0\u0dd3\u0daf \u0db8\u0dcf \u0daf\u0dd4\u0db1\u0dca\u0db1\u0dd4 \u0dc3\u0dd9\u0db1\u0dd9\u0dc4\u0dda\n\r\n\u0db8\u0dad\u0d9a\u0dba \u0db4\u0dc0\u0dcf \u0d85\u0db8\u0dd2\u0dc4\u0dd2\u0dbb\u0dd2 \u0dc0\u0dd9\u0dbd\u0dcf \r\n\u0d86\u0dba\u0dd9\u0dad\u0dca \u0db4\u0dd9\u0db8\u0d9a\u0dca \u0db1\u0ddc\u0db4\u0dad\u0db8\u0dd2 \u0dc3\u0daf\u0dcf\r\n\u0d94\u0db6 \u0db1\u0dda\u0db1 \u0db6\u0dd0\u0dc0\u0dd4 \u0daf\u0dd0\u0db1 \u0daf\u0dd0\u0db1\u0db8 \u0db8\u0dcf \r\n\u0dad\u0dcf\u0db8\u0dad\u0dca \u0d85\u0db1\u0dda \u0db8\u0d9c \u0db6\u0dbd\u0db1\u0dc0\u0dcf\n\r\n\u0d9a\u0dc0\u0dd4\u0dbb\u0dd4\u0dad\u0db8 \u0db1\u0dd1 \u0db8\u0dcf.... "
    },
    {
        "uuid": "fa07235a-8a1e-11e9-8685-3863bb98c88b",
        "song": "Kala Wawata Wahi Wahala ",
        "singer": "Krishantha Erandaka ",
        "lyricUnicode": "\u0d9a\u0dbd\u0dcf\u0dc0\u0dd0\u0dc0\u0da7 \u0dc0\u0dd0\u0dc4\u0dd2 \u0dc0\u0dd0\u0dc4\u0dd0\u0dbd\u0dcf \u0d89\u0db4\u0dab\u0dd0\u0dbd\u0dd2 \u0db6\u0dd2\u0db8 \u0dad\u0dd9\u0db8\u0dd9\u0db1\u0dca\u0db1 \r\n\u0dc3\u0dbb\u0dcf \u0dc3\u0db3\u0da7 \u0daf\u0dd4\u0d9a \u0dc4\u0dd2\u0dad\u0dd2\u0dbd\u0dcf \u0dc3\u0db3 \u0daf\u0dd2\u0dba\u0d9a\u0dd0\u0db1\u0dca \u0dc4\u0dd9\u0dbd\u0db1\u0dca\u0db1\r\n\u0db8\u0db1\u0dcf \u0dbb\u0dd4\u0dc0\u0da7 \u0db4\u0dd3\u0db1\u0dcf \u0d91\u0db1 \u0db8\u0dd2\u0db1\u0dca \u0dbb\u0dc5 \u0d94\u0db6 \u0db6\u0dbd\u0db1\u0dca\u0db1\r\n\u0d91\u0db1\u0dca\u0db1 \u0dba\u0db1\u0dca\u0db1 \u0dc0\u0dd0\u0dc0\u0dca \u0db4\u0dd2\u0da7\u0dd2\u0dba\u0da7 \u0dbb\u0dd1 \u0db8\u0dd0\u0daf\u0dd2\u0dba\u0db8 \u0db4\u0dd2\u0db4\u0dd9\u0db1\u0dca\u0db1\n\r\n\u0dc3\u0dd2\u0dc4\u0dd2\u0dbd\u0dca \u0dc3\u0dd4\u0dc5\u0d82 \u0db4\u0dd2\u0dab\u0dd2\u0d9a\u0dd0\u0da7 \u0db8\u0dad \u0db1\u0dd4\u0db9\u0dda \u0db1\u0dc5\u0dbd \u0dc3\u0dd2\u0db9\u0dd2\u0db1\u0dca\u0db1 \r\n\u0dbb\u0dd0\u0dc5\u0dd2 \u0db1\u0dd0\u0d82\u0dc0\u0dd9\u0db1 \u0db1\u0daf \u0d85\u0dad\u0dbb\u0dd2\u0db1\u0dca \u0dc3\u0db3 \u0daf\u0dd2\u0dba \u0db6\u0dd4\u0d82 \u0daf\u0d9a\u0dd2\u0db1\u0dca\u0db1 \r\n\u0db4\u0dd9\u0dad\u0dd2 \u0d85\u0dc4\u0dd4\u0dbd\u0db8\u0dd4 \u0dbb\u0dc5\u0db4\u0db1\u0dcf\u0dc0 \u0db8\u0dad \u0daf\u0dd4\u0d9a \u0dbd\u0dd2\u0dba\u0db1\u0dcf \u0db8\u0dbd\u0d9a\u0dd2\u0db1\u0dca \r\n\u0d85\u0daf \u0db4\u0db8\u0dab\u0d9a\u0dca \u0d87\u0dc0\u0dd2\u0dad\u0dca \u0dba\u0db1\u0dca\u0db1 \u0dc4\u0dd9\u0da7 \u0db1\u0dd1\u0dc0\u0dd2\u0dad\u0dca \u0db8\u0d9c \u0dc4\u0dbb\u0dd2\u0db1\u0dca\u0db1\n\r\n\u0dbb\u0da7\u0dcf \u0d9c\u0dd9\u0db1\u0dad\u0dca \u0d8b\u0da9\u0dd4 \u0dc0\u0dd2\u0dba\u0db1\u0dda \u0dad\u0dbb\u0dd4\u0d9a\u0dd0\u0da7 \u0dad\u0db1\u0dd2 \u0dc0\u0dd3 \u0dbd\u0dad\u0dd0\u0dc0\u0dd9\u0db1\r\n\u0db1\u0dd2\u0dc1\u0dcf\u0db8\u0dba\u0d9a \u0db1\u0dd2\u0dc4\u0dac\u0dba \u0dbd\u0ddc\u0dc0 \u0d85\u0dc0\u0daf\u0dd2\u0dba \u0dc3\u0dbb\u0dc3\u0dc0\u0dd2 \u0dba\u0da7\u0dd2\u0dc4\u0dd2\u0dad \r\n\u0d9a\u0dbd\u0dcf\u0dc0\u0dd0\u0dc0\u0dda \u0daf\u0dd2\u0dba \u0dba\u0dc4\u0db1\u0dda \u0db1\u0dd2\u0daf\u0dd2\u0dba\u0db1 \u0db8\u0dbd\u0dca \u0d87\u0dc4\u0dd0\u0dbb\u0dc0\u0db1\u0dca\u0db1 \r\n\u0d85\u0daf \u0db4\u0db8\u0dab\u0d9a\u0dca \u0d87\u0dc0\u0dd2\u0dad\u0dca \u0dba\u0db1\u0dca\u0db1 \u0dc4\u0dd9\u0da7 \u0db1\u0dd1\u0dc0\u0dd2\u0dad\u0dca \u0db8\u0d9c \u0dc4\u0dbb\u0dd2\u0db1\u0dca\u0db1\n\r\n\u0d9a\u0dbd\u0dcf\u0dc0\u0dd0\u0dc0\u0da7 \u0dc0\u0dd0\u0dc4\u0dd2 \u0dc0\u0dd0\u0dc4\u0dd0\u0dbd\u0dcf......\n"
    },
    {
        "uuid": "fb03cd48-8a1e-11e9-80f3-3863bb98c88b",
        "song": "Kalabe Tharanga Gini Sagarehi ",
        "singer": "Samitha Mudunkotuwa ",
        "lyricUnicode": "\u0d9a\u0dd0\u0dc5\u0db9\u0dda \u0dad\u0dbb\u0d82\u0d9c\u0dcf \u0d9c\u0dd2\u0db1\u0dd2 \u0dc3\u0dcf\u0d9c\u0dbb\u0dda\u0dc4\u0dd2 \r\n\u0db8\u0dd0\u0d9a\u0dd2\u0dbd\u0dcf \u0d85\u0db4\u0dda \u0dbb\u0dd6\u0db4 \u0da0\u0dcf\u0dba\u0dcf \r\n\u0daf\u0dc0\u0dc3\u0d9a\u0dca \u0dc3\u0dd0\u0daf\u0dd1\u0dc0\u0dda \u0d85\u0db4\u0dd2 \u0db8\u0dd6\u0daf\u0dd4 \u0dc0\u0dd0\u0dbd\u0dca\u0dbd\u0dda \r\n\u0d9a\u0dd0\u0db1\u0dca\u0daf\u0dcf \u0dc0\u0dd4 \u0d92 \u0db4\u0dca\u200d\u0dbb\u0dda\u0db8 \u0da0\u0dcf\u0dba\u0dcf\n\r\n\u0d9a\u0dcf\u0dbd\u0dba \u0d89\u0d9c\u0dd2\u0dbd\u0dca\u0dbd\u0dd3 \u0d9a\u0db3\u0dd4\u0dbd\u0dd9\u0db1\u0dca \u0dbd\u0dd2\u0dba\u0dcf \u0daf\u0dd4\u0db1\u0dca\r\n\u0dc3\u0dd0\u0db8\u0dbb\u0dd4\u0db8\u0dca \u0d85\u0db4\u0dda \u0d86\u0daf\u0dbb\u0dda \u0dba\u0dba\u0dd2 \u0db8\u0dd0\u0d9a\u0dd3\r\n\u0dc3\u0dd4\u0dc3\u0dd4\u0db8\u0d9a\u0dca \u0dc3\u0dd4\u0dc5\u0d82 \u0dc0\u0dd3 \u0dc4\u0db8\u0db1\u0dcf \u0dbb\u0dd0\u0dba\u0dda\r\n\u0d94\u0db6\u0d9c\u0dda \u0dc3\u0dd4\u0d9c\u0db1\u0dca\u0daf\u0dda \u0dba\u0db1\u0dca\u0dad\u0db8\u0dca \u0daf\u0dd0\u0db1\u0dda \u0db8\u0dda \u0db4\u0dcf\u0dc5\u0dd4 \u0dbb\u0dd1\n\r\n\u0d9a\u0dd0\u0dc5\u0db9\u0dda \u0dad\u0dbb\u0d82\u0d9c\u0dcf.....\n\r\n\u0d85\u0db4 \u0daf\u0ddb\u0dc0\u0dba\u0ddd\u0d9c\u0dda \u0d89\u0dbb\u0dab\u0db8\u0dca \u0db8\u0dd9\u0dc3\u0dda \u0db1\u0db8\u0dca \r\n\u0d85\u0db4\u0dd2 \u0db1\u0dcf\u0dac\u0db8\u0dd4 \u0da2\u0dd3\u0dc0\u0dd2\u0dad\u0dda \u0db8\u0d82\u0db4\u0dd9\u0dad\u0dda\r\n\u0d85\u0db4\u0dbb\u0dcf\u0da2\u0dd2\u0dad\u0dba\u0dd2 \u0d9a\u0dd3 \u0db4\u0dca\u200d\u0dbb\u0dda\u0db8\u0dd9\u0db1\u0dca \u0db6\u0dd0\u0db3\u0dd3 \r\n\u0daf\u0dd2\u0db1\u0dd4\u0dc0\u0dda \u0daf \u0d9a\u0dc0\u0dd4\u0dbb\u0dd4\u0db1\u0dca \u0d9a\u0dc0\u0daf\u0dcf\u0d9a \u0dc4\u0ddd \u0d89\u0dad\u0dd2\u0dc4\u0dcf\u0dc3\u0dba\u0dda\n\r\n\u0d9a\u0dd0\u0dc5\u0db9\u0dda \u0dad\u0dbb\u0d82\u0d9c\u0dcf....."
    },
    {
        "uuid": "ffdba7f0-8a1e-11e9-80c9-3863bb98c88b",
        "song": "Kale Pan Atha Nawum Raha Natha ",
        "singer": "Sunil Edirisinghe ",
        "lyricUnicode": "\u0d9a\u0dbd\u0dda \u0db4\u0dd0\u0db1\u0dca \u0d87\u0dad \u0db1\u0dd0\u0dc0\u0dd4\u0db8\u0dca \u0dbb\u0dc4 \u0db1\u0dd0\u0dad\r\n\u0db8\u0ddc\u0d9a\u0daf \u0db8\u0db1\u0dca\u0daf\u0dcf \u0dbd\u0dd2\u0db3\u0da7 \u0dc0\u0dd6\u0dba\u0dda\r\n\u0db4\u0dd4\u0dc5\u0dd4\u0dc3\u0dca\u0dc3\u0dcf \u0d9c\u0dad\u0dca \u0dbb\u0ddc\u0da7\u0dd2\u0dba \u0d9a\u0dbb \u0dc0\u0dd3\r\n\u0db8\u0ddc\u0d9a\u0daf \u0db8\u0db1\u0dca\u0daf\u0dcf \u0dbd\u0dd2\u0db4\u0da7 \u0dc0\u0dd6\u0dba\u0dda\r\n\u0dc4\u0daf\u0dcf \u0d9c\u0dad\u0dca \u0dbd\u0dd4\u0dab\u0dd4 \u0db8\u0dd2\u0dbb\u0dd2\u0dc3 \u0dbb\u0dc4 \u0db1\u0dd0\u0dad\r\n\u0db8\u0ddc\u0d9a\u0daf \u0db8\u0db1\u0dca\u0daf\u0dcf \u0daf\u0dd2\u0dc0\u0da7 \u0dc0\u0dd6\u0dba\u0dda\n\r\n\u0dc3\u0dd0\u0dbd\u0dda \u0d9c\u0dc4 \u0d9a\u0ddc\u0dbd \u0dc3\u0dd4\u0dbd\u0d9f \u0d87\u0dad \u0d91\u0daf\r\n\u0dc3\u0dd2\u0dc4\u0dd2\u0dbd \u0d9a\u0ddc\u0dba\u0dd2 \u0d85\u0dad \u0d9c\u0dd2\u0dba\u0dcf\u0daf\u0ddd\r\n\u0d9a\u0ddd\u0dbd \u0db6\u0dc0 \u0db8\u0dd4\u0dc3\u0dd4 \u0dc3\u0dd2\u0db1\u0dcf \u0dc4\u0d9e \u0db1\u0dd0\u0dad\r\n\u0dc3\u0dc0\u0db1\u0dca \u0db6\u0dd2\u0dc4\u0dd2\u0dbb\u0dd2\u0dc0 \u0d9c\u0dd2\u0dba\u0dcf\u0daf\u0ddd\n\r\n\u0d9a\u0dbd\u0dda \u0db4\u0dd0\u0db1\u0dca \u0d87\u0dad...\n\r\n\u0db4\u0dd4\u0dbb\u0dd4\u0daf\u0dd4 \u0db1\u0dd2\u0dc0\u0dc4\u0db1 \u0db1\u0dd4\u0dc4\u0dd4\u0dbb\u0dd4 \u0dc0\u0dd3 \u0db1\u0db8\u0dca\r\n\u0d9a\u0dcf\u0da7 \u0db8\u0dda \u0d9c\u0dd0\u0db1 \u0d9a\u0dd2\u0dba\u0db1\u0dca\u0db1\u0dd9\u0db8\u0dca\r\n\u0d9a\u0dcf\u0da7 \u0db8\u0dda \u0d9c\u0dd0\u0db1 \u0d9a\u0dd2\u0dba\u0db1\u0dca\u0db1\u0dd9\u0db8\u0dca \u0db8\u0db8\r\n\u0db6\u0dd2\u0dbb\u0dd2\u0db1\u0dca\u0daf\u0dd1 \u0db1\u0dd1 \u0d9c\u0db8\u0dca \u0d9c\u0ddc\u0dc4\u0dd2\u0db1\u0dca\n\r\n\u0d9a\u0dbd\u0dda \u0db4\u0dd0\u0db1\u0dca \u0d87\u0dad..."
    },
    {
        "uuid": "00576c36-8a1f-11e9-b47b-3863bb98c88b",
        "song": "Kalpa Kaalayak Pura ",
        "singer": "Sanka Dineth ",
        "lyricUnicode": "\u0d9a\u0dbd\u0dca\u0db4 \u0d9a\u0dcf\u0dbd\u0dba\u0d9a\u0dca\u200c \u0db4\u0dd4\u0dbb\u0dcf \u0dc3\u0d82\u0dc3\u0dcf\u0dbb \u0da0\u0dcf\u0dbb\u0dd2\u0d9a\u0dcf\r\n\u0dc4\u0dd3\u0db1\u0dba\u0d9a\u0dca\u200c \u0dc0\u0d9c\u0dd9 \u0db8\u0dcf \u0d9c\u0dcf\u0dc0 \u0db4\u0dcf\u0dba\u0dbd\u0dcf //\r\n\u0daf\u0dd1\u0dc3\u0dda \u0db1\u0dd1\u0dc0\u0dd9\u0db1\u0dcf \u0db8\u0daf\u0dc4\u0dcf\u0dc3\u0dda \u0d9a\u0dcf\u0dbb\u0dab\u0dcf\r\n\u0d89\u0db1\u0dcf\u0dc0\u0d9a\u0dca\u200c \u0d9c\u0dd9\u0db1\u0dcf \u0d92 \u0db8\u0dd4\u0dc0\u0dda \u0db8\u0dbd\u0dca \u0dc4\u0dd2\u0db1\u0dcf //\n\r\n\u0db8\u0dbd\u0dca \u0d9c\u0dcf\u0dc0 \u0dbb\u0ddc\u0db1\u0dca \u0dc3\u0ddc\u0dba\u0db1 \u0d9a\u0dcf\u0dbd\u0dda\r\n\u0db8\u0d82 \u0d86\u0dc0 \u0dc4\u0dd2\u0db1\u0dca\u0daf\u0dcf\u0daf \u0dbb\u0dc4\u0dc3\u0dda //\r\n\u0db1\u0dd9\u0dad\u0dca \u0db4\u0dc4\u0dc3\u0dda \u0d9c\u0dd1\u0dc0\u0dd4\u0db1\u0dcf\r\n\u0dc3\u0dd2\u0dad\u0dca \u0d85\u0dc4\u0dc3\u0dda \u0db4\u0dcf\u0dc0\u0dd4\u0db1\u0dcf\r\n\u0d89\u0db1\u0dcf\u0dc0\u0d9a\u0dca\u200c \u0d9c\u0dd9\u0db1\u0dcf \u0d92 \u0db8\u0dd4\u0dc0\u0dda \u0db8\u0dbd\u0dca \u0dc4\u0dd2\u0db1\u0dcf //\n\r\n\u0d9a\u0dbd\u0dca\u0db4 \u0d9a\u0dcf\u0dbd\u0dba\u0d9a\u0dca\u200c \u0db4\u0dd4\u0dbb\u0dcf...\n\r\n\u0dc4\u0daf \u0d9c\u0dd0\u0dc3\u0dca\u200c\u0db8 \u0db8\u0d9c\u0dd9 \u0dc4\u0dd4\u0dc3\u0dca\u200c\u0db8 \u0dc0\u0dcf\u0d9c\u0dda\r\n\u0dc4\u0dd0\u0db8 \u0dad\u0dd2\u0dc3\u0dca\u200c\u0dc3\u0dda \u0d94\u0db6 \u0d89\u0db1\u0dca\u0db1\u0dc0\u0dcf\u0db1\u0dda //\r\n\u0db1\u0dd9\u0dad\u0dca \u0db4\u0dc4\u0dc3\u0dda \u0d9c\u0dd0\u0dc0\u0dd4\u0db1\u0dcf\r\n\u0dc3\u0dd2\u0dad\u0dca \u0d85\u0dc4\u0dc3\u0dda \u0dba\u0dcf\u0dc0\u0dd4\u0db1\u0dcf\r\n\u0d89\u0db1\u0dcf\u0dc0\u0d9a\u0dca\u200c \u0d9c\u0dd9\u0db1\u0dcf \u0d92 \u0db8\u0dd4\u0dc0\u0dda \u0db8\u0dbd\u0dca \u0dc4\u0dd2\u0db1\u0dcf //\n\r\n\u0d9a\u0dbd\u0dca\u0db4 \u0d9a\u0dcf\u0dbd\u0dba\u0d9a\u0dca\u200c \u0db4\u0dd4\u0dbb\u0dcf..."
    },
    {
        "uuid": "01536410-8a1f-11e9-8c9e-3863bb98c88b",
        "song": "Kalpayak Kal Kandulu Winda Winda ",
        "singer": "Victor Rathnayaka ",
        "lyricUnicode": "\u0d9a\u0dbd\u0dca\u0db4\u0dba\u0d9a\u0dca \u0d9a\u0dbd\u0dca \u0d9a\u0db3\u0dd4\u0dc5\u0dd4 \u0dc0\u0dd2\u0db3 \u0dc0\u0dd2\u0db3 \r\n\u0d87\u0dc3\u0dca \u0dc4\u0dad\u0dbb \u0db8\u0dd0\u0daf \u0dad\u0db1\u0dd2\u0dc0\u0dd9\u0dbd\u0dcf\r\n\u0daf\u0dd4\u0d9a\u0dca \u0dc0\u0dd2\u0db3\u0dd2\u0db1\u0dca\u0db1\u0daf \u0db4\u0dd9\u0db8\u0dca \u0d9a\u0dc5\u0dda \u0d85\u0db4\r\n\u0db8\u0dbd\u0dca \u0daf\u0dd9\u0d9a\u0d9a\u0dca \u0dc5\u0d82 \u0dc0\u0dd9\u0dbd\u0dcf //\n\r\n\u0d9a\u0db4\u0dca\u0db4\u0dbb\u0d9a\u0dca \u0db6\u0dbb \u0dc4\u0dd3\u0db1 \u0daf\u0dd0\u0d9a \u0daf\u0dd0\u0d9a\r\n\u0d91\u0d9a \u0dbb\u0dd0\u0dba\u0d9a \u0daf\u0dd9\u0dad\u0dd0\u0db1\u0da7 \u0dc0\u0dd9\u0dbd\u0dcf\t\r\n\u0dc4\u0dd6\u0dd6\u0dbd\u0dca\u0dbd\u0db1\u0dca\u0db1\u0daf \u0db4\u0dd9\u0db8\u0dca \u0d9a\u0dc5\u0dda \u0d85\u0db4\r\n\u0dad\u0dbb\u0dd4 \u0daf\u0dd9\u0d9a\u0d9a\u0dca \u0dc0\u0dd3 \u0dc5\u0d82\u0dc0\u0dd9\u0dbd\u0dcf\n\r\n\u0d9a\u0dbd\u0dca\u0db4\u0dba\u0d9a\u0dca \u0d9a\u0dbd\u0dca... \n\r\n\u0dc3\u0db3 \u0db8\u0dbd\u0dd2\u0db1\u0dca \u0db6\u0da7 \u0dc3\u0dd3\u0dad \u0db4\u0dd2\u0dab\u0dd2 \u0d9a\u0dd0\u0da7 \r\n\u0d87\u0dc3\u0dca \u0daf\u0dd9\u0d9a\u0dd9\u0dc5\u0dc0\u0dbb \u0dad\u0db1\u0dd2\u0dc0\u0dd9\u0dbd\u0dcf\r\n\u0d89\u0d9a\u0dd2\u0db6\u0dd2\u0db3\u0dd2\u0db1\u0dca\u0db1\u0daf \u0db4\u0dd9\u0db8\u0dca \u0d9a\u0dc5\u0dda \u0d85\u0db4 \r\n\u0dbb\u0db1\u0dca \u0dc4\u0dd4\u0dba\u0dd9\u0d9a \u0daf\u0dd1\u0d9f\u0dd2\u0dbd\u0dd2 \u0dad\u0db6\u0dcf\n\r\n\u0d9a\u0dbd\u0dca\u0db4\u0dba\u0d9a\u0dca \u0d9a\u0dbd\u0dca..."
    },
    {
        "uuid": "0e8115f6-8a1f-11e9-b120-3863bb98c88b",
        "song": "Kandulai Duka Sagawanne ",
        "singer": "Nanda Malani ",
        "lyricUnicode": "\u0d9a\u0db3\u0dd4\u0dbd\u0dba\u0dd2 \u0daf\u0dd4\u0d9a \u0dc3\u0d9f\u0dc0\u0db1\u0dca\u0db1\u0dda\r\n\u0db6\u0dd2\u0dbd\u0dd2\u0daf\u0dd4\u0db1\u0dd2 \u0db1\u0dd4\u0db9 \u0db1\u0dcf\u0da9\u0db1\u0dca\u0db1\u0dda\r\n\u0d85\u0db8\u0dca\u0db8\u0dcf \u0dc3\u0dc5\u0dd4 \u0dc0\u0dd2\u0dba\u0db4\u0db1\u0dca\u0db1\u0dda\r\n\u0dbb\u0dc3\u0db8\u0dc3\u0dc0\u0dd4\u0dc5\u0dd4 \u0d9c\u0dd9\u0db1 \u0d91\u0db1\u0dca\u0db1\u0dda \n\r\n\u0db1\u0dd0\u0dad\u0dd2\u0d9a\u0db8\u0daf\u0ddd \u0daf\u0dc5\u0dd4\u0dbd\u0db1\u0dca\u0db1\u0dda\r\n\u0d9a\u0ddc\u0dbd\u0ddc\u0db8\u0dca \u0db4\u0dd4\u0dbb\u0da7 \u0dc3\u0dd2\u0dad \u0dba\u0db1\u0dca\u0db1\u0dda\r\n\u0db6\u0db9\u0dbb\u0dd2\u0db3\u0dd4 \u0dc0\u0da7 \u0d9a\u0dd0\u0dbb\u0d9a\u0dd9\u0db1\u0dca\u0db1\u0dda\r\n\u0db4\u0dd4\u0dad\u0dd4 \u0daf\u0ddd\u0dad\u0da7 \u0daf\u0dd3 \u0dba\u0db1\u0dca\u0db1\u0dda \n\r\n\u0d9a\u0db3\u0dd4\u0dbd\u0dba\u0dd2 \u0daf\u0dd4\u0d9a....\n\r\n\u0dad\u0dbb\u0dd4 \u0dc0\u0dd2\u0dba\u0db1\u0dba\u0dd2 \u0daf\u0dd4\u0d9a \u0daf\u0db1\u0dca\u0db1\u0dda\r\n\u0dc4\u0daf \u0d85\u0dbb\u0db1\u0db8 \u0d9c\u0dd2\u0db1\u0dd2 \u0d9c\u0db1\u0dca\u0db1\u0dda \r\n\u0d85\u0db3\u0dd4\u0dbb\u0dda \u0dc3\u0dd0\u0db8 \u0dc3\u0db1\u0dc4\u0db1\u0dca\u0db1\u0dda \r\n\u0db1\u0dd4\u0db9\u0dda \u0d9a\u0db3\u0dd4\u0dc5\u0dd4 \u0db4\u0dd2\u0dc3\u0dbd\u0db1\u0dca\u0db1\u0dda \n\r\n\u0d9a\u0db3\u0dd4\u0dbd\u0dba\u0dd2 \u0daf\u0dd4\u0d9a...."
    },
    {
        "uuid": "0f73f706-8a1f-11e9-bc7e-3863bb98c88b",
        "song": "Kandulak Wate Nam Pisalanna Aye ",
        "singer": "Rohana Bogoda ",
        "lyricUnicode": "\u0d9a\u0db3\u0dd4\u0dbd\u0d9a\u0dca \u0dc0\u0dd0\u0da7\u0dda \u0db1\u0db8\u0dca \u0db4\u0dd2\u0dc3\u0dbd\u0db1\u0dca\u0db1 \u0d86\u0dba\u0dda\r\n\u0d94\u0db6 \u0dc4\u0db8\u0dd4\u0dc0\u0db1\u0dca\u0db1\u0dda \u0d9a\u0dc0\u0daf\u0dcf\u0daf \u0d86\u0dba\u0dda\r\n\u0dc3\u0dd2\u0dad\u0dda \u0dbb\u0dd0\u0daf\u0dd9\u0db1\u0dca\u0db1\u0dda \u0d94\u0db6\u0d9c\u0dda\u0db8 \u0dbb\u0dd4\u0dc0\u0db8\u0dba\u0dd2\r\n\u0dc4\u0dc3\u0dbb\u0dd0\u0dbd\u0dca \u0daf\u0dd2\u0db1\u0dd6 \u0dbd\u0ddc\u0dc0 \u0d91\u0d9a\u0dca\u0dad\u0dd0\u0db1\u0dca \u0dc0\u0dd9\u0dbd\u0dcf\n\r\n\u0d85\u0db4 \u0dc4\u0db8\u0dd4\u0dc0\u0dd4\u0dab\u0dd4 \u0d92 \u0d9c\u0dc4\u0d9a\u0ddc\u0dbd \u0d9a\u0ddc\u0dad\u0dd0\u0db1\u0dda\r\n\u0dc3\u0dd2\u0dad \u0dbb\u0dd2\u0daf\u0dc0\u0db1\u0dca\u0db1 \u0db8\u0dd9\u0dc3\u0dda\r\n\u0d86\u0daf\u0dbb \u0dbd\u0ddc\u0dc0\u0d9a\u0da7 \u0d9a\u0ddc\u0dad\u0dd0\u0db1\u0daf \u0db8\u0dcf\u0dba\u0dd2\u0db8\u0dca\r\n\u0dc0\u0dd9\u0db1\u0dca\u0dc0\u0dd4\u0db1\u0dd4 \u0dc4\u0dd2\u0dad\u0dca\u0dc0\u0dbd \u0db8\u0dad\u0d9a \u0dbd\u0ddc\u0dc0\u0dda\r\n\u0d91\u0d9a\u0dca\u0dc0\u0db1\u0dca\u0db1\u0da7 \u0db6\u0dd0\u0dbb\u0dd2\u0db1\u0db8\u0dca\n\r\n\u0d9a\u0db3\u0dd4\u0dbd\u0d9a\u0dca \u0dc0\u0dd0\u0da7\u0dda \u0db1\u0db8\u0dca...\n\r\n\u0dc3\u0dd2\u0dad \u0dc3\u0dd2\u0dc4\u0dd2\u0db1\u0dba\u0d9a\u0dd3 \u0db1\u0dd9\u0dad \u0d91\u0d9a \u0dbb\u0dd0\u0dba\u0d9a\u0dd3\r\n\u0dba\u0dc5\u0dd2 \u0dc3\u0dc3\u0daf\u0db1\u0dca\u0db1 \u0db6\u0dd0\u0dbb\u0dd3\r\n\u0db4\u0dcf\u0dc5\u0dd4\u0dc0 \u0dad\u0db1\u0dd2\u0d9a\u0db8 \u0dc0\u0dd2\u0db3\u0d9c\u0dad \u0dc4\u0dd0\u0d9a\u0dd2\u0db1\u0db8\u0dca\r\n\u0dbd\u0d82 \u0dc0\u0dd4\u0db1\u0dd4 \u0d8b\u0db1\u0dca \u0daf\u0dd4\u0dbb \u0d9c\u0dd2\u0dba\u0daf \u0dbd\u0ddc\u0dc0\u0dda\r\n\u0d91\u0d9a\u0dca\u0dc0\u0db1\u0dca\u0db1\u0da7 \u0db6\u0dd0\u0dbb\u0dd2\u0db1\u0db8\u0dca\n\r\n\u0d9a\u0db3\u0dd4\u0dbd\u0d9a\u0dca \u0dc0\u0dd0\u0da7\u0dda \u0db1\u0db8\u0dca..."
    },
    {
        "uuid": "108bc336-8a1f-11e9-ac43-3863bb98c88b",
        "song": "Kandulak Wennam ",
        "singer": "Hashi Abhayawardhana ",
        "lyricUnicode": "\u0d9a\u0db3\u0dd4\u0dbd\u0d9a\u0dca \u0dc0\u0dd9\u0db1\u0dca\u0db1\u0db8\u0dca \u0daf\u0dd1\u0dc3\u0dd2\u0db1\u0dca \u0dc0\u0dd0\u0da7\u0dd2\u0dbd\u0dcf\r\n\u0dc3\u0dd4\u0dc3\u0dd4\u0db8\u0d9a\u0dca \u0dc0\u0dda\u0daf\u0ddd \u0d86\u0daf\u0dbb\u0dda //\r\n\u0dc5\u0db8\u0dd0\u0daf\u0dda \u0db8\u0dcf \u0dc4\u0dd2\u0dc3 \u0dad\u0dd2\u0dba\u0dcf \u0d94\u0db6 \u0db8\u0dcf \u0db4\u0dab\u0db8\u0dba\u0dd2 \u0d9a\u0dd2\u0dba\u0dcf\r\n\u0d9a\u0dd2\u0db3\u0dd2\u0dbb\u0dd4\u0dc0\u0dcf \u0db8\u0dad\u0d9a \u0db1\u0dd1 \u0d92 \u0d9a\u0dad\u0dcf //\r\n\u0d85\u0db4\u0dda \u0d86\u0daf\u0dbb\u0dda\n\r\n\u0db4\u0dcf\u0dba\u0dcf \u0dc4\u0dd2\u0dbb\u0dd4\u0dc3\u0dda\u0db8 \u0d94\u0db6 \u0d8b\u0db1\u0dca\u0db1\u0dcf \u0db8\u0d9c\u0dd9 \u0dc4\u0dd3\u0db1 \u0db4\u0dd9\u0db8\u0dca \u0d86\u0d9a\u0dc4\u0dda\r\n\u0db4\u0dc0\u0dc3\u0db1\u0dca\u0db1 \u0d87\u0dba\u0dd2 \u0dc3\u0ddc\u0db3\u0dd4\u0dbb \u0dc0\u0dd2\u0db3\u0dc0\u0db1\u0dca\u0db1\u0dd9 \u0d9a\u0db3\u0dd4\u0dbd\u0dd2\u0db1\u0dca \u0db8\u0dd9\u0dc3\u0dda\r\n\u0dad\u0dd4\u0dbb\u0dd4\u0dbd\u0dda \u0d89\u0db3\u0dbd\u0dcf \u0dc4\u0dd0\u0db8\u0daf\u0dda \u0dc0\u0dd2\u0db3\u0dbd\u0dcf\r\n\u0db8\u0dd9\u0dad\u0dbb\u0db8\u0dca \u0dc4\u0dac\u0dbd\u0dcf \u0db8\u0da7 \u0dc4\u0dd4\u0dbb\u0dd4 \u0db1\u0dd1\n\r\n\u0d9a\u0db3\u0dd4\u0dbd\u0d9a\u0dca \u0dc0\u0dd9\u0db1\u0dca\u0db1\u0db8\u0dca \u0daf\u0dd1\u0dc3\u0dd2\u0db1\u0dca \u0dc0\u0dd0\u0da7\u0dd2\u0dbd\u0dcf\r\n\u0dc3\u0dd4\u0dc3\u0dd4\u0db8\u0d9a\u0dca \u0dc0\u0dda\u0daf\u0ddd \u0d86\u0daf\u0dbb\u0dda \n\r\n\u0d85\u0db3\u0dd4\u0db1\u0d9a\u0dca\u0daf \u0d94\u0dba \u0db4\u0dc4\u0dc3 \u0dc0\u0dd0\u0dc5\u0db4\u0dd9\u0db1\u0dca\u0db1\u0dda \u0dc5\u0dba\u0db8\u0dba\u0dd2 \u0db8\u0d9c\u0dda\r\n\u0db4\u0dd4\u0dbb\u0dc0\u0db1\u0dca\u0db1 \u0db4\u0dd4\u0dc5\u0dd4\u0dc0\u0db1\u0dca\u0daf \u0db8\u0dda \u0dad\u0dbb\u0db8\u0dca \u0daf\u0dd4\u0d9a \u0db8\u0dda \u0dc4\u0dd2\u0dad\u0dda\r\n\u0dad\u0dd4\u0dbb\u0dd4\u0dbd\u0dda \u0d89\u0db3\u0dbd\u0dcf \u0dc4\u0dd0\u0db8\u0daf\u0dda \u0dc0\u0dd2\u0db3\u0dbd\u0dcf\r\n\u0db8\u0dd9\u0dad\u0dbb\u0db8\u0dca \u0dc4\u0dac\u0dbd\u0dcf \u0db8\u0da7 \u0dc4\u0dd4\u0dbb\u0dd4 \u0db1\u0dd1\n\r\n\u0d9a\u0db3\u0dd4\u0dbd\u0d9a\u0dca \u0dc0\u0dd9\u0db1\u0dca\u0db1\u0db8\u0dca......"
    },
    {
        "uuid": "14a93e28-8a1f-11e9-bd8e-3863bb98c88b",
        "song": "Kandulu Atharin Mathuwela Rahasak ",
        "singer": "Indrajith Dolamulla ",
        "lyricUnicode": "\u0d9a\u0db3\u0dd4\u0dc5\u0dd4 \u0d85\u0dad\u0dbb\u0dd2\u0db1\u0dca \u0db8\u0dad\u0dd4\u0dc0\u0dd9\u0dbd\u0dcf \u0dbb\u0dc4\u0dc3\u0d9a\u0dca\r\n\u0dc3\u0dd2\u0dc4\u0dd2\u0db1 \u0dc0\u0dd2\u0dbd\u0dc3\u0dd2\u0db1\u0dca \u0db4\u0dd2\u0db6\u0dd2\u0daf\u0dd2\u0dbd\u0dcf \u0dc4\u0dd0\u0d9f\u0dd4\u0db8\u0d9a\u0dca\r\n\u0db1\u0dd4\u0db9\u0dda \u0db1\u0dd9\u0dad\u0d9f\u0dd2\u0db1\u0dca \u0db4\u0dd0\u0dc0\u0dc3\u0dd4\u0dc0\u0dda \u0dc0\u0daf\u0db1\u0d9a\u0dca\r\n\u0dc4\u0dd2\u0dad\u0db8 \u0d9c\u0dd2\u0dab\u0dd2\u0d9c\u0dad\u0dca \u0dc3\u0ddc\u0db3\u0dd4\u0dbb\u0dd4 \u0d86\u0daf\u0dbb\u0dba\u0d9a\u0dca\n\r\n\u0d9c\u0dad\u0db8 \u0db4\u0dd2\u0db6\u0dd2\u0daf\u0dd9\u0db1 \u0db1\u0dd4\u0dbb\u0dcf\u0d9c\u0dd3 \u0dc3\u0dd4\u0dc0\u0db3\u0d9a\u0dca\r\n\u0dc4\u0daf\u0dda \u0dc3\u0dd9\u0db1\u0dd9\u0dc4\u0dc3 \u0dc3\u0dd4\u0dc0\u0daf\u0dd9\u0db1\u0dcf \u0db8\u0ddc\u0dc4\u0ddc\u0dad\u0d9a\u0dca //\r\n\u0dc3\u0dd2\u0dad\u0dd4\u0dc0\u0db8\u0d9a\u0dca \u0dbd\u0dd9\u0dc3 \u0db4\u0dd9\u0db1\u0dd4\u0db1\u0dcf \u0db8\u0da7 \u0daf\u0dc0\u0dc3\u0d9a\u0dca\r\n\u0dc4\u0dd2\u0dad\u0da7 \u0dc0\u0daf \u0daf\u0dd9\u0db1 \u0db1\u0dd4\u0dc4\u0dd4\u0dbb\u0dd4 \u0db4\u0dd9\u0db8\u0dca \u0dc4\u0dd0\u0d9f\u0dd4\u0db8\u0d9a\u0dca\n\r\n\u0d9a\u0db3\u0dd4\u0dc5\u0dd4 \u0d85\u0dad\u0dbb\u0dd2\u0db1\u0dca...\n\r\n\u0dc4\u0dd2\u0dad\u0dda \u0db4\u0dd2\u0db4\u0dd2\u0dbd\u0dcf \u0dc4\u0dd0\u0d9f\u0dd4\u0db8\u0dca \u0db8\u0dbd\u0dca \u0dba\u0dcf\u0dba\u0d9a\u0dca\r\n\u0db1\u0dd9\u0dad\u0dda \u0daf\u0d9a\u0dd2\u0db1\u0dcf \u0dc3\u0dd4\u0dc4\u0daf \u0dc4\u0dc3\u0dbb\u0dd0\u0dbd\u0dca\u0dbd\u0d9a\u0dca //\r\n\u0db8\u0dd4\u0dc0 \u0dad\u0dd9\u0db4\u0dd4\u0dbd \u0db8\u0dad \u0db6\u0dd0\u0db3\u0dd4\u0db1 \u0d86\u0daf\u0dbb\u0dba\u0d9a\u0dca\r\n\u0d86\u0daf\u0dbb\u0dd9\u0db1\u0dca \u0dc4\u0db8\u0dd4\u0dc0\u0dd9\u0dbd\u0dcf \u0da2\u0dd3\u0dc0\u0dd2\u0dad\u0dba\u0d9a\u0dca\n\r\n\u0d9a\u0db3\u0dd4\u0dc5\u0dd4 \u0d85\u0dad\u0dbb\u0dd2\u0db1\u0dca... "
    },
    {
        "uuid": "190cb3b8-8a1f-11e9-8887-3863bb98c88b",
        "song": "Kandulu Binduwak Nethu Agin Watuna ",
        "singer": "Ruwan Hettiarachchi ",
        "lyricUnicode": "\u0d9a\u0db3\u0dd4\u0dc5\u0dd4 \u0db6\u0dd2\u0db3\u0dd4\u0dc0\u0d9a\u0dca \u0db1\u0dd9\u0dad\u0dd4 \u0d85\u0d9f\u0dd2\u0db1\u0dca \u0dc0\u0dd0\u0da7\u0dd4\u0dab\u0dcf\r\n\u0db1\u0dd4\u0db9 \u0d87\u0dc0\u0dd2\u0dad\u0dca \u0dc4\u0dd2\u0dad \u0d85\u0daf\u0dca\u0daf\u0dbb\u0dd2\u0db1\u0dca \u0dbb\u0dd0\u0db3\u0dd4\u0dab\u0dcf\r\n\u0db4\u0dd9\u0db1\u0dd9\u0db1 \u0db1\u0ddc\u0db4\u0dd9\u0db1\u0dd9\u0db1 \u0db8\u0dad\u0d9a \u0d85\u0dad\u0dbb\u0dda\r\n\u0dc4\u0dd2\u0dad\u0da7 \u0dc4\u0dd4\u0dbb\u0dd4 \u0db1\u0dd0\u0dad\u0dd2 \u0dad\u0db1\u0dd2\u0d9a\u0db8\u0d9a\u0dca \u0daf\u0dd0\u0db1\u0dd4\u0dab\u0dcf\r\n\u0dad\u0db1\u0dd2\u0d9a\u0db8\u0d9a\u0dca \u0daf\u0dd0\u0db1\u0dd4\u0dab\u0dcf\n\r\n\u0dc3\u0dd2\u0dc4\u0dd2\u0db1 \u0d9c\u0dd2\u0dbd\u0dd2\u0dc4\u0dd3 \u0daf\u0dd9\u0db4\u0dcf \u0db8\u0dd4\u0dbd \u0dc0\u0dd0\u0da7\u0dd4\u0dab\u0dcf\r\n\u0d94\u0dba\u0dcf \u0db1\u0ddc\u0d9a\u0dd2\u0dba\u0db8 \u0daf\u0dd4\u0dbb \u0d9c\u0dd2\u0dc4\u0dd2\u0db1\u0dca \u0dad\u0dd2\u0db6\u0dd4\u0dab\u0dcf\r\n\u0db6\u0dd2\u0db3\u0dd3 \u0db8\u0dd2\u0dba \u0d9c\u0dd2\u0dba \u0db4\u0dd0\u0dad\u0dd4\u0db8\u0dca \u0d85\u0db7\u0dd2\u0dba\u0dc3\r\n\u0daf\u0dbb\u0db1\u0dca\u0db1\u0da7 \u0db6\u0dd0\u0dbb\u0dd2 \u0dad\u0dbb\u0db8\u0dca \u0daf\u0dd4\u0d9a \u0dc4\u0dd2\u0dad\u0dd4\u0dab\u0dcf\r\n\u0dad\u0dbb\u0db8\u0dca \u0daf\u0dd4\u0d9a \u0dc4\u0dd2\u0dad\u0dd4\u0dab\u0dcf\n\r\n\u0d9a\u0db3\u0dd4\u0dc5\u0dd4 \u0db6\u0dd2\u0db3\u0dd4\u0dc0\u0d9a\u0dca...\n\r\n\u0dc3\u0dd4\u0dc0\u0db3 \u0d85\u0dc4\u0dd2\u0db8\u0dd2\u0dba\u0dd2 \u0d9a\u0dd2\u0dba\u0dcf \u0dc4\u0dd2\u0dad \u0dc4\u0dd0\u0dac\u0dd4\u0dc0\u0dcf\r\n\u0d86\u0dba\u0dd9\u0db8\u0dad\u0dca \u0d94\u0db6 \u0d91\u0dad\u0dd0\u0dba\u0dd2 \u0d9a\u0dd2\u0dba\u0dcf \u0db8\u0da7 \u0dc3\u0dd2\u0dad\u0dd4\u0dab\u0dcf\r\n\u0db6\u0dd2\u0db3\u0dd3 \u0db8\u0dd2\u0dba \u0d9c\u0dd2\u0dba \u0db4\u0dd0\u0dad\u0dd4\u0db8\u0dca \u0d85\u0db7\u0dd2\u0dba\u0dc3\r\n\u0d86\u0daf\u0dbb\u0dda \u0db1\u0dd0\u0dad\u0dd2 \u0d85\u0da9\u0dd4\u0dc0 \u0db8\u0da7 \u0daf\u0dd0\u0db1\u0dd4\u0dab\u0dcf\r\n\u0dad\u0db1\u0dd2\u0d9a\u0db8\u0d9a\u0dca \u0daf\u0dd0\u0db1\u0dd4\u0dab\u0dcf\n\r\n\u0d9a\u0db3\u0dd4\u0dc5\u0dd4 \u0db6\u0dd2\u0db3\u0dd4\u0dc0\u0d9a\u0dca...\n"
    },
    {
        "uuid": "1b52d3c2-8a1f-11e9-a0f2-3863bb98c88b",
        "song": "Kandulu Liyakam Anda Siththam ",
        "singer": "Roy Peiris ",
        "lyricUnicode": "\u0d9a\u0db3\u0dd4\u0dc5\u0dd4 \u0dbd\u0dd2\u0dba\u0d9a\u0db8\u0dca \u0d87\u0db1\u0dca\u0daf\u0dcf \u0dc3\u0dd2\u0dad\u0dca\u0dad\u0db8\u0dca\r\n\u0d94\u0db6\u0d9c\u0dda \u0dbb\u0dd4\u0dc0 \u0db8\u0db1\u0dbb\u0db8\u0dca\r\n\u0d9a\u0db3\u0dd4\u0dc5\u0dd4 \u0d9a\u0dbd \u0dbd\u0dd2\u0dba\u0d9a\u0db8\u0dca\r\n\u0db8\u0dd0\u0d9a\u0dd4\u0dc0\u0dda \u0d92 \u0d9a\u0db3\u0dd4\u0dc5\u0dd2\u0db1\u0dca\n\r\n\u0dc4\u0dac\u0db1 \u0dc4\u0dd0\u0dac\u0dd4\u0db8\u0db1\u0dca \u0d85\u0dc3\u0dcf \u0d9c\u0db1\u0dd4 \u0db6\u0dd0\u0dbb\u0dd2\u0dc0\u0dd3\r\n\u0dc3\u0db3 \u0d9c\u0dd2\u0dba\u0dcf \u0daf\u0dd4\u0dbb \u0dc0\u0dc5\u0dcf\u0dc0\u0d9a \u0db1\u0ddc\u0db4\u0dd9\u0db1\u0dd3\r\n\u0dc3\u0dd4\u0dc3\u0dd4\u0db8\u0dca \u0dc3\u0dd4\u0dc0\u0db3\u0d9a \u0db8\u0dad\u0d9a \u0dad\u0db1\u0dd3\u0d9a\u0dcf\u0dc0\u0dd2\r\n\u0dbb\u0dd2\u0daf\u0dd4\u0db1\u0dd4 \u0dc4\u0daf\u0dc0\u0dad \u0daf\u0dc0\u0dba\u0dd2 \u0d9c\u0dd2\u0db1\u0dca\u0db1\u0d9a\u0dca \u0dc0\u0dd3\n\r\n\u0d9a\u0db3\u0dd4\u0dc5\u0dd4 \u0dbd\u0dd2\u0dba\u0d9a\u0db8\u0dca....\n\r\n\u0daf\u0dd4\u0dbb\u0dd2\u0db1\u0dca \u0daf\u0dd4\u0dbb \u0d94\u0db6 \u0d9c\u0dd2\u0dba\u0dad\u0dca \u0dc3\u0dd4\u0dc3\u0dd4\u0db8\u0d9a\u0dca\u0dc3\u0dda\r\n\u0dc3\u0dd4\u0dc0\u0db3 \u0d85\u0dbb\u0d9c\u0dd9\u0db1 \u0dba\u0db1\u0dca\u0db1\u0dd9\u0db4\u0dcf \u0dbb\u0dc4\u0dc3\u0dda\r\n\u0d85\u0dad\u0dd3\u0dad\u0dba \u0daf\u0dd4\u0d9a\u0dca \u0dc4\u0dd3\u0db1\u0dba\u0d9a\u0dca \u0dc0\u0dcf\u0d9c\u0dda\r\n\u0db4\u0dca\u200d\u0dbb\u0dda\u0db8\u0dba\u0dda \u0d9a\u0dc0\u0dd2 \u0d85\u0daf\u0ddd\u0db1\u0dcf \u0dbb\u0dd0\u0dc0\u0dca\u0daf\u0dda\n\r\n\u0d9a\u0db3\u0dd4\u0dc5\u0dd4 \u0dbd\u0dd2\u0dba\u0d9a\u0db8\u0dca...."
    },
    {
        "uuid": "1bce82f6-8a1f-11e9-b126-3863bb98c88b",
        "song": "Kandulu Mata Deela Numba Yanna Giyada ",
        "singer": "SJS ",
        "lyricUnicode": "\u0d9a\u0db3\u0dd4\u0dc5\u0dd4 \u0db8\u0da7 \u0daf\u0dd3\u0dbd\u0dcf \u0db1\u0dd4\u0db9 \u0dba\u0db1\u0dca\u0db1 \u0d9c\u0dd2\u0dba\u0daf\u0dcf\r\n\u0daf\u0dd0\u0db1\u0dd4\u0dab\u0dcf\u0daf \u0db8\u0d9c\u0dd9 \u0d86\u0daf\u0dbb\u0dda\r\n\u0dad\u0db1\u0dd2\u0dc0\u0dd9\u0db1\u0dca\u0db1 \u0d9a\u0dd2\u0dba\u0dbd\u0dcf \u0dc0\u0dd9\u0db1\u0dca \u0dc0\u0dd9\u0db1\u0dca\u0db1 \u0dc4\u0dd2\u0dad\u0dbd\u0dcf\r\n\u0d94\u0db6 \u0d9c\u0dad\u0dca\u0dad \u0d92 \u0d86\u0daf\u0dbb\u0dda //\n\r\n\u0dbb\u0dd0\u0dba\u0d9a\u0dca \u0db1\u0ddc\u0db1\u0dd2\u0daf\u0dcf \u0d9a\u0db3\u0dd4\u0dc5\u0dd4 \u0dc4\u0dd0\u0dbd\u0dd6\u0dc0\u0dcf\r\n\u0dc4\u0dd0\u0dbb\u0dba\u0db1\u0dca\u0db1 \u0db6\u0dd1 \u0d9a\u0dd2\u0dba\u0dcf \u0db8\u0dd9\u0db8\u0dcf\r\n\u0dc3\u0dad\u0dd4\u0da7 \u0d9c\u0dd9\u0db1\u0dd9\u0db1\u0dcf \u0d9a\u0dad\u0dcf \u0d9c\u0ddc\u0dad\u0dbd\u0dcf\r\n\u0dc3\u0dd0\u0db1\u0dc3\u0dd4\u0dc0\u0dcf \u0db8\u0dcf\u0dc0 \u0dbb\u0dd1 \u0db4\u0dd4\u0dbb\u0dcf\r\n\u0dad\u0db1\u0dd2\u0dc0\u0dd9\u0db1\u0dca\u0db1 \u0db6\u0dd1 \u0dc4\u0dd0\u0dbb\u0dba\u0db1\u0dca\u0db1 \u0db6\u0dd1\r\n\u0d94\u0db6 \u0d9c\u0dad\u0dca\u0dad \u0d92 \u0d86\u0daf\u0dbb\u0dda\n\r\n\u0db8\u0dad\u0d9a \u0dbb\u0dd0\u0dd9\u0db3\u0db1\u0dcf \u0db4\u0dd0\u0dad\u0dd4\u0db8\u0dca \u0db4\u0dd4\u0dbb\u0dc0\u0dcf\r\n\u0daf\u0dd4\u0dbb \u0d88\u0dad \u0db4\u0dcf\u0dc0\u0dd9\u0dbd\u0dcf \u0d9c\u0dd2\u0dba\u0dcf\r\n\u0db8\u0d9c\u0dd9\u0db1\u0dca \u0d8b\u0db3\u0dd4\u0dbb\u0dcf \u0dc3\u0dd2\u0dad\u0db8 \u0dbb\u0dc0\u0da7\u0dcf\r\n\u0d94\u0db6 \u0dc3\u0dd2\u0dc4\u0dd2\u0db1 \u0dbd\u0ddd\u0d9a\u0dd9\u0da7\u0db8 \u0d9c\u0dd2\u0dba\u0dcf\r\n\u0dad\u0db1\u0dd2\u0dc0\u0dd9\u0db1\u0dca\u0db1 \u0db6\u0dd1 \u0dc4\u0dd0\u0dbb\u0dba\u0db1\u0dca\u0db1 \u0db6\u0dd1\r\n\u0d94\u0db6 \u0d9c\u0dad\u0dca\u0dad \u0d92 \u0d86\u0daf\u0dbb\u0dda\n\r\n\u0d9a\u0db3\u0dd4\u0dc5\u0dd4 \u0db8\u0da7 \u0daf\u0dd3\u0dbd\u0dcf...."
    },
    {
        "uuid": "1eafdc94-8a1f-11e9-9553-3863bb98c88b",
        "song": "Kandulu Tharu Kata Iki Bindi ",
        "singer": "Damith Asanka ",
        "lyricUnicode": "\u0d9a\u0db3\u0dd4\u0dc5\u0dd4 \u0dad\u0dbb\u0dd4 \u0d9a\u0dd0\u0da7 \u0d89\u0d9a\u0dd2 \u0db6\u0dd2\u0db3\u0dd3\r\n\u0db4\u0dd9\u0dbb\u0dd4\u0db8\u0dca\u0daf\u0db8\u0dca \u0d9c\u0dd2\u0dbd\u0dd2\u0dc4\u0dd3\r\n\u0d94\u0db6\u0dda \u0dc3\u0dd9\u0db1\u0dd9\u0dc4\u0dc3 \u0d85\u0dc4\u0dd2\u0db8\u0dd2 \u0dc0\u0dd6 \u0daf\u0dcf\r\n\u0d9a\u0db3\u0dd4\u0dc5\u0dd4 \u0db8\u0dd4\u0dad\u0dd4 \u0db4\u0dd2\u0db4\u0dd2\u0dbb\u0dd3\r\n\u0dc5\u0dc3\u0ddd \u0d9c\u0dd2\u0db1\u0dd2 \u0d87\u0dc0\u0dd2\u0dbd\u0dd3\n\r\n\u0daf\u0dd4\u0d9a\u0d9a\u0dca \u0daf\u0dd4\u0db1\u0dca\u0db1\u0da7 \u0db4\u0dc0\u0d9a\u0dca \u0dc0\u0dd9\u0db1\u0dca\u0db1\u0dd1\r\n\u0db8\u0d9c\u0dda \u0db4\u0dd9\u0db8\u0dca\u0dc0\u0dad\u0dd2\u0dba\u0dda\r\n\u0d94\u0dba\u0dcf \u0daf\u0dd4\u0db1\u0dca \u0dc3\u0dd9\u0db1\u0dd9\u0dc4\u0dc3\u0dda \u0dc3\u0dd4\u0dc0\u0db3\u0da7\r\n\u0d86\u0daf\u0dbb\u0dd9\u0dba\u0dd2 \u0db8\u0d82 \u0db4\u0dab \u0dc0\u0d9c\u0dda \r\n\u0d86\u0daf\u0dbb\u0dd9\u0dba\u0dd2 \u0db8\u0d82 \u0db4\u0dab \u0dc0\u0d9c\u0dda \n\r\n\u0d9a\u0db3\u0dd4\u0dc5\u0dd4 \u0dad\u0dbb\u0dd4 \u0d9a\u0dd0\u0da7... \n\r\n\u0db8\u0dc5\u0dcf\u0db1\u0dd2\u0d9a \u0dc3\u0db3 \u0d85\u0dc0\u0dd4\u0dad\u0dca \u0dad\u0db1\u0dd2\u0dba\u0da7 \r\n\u0d85\u0db4\u0dda \u0dbb\u0db1\u0dca \u0dc4\u0dd3\u0db1\u0dda\r\n\u0dc3\u0ddc\u0db3\u0dd4\u0dbb\u0dd4 \u0dc3\u0dd2\u0dad\u0dca\u0dad\u0db8\u0dca \u0d9a\u0db3\u0dd4\u0dc5\u0dd4 \u0db1\u0da7\u0db9\u0dd4\u0db1\u0dca\r\n\u0dc4\u0dd0\u0dd9~\u0dc0\u0dca\u0dc0\u0dcf \u0dc4\u0daf \u0d86\u0daf\u0dbb\u0dd9\u0db1\u0dca\r\n\u0dc4\u0dd0\u0dd9~\u0dc0\u0dca\u0dc0\u0dcf \u0dc4\u0daf \u0d86\u0daf\u0dbb\u0dda\n\r\n\u0d9a\u0db3\u0dd4\u0dc5\u0dd4 \u0dad\u0dbb\u0dd4 \u0d9a\u0dd0\u0da7...\n"
    },
    {
        "uuid": "1fa3181e-8a1f-11e9-aa33-3863bb98c88b",
        "song": "Kandulu Walin Pem Hasuna Liyannata ",
        "singer": "Sathish Perera ",
        "lyricUnicode": "\u0d9a\u0db3\u0dd4\u0dc5\u0dd4 \u0dc0\u0dbd\u0dd2\u0db1\u0dca \u0db4\u0dd9\u0db8\u0dca \u0dc4\u0dc3\u0dd4\u0db1 \u0dbd\u0dd2\u0dba\u0db1\u0dca\u0db1\u0da7 //\r\n\u0d9a\u0daf\u0dd4\u0dc5\u0dd4 \u0db1\u0dd0\u0dad\u0dda \u0db8\u0dcf \u0dbd\u0d9c \u0dbd\u0daf\u0dd4\u0db1\u0dda //\r\n\u0da0\u0db4\u0dbd \u0dc3\u0dd2\u0dad\u0dd2\u0db1\u0dca \u0dc4\u0dd0\u0dbb\u0daf\u0dcf \u0daf\u0dd4\u0dbb \u0dba\u0db1\u0dca\u0db1\u0daf //\r\n\u0db8\u0dd9\u0db8\u0da7 \u0dbd\u0daf\u0dda \u0d86\u0daf\u0dbb\u0dba \u0d9a\u0dbd\u0dda //\r\n\u0d9a\u0daf\u0dd4\u0dc5\u0dd4\u0dc0\u0dbd\u0dd2\u0db1\u0dca \u0db4\u0dd9\u0db8\u0dca \u0dc4\u0dc3\u0dd4\u0db1 \u0dbd\u0dd2\u0dba\u0db1\u0dca\u0db1\u0da7 \n\r\n\u0d87\u0dc3 \u0d9a\u0daf\u0dd4\u0dbd\u0dd2\u0db1\u0dca \u0db6\u0dbb\u0dc0\u0dd3 \u0d87\u0dac\u0dd4\u0dc0\u0dcf\r\n\u0d91 \u0d9a\u0daf\u0dd4\u0dbd\u0dda \u0d94\u0db6\u0dda \u0dbb\u0dd4\u0dc0 \u0daf\u0dd4\u0da7\u0dd4\u0dc0\u0dcf\r\n\u0dc3\u0dd2\u0dad \u0daf\u0dd0\u0dc0\u0dd9\u0db8\u0dd2\u0db1\u0dca \u0db8\u0dd4\u0dc5\u0dd4 \u0dbb\u0dd0\u0dba \u0d9c\u0dd9\u0dc0\u0dd4\u0db1\u0dcf\r\n\u0d94\u0db6 \u0db1\u0dd0\u0dad\u0dd2\u0daf\u0dcf \u0dad\u0db1\u0dd2\u0d9a\u0db8 \u0daf\u0dd0\u0db1\u0dd4\u0db1\u0dcf\r\n\u0db8\u0db8 \u0d94\u0db6\u0da7 \u0d86\u0daf\u0dbb\u0dd9\u0dba\u0dd2 \u0dc3\u0dd0\u0db8\u0daf\u0dcf\r\n\u0d9a\u0db3\u0dd4\u0dc5\u0dd4 \u0dc0\u0dbd\u0dd2\u0db1\u0dca \u0db4\u0dd9\u0db8\u0dca \u0dc4\u0dc3\u0dd4\u0db1 \u0dbd\u0dd2\u0dba\u0db1\u0dca\u0db1\u0da7\n\r\n\u0dbd\u0ddc\u0dc0 \u0db8\u0dcf\u0d9c\u0dd9\u0db1\u0dca \u0d94\u0db6 \u0d9c\u0dd0\u0db1 \u0d87\u0dc3\u0dd4\u0dc0\u0dcf\r\n\u0db8\u0dd4\u0dc0 \u0d9c\u0ddc\u0dc5\u0dd4\u0dc0\u0dd3 \u0d85\u0dc3\u0dbb\u0dab \u0dc0\u0dd4\u0dc0\u0dcf\r\n\u0d9a\u0dd2\u0dba\u0dd4 \u0dc0\u0daf\u0db1\u0dca \u0d85\u0db8\u0dad\u0d9a \u0d9a\u0dbb\u0daf\u0dcf\r\n\u0d87\u0dba\u0dd2\u0daf \u0d9c\u0dd2\u0dba\u0dda \u0d94\u0db6 \u0db8\u0dcf \u0dc4\u0dd0\u0dbb\u0daf\u0dcf\r\n\u0db8\u0db8 \u0d94\u0db6\u0da7 \u0d86\u0daf\u0dbb\u0dd9\u0dba\u0dd2 \u0dc3\u0dd0\u0db8\u0daf\u0dcf\n\r\n\u0d9a\u0db3\u0dd4\u0dc0\u0dbd\u0dd2\u0db1\u0dca \u0db4\u0dd9\u0db8\u0dca \u0dc4\u0dc3\u0dd4\u0db1....."
    },
    {
        "uuid": "2360152c-8a1f-11e9-ae1c-3863bb98c88b",
        "song": "Karadiya Gambare Thun Yama Gewune ",
        "singer": "Edward Jayakody ",
        "lyricUnicode": "\u0d9a\u0dbb\u0daf\u0dd2\u0dba \u0d9c\u0dd0\u0db9\u0dbb\u0dda \u0dad\u0dd4\u0db1\u0dca\u0dba\u0db8 \u0d9c\u0dd9\u0dc0\u0dd4\u0db1\u0dda\r\n\u0db1\u0dd4\u0db9\u0d9c\u0dda \u0daf\u0dd1\u0dad\u0da7 \u0daf\u0dd2\u0dbb\u0dd2\u0dba \u0dc0\u0da9\u0db1\u0dca\u0db1\u0dba\u0dd2\r\n\u0dc3\u0dd4\u0dc4\u0dd4\u0db9\u0dd4\u0dbd\u0dca \u0d85\u0dad\u0dca\u0db4\u0dcf \u0dba\u0daf\u0dac\u0dd4 \u0d9a\u0dbb\u0db1\u0dca\u0db1\u0dba\u0dd2\r\n\u0d9a\u0dd2\u0dbb\u0dd2\u0d9a\u0dd0\u0da7\u0dd2 \u0db4\u0dd4\u0dad\u0dd4\u0db1\u0dda.. \u0d9a\u0dd2\u0dbb\u0dd2\u0d9a\u0dd0\u0da7\u0dd2 \u0db4\u0dd4\u0dad\u0dd4\u0db1\u0dda..\n\r\n\u0d85\u0dc0\u0dca\u0dc0\u0da7 \u0dc0\u0dd0\u0d9c\u0dd2\u0dbb\u0dd9\u0db1 \u0daf\u0dcf\u0daf\u0dd2\u0dba \u0dc0\u0dd0\u0dc3\u0dca\u0dc3\u0dda\r\n\u0d9a\u0dc5\u0dd4\u0d9c\u0dbd\u0dca \u0dad\u0dbd\u0dbd\u0dcf \u0db8\u0dc4\u0db8\u0d82 \u0dad\u0dd0\u0db1\u0dd4\u0dc0\u0dda\r\n\u0db1\u0dd2\u0dc0\u0dc4\u0dbd\u0dca \u0dbd\u0ddc\u0dc0\u0d9a\u0da7 \u0db1\u0dd4\u0db9\u0da7 \u0dc0\u0da9\u0dd2\u0db1\u0dca\u0db1\u0dba\u0dd2\r\n\u0d9a\u0dd2\u0dbb\u0dd2\u0d9a\u0dd0\u0da7\u0dd2 \u0db4\u0dd4\u0dad\u0dd4\u0db1\u0dda.. \u0d9a\u0dd2\u0dbb\u0dd2\u0d9a\u0dd0\u0da7\u0dd2 \u0db4\u0dd4\u0dad\u0dd4\u0db1\u0dda..\n\r\n\u0daf\u0dd4\u0db8\u0dca \u0dbb\u0ddc\u0da7\u0dd4 \u0d85\u0dad\u0dbb\u0dda \u0d9a\u0db8\u0dca\u0dc4\u0dbd\u0dca \u0d87\u0dad\u0dd4\u0dc5\u0dda\r\n\u0daf\u0dd0\u0dad\u0dd2\u0dbb\u0ddd\u0daf\u0dd9\u0da7 \u0d9c\u0dad \u0da2\u0dd3\u0dc0\u0dba \u0daf\u0dd4\u0db1\u0dca\u0db1\u0dda\r\n\u0db1\u0dc0 \u0db8\u0dd2\u0db1\u0dd2\u0dc3\u0d9a\u0dd4 \u0db1\u0dc0 \u0dbd\u0ddc\u0dc0\u0da7 \u0db4\u0dd4\u0daf\u0db1\u0dca\u0db1\u0dba\u0dd2\r\n\u0d9a\u0dd2\u0dbb\u0dd2\u0d9a\u0dd0\u0da7\u0dd2 \u0db4\u0dd4\u0dad\u0dd4\u0db1\u0dda.. \u0d9a\u0dd2\u0dbb\u0dd2\u0d9a\u0dd0\u0da7\u0dd2 \u0db4\u0dd4\u0dad\u0dd4\u0db1\u0dda..\n\r\n\u0d9a\u0dbb\u0daf\u0dd2\u0dba \u0d9c\u0dd0\u0db9\u0dbb\u0dda..."
    },
    {
        "uuid": "24f1c2d8-8a1f-11e9-8b89-3863bb98c88b",
        "song": "Kasi Walata Gannath Ba ",
        "singer": "Victor Rathnayaka ",
        "lyricUnicode": "\u0d9a\u0dcf\u0dc3\u0dd2 \u0dc0\u0dbd\u0da7 \u0d9c\u0db1\u0dca\u0db1\u0dad\u0dca \u0db6\u0dd1 \u0d9a\u0dcf\u0dc3\u0dd2 \u0dc0\u0dbd\u0da7 \u0daf\u0dd9\u0db1\u0dca\u0db1\u0dad\u0dca \u0db6\u0dd1 \r\n\u0db8\u0db1\u0dd4\u0dc3\u0dca\u0dc3\u0d9a\u0db8 \u0db8\u0dd2\u0db1\u0dd2\u0dc3\u0dca\u0dc3\u0dd4\u0db1\u0dda \r\n\u0d9a\u0dcf\u0dc3\u0dd2 \u0dc0\u0dcf\u0dc3\u0dd2 \u0d87\u0dad\u0dd2 \u0d85\u0dba \u0dc5\u0d9f \u0db6\u0ddc\u0dc4\u0ddc\u0db8 \u0dc4\u0dd2\u0d9f\u0dba\u0dd2 \u0d9c\u0db1\u0dca\u0db1\u0da7 \u0db1\u0dd1\r\n\u0db8\u0db1\u0dd4\u0dc3\u0dca\u0dc3\u0d9a\u0db8 \u0db8\u0dd2\u0db1\u0dd2\u0dc3\u0dca\u0dc3\u0dd4\u0db1\u0dda // \n\r\n\u0daf\u0dd2\u0db9\u0dd4\u0dbd\u0dca \u0d9c\u0dc4\u0d9a\u0dca \u0dc5\u0d9f\u0da7 \u0d9c\u0dd2\u0dc4\u0dd2\u0db1\u0dca \u0d85~\u0db1\u0dca\u0db1\u0dd9\u0db4\u0dcf \u0db8\u0dbd\u0dca \u0d89\u0dbd\u0dca\u0dbd\u0dcf \r\n\u0db8\u0dbb\u0dd4 \u0d9a\u0dad\u0dbb\u0d9a\u0dca \u0db8\u0dd0\u0daf\u0da7 \u0d9c\u0dd2\u0dc4\u0dd2\u0db1\u0dca \u0d85~\u0db1\u0dca\u0db1\u0dd9\u0db4\u0dcf \u0daf\u0dd2\u0dba \u0d89\u0dbd\u0dca\u0dbd\u0dcf // \n\r\n\u0d9a\u0dcf\u0dc3\u0dd2 \u0dc0\u0dbd\u0da7 \u0d9c\u0db1\u0dca\u0db1\u0dad\u0dca \u0db6\u0dd1......\n\r\n\u0daf\u0dd2\u0dba \u0daf\u0ddd\u0dad\u0d9a\u0dca \u0db6\u0ddc\u0db1\u0dca\u0db1 \u0d95\u0db1\u0dcf \u0daf\u0dd2\u0dba \u0daf\u0ddd\u0dad\u0d9a\u0dca \u0db4\u0dd2\u0dbb\u0dd4\u0dab\u0dd4 \u0d85\u0dad\u0dd2\u0db1\u0dca \r\n\u0db8\u0dbd\u0dca \u0d85\u0dc4\u0dd4\u0dbb\u0d9a\u0dca \u0d9c\u0db1\u0dca\u0db1 \u0d95\u0db1\u0dcf \u0db8\u0dbd\u0dca \u0d85\u0dc4\u0dd4\u0dbb\u0d9a\u0dca \u0dad\u0dd2\u0dba\u0dd9\u0db1 \u0d85\u0dad\u0dd2\u0db1\u0dca // \n\r\n\u0d9a\u0dcf\u0dc3\u0dd2 \u0dc0\u0dbd\u0da7 \u0d9c\u0db1\u0dca\u0db1\u0dad\u0dca \u0db6\u0dd1...... //"
    },
    {
        "uuid": "2712207a-8a1f-11e9-a26f-3863bb98c88b",
        "song": "Katu Akule (Ambayaluwo Theme Song) ",
        "singer": "Edward Jayakody ",
        "lyricUnicode": "\u0d9a\u0da7\u0dd4 \u0d85\u0d9a\u0dd4\u0dbd\u0dda \u0db8\u0dbd\u0dca \u0d87\u0dc4\u0dd0\u0dbb\u0dda\r\n\u0dbb\u0dc5\u0dd4 \u0d85\u0dc4\u0dc3\u0dda \u0dad\u0dbb\u0dd4 \u0dc4\u0dd2\u0db1\u0dd0\u0dc4\u0dda //\r\n\u0d9a\u0da7\u0dd4 \u0d85\u0d9a\u0dd4\u0dbd\u0dda \u0db8\u0dbd\u0dca \u0d87\u0dc4\u0dd0\u0dbb\u0dda\n\r\n\u0dad\u0dd4\u0da9\u0dd2\u0db1\u0dca \u0dad\u0dd4\u0da9\u0dda \u0dbb\u0dd0\u0dc0\u0dd4\u0db1\u0dd0\u0d9c\u0dda \r\n\u0d9a\u0dd4\u0dbb\u0dd4\u0dc5\u0dd4 \u0d9c\u0dd3 \u0d9c\u0dcf\u0dba\u0db1\u0dcf\r\n\u0d9a\u0dd4\u0dbd\u0dd2\u0db1\u0dca \u0d9a\u0dd4\u0dbd\u0dda \u0dc0\u0dd0\u0dad\u0dd2\u0dbb\u0dd9\u0dad\u0dda \r\n\u0dc3\u0dd4\u0daf\u0dd4\u0dc0\u0dc5\u0dcf \u0db4\u0dcf\u0dc0\u0dd9\u0db1\u0dcf\n\r\n\u0dc5\u0db8\u0dba\u0dd2\u0db1\u0dca \u0dc3\u0dd4\u0dc0\u0daf\u0dba\u0dd2 \u0d9a\u0daf\u0dd4\u0dbd\u0d9a \u0daf\u0dd2\u0dbd\u0dd2\u0dc3\u0dd9\u0dba\u0dd2 \r\n\u0d85\u0daf\u0dd4\u0dbb\u0dd4 \u0dc0\u0dd2\u0db8\u0dcf\u0db1\u0dda \u0dbb\u0db1\u0dca \u0db8\u0dd2\u0db1\u0dd2 \u0db4\u0dc4\u0db1\u0dba\u0dd2 \n\r\n\u0dad\u0dd4\u0da9\u0dd2\u0db1\u0dca \u0dad\u0dd4\u0da9\u0dda ....\n\r\n\u0d9a\u0da7\u0dd4 \u0d85\u0d9a\u0dd4\u0dbd\u0dda....\n"
    },
    {
        "uuid": "28ae9346-8a1f-11e9-a3ca-3863bb98c88b",
        "song": "Kaulu Piyan Path Wahanna Sandalu Thalawe ",
        "singer": "Kasun Kalhara ",
        "lyricUnicode": "\u0d9a\u0dc0\u0dd4\u0dc5\u0dd4 \u0db4\u0dd2\u0dba\u0db1\u0dca \u0db4\u0dad\u0dca \u0dc0\u0dc4\u0db1\u0dca\u0db1 \u0dc3\u0db3\u0dbd\u0dd4 \u0dad\u0dbd\u0dcf\u0dc0\u0dda\r\n\u0d94\u0db6 \u0daf\u0dd4\u0dbb\u0dba\u0dd2 \u0db1\u0dd9\u0dad\u0da7 \u0db8\u0dcf \u0dc3\u0dd2\u0da7\u0dd2\u0db1\u0dcf \u0dbd\u0dc0\u0dd0\u0dbd\u0dd2 \u0dad\u0dbd\u0dcf\u0dc0\u0dda //\n\r\n\u0dc0\u0dd2\u0dbd\u0d9a \u0daf\u0dd4\u0dbb\u0d9a \u0db8\u0dbd\u0dca \u0db4\u0dd2\u0db4\u0dd4\u0dab\u0dda \u0d85\u0db4\u0da7 \u0db1\u0ddc\u0dc0\u0dda\u0db8\u0dd0\u0dba\u0dd2\r\n\u0d94\u0dbb\u0dd4 \u0db4\u0dcf\u0dbb\u0dd4 \u0d87\u0dc0\u0dd2\u0dad\u0dca \u0db6\u0dbd\u0dcf \u0dba\u0dcf\u0dc0\u0dd2 \u0dc0\u0dd2\u0dbd\u0dca \u0daf\u0dd2\u0dba \u0d9c\u0dd0\u0db9\u0dd4\u0dbb\u0dd4\u0dba\u0dd2\r\n\u0db8\u0dbd\u0dca \u0dc3\u0dd4\u0dc0\u0db3 \u0d8b\u0dbb\u0dcf \u0d87\u0daf\u0dd3 \u0dba\u0db1\u0dca\u0db1\u0dd9 \u0db6\u0db9\u0dbb\u0dd4\u0db1\u0dca \u0d9a\u0ddd\u0db8\u0dd0\u0dba\u0dd2\r\n\u0dc3\u0db3\u0dbd\u0dd4 \u0dad\u0dbd\u0dcf\u0dc0\u0da7 \u0db4\u0dd0\u0dbd\u0dca\u0db4\u0dad \u0daf\u0dd4\u0dbb \u0db1\u0db8\u0dca \u0db6\u0ddd\u0db8\u0dd0\u0dba\u0dd2\n\r\n\u0d9a\u0dc0\u0dd4\u0dc5\u0dd4 \u0db4\u0dd2\u0dba\u0db1\u0dca \u0db4\u0dad\u0dca.....\n\r\n\u0d9a\u0dd2\u0dbb\u0dd2 \u0dc3\u0dd2\u0db1\u0dcf \u0dc3\u0dbd\u0db1 \u0dc3\u0db3\u0dc0\u0dad \u0d85\u0dc4\u0dc3\u0dd9 \u0db8 \u0dbb\u0dd0\u0db3\u0dd4\u0dab\u0dcf\u0dc0\u0dda\r\n\u0d89\u0d9f\u0dd2\u0db8\u0dbb\u0db1 \u0dad\u0dbb\u0dd4 \u0d9a\u0dd0\u0dc5\u0dd4\u0db8\u0dca \u0d85\u0dc4\u0dc3\u0da7 \u0db1\u0ddc\u0db8 \u0db4\u0dd9\u0db1\u0dd4\u0dab\u0dcf\u0dc0\u0dda\r\n\u0dc3\u0dd2\u0dad \u0d88\u0dad \u0d85\u0dbb\u0db1\u0dca \u0dba\u0db1 \u0dc0\u0dd2\u0db8\u0db1\u0dda \u0dc3\u0db3\u0dbd\u0dd4 \u0dad\u0dbd\u0dcf\u0dc0\u0dda\r\n\u0d9a\u0dc0\u0dd4\u0dc5\u0dd4 \u0db4\u0dd2\u0dba\u0db1\u0dca \u0dc0\u0dc3\u0db1\u0dd4 \u0db8\u0dd0\u0db1\u0dc0\u0dd2 \u0db1\u0dd9\u0dad\u0dd4 \u0d9a\u0dd0\u0db1\u0dca \u0dc4\u0db8\u0dd4\u0dc0\u0dda\n\r\n\u0d9a\u0dc0\u0dd4\u0dc5\u0dd4 \u0db4\u0dd2\u0dba\u0db1\u0dca \u0db4\u0dad\u0dca....."
    },
    {
        "uuid": "2a264fe8-8a1f-11e9-a9ac-3863bb98c88b",
        "song": "Kavikariye (Unuhuma Winda Winda) ",
        "singer": "Bathiya & Santhush ",
        "lyricUnicode": "\u0d8b\u0dab\u0dd4\u0dc4\u0dd4\u0db8 \u0dc0\u0dd2\u0db3 \u0dc0\u0dd2\u0db3 \u0dc3\u0dd2\u0dba\u0ddc\u0dc5\u0d9f \u0daf\u0dd0\u0db1\u0dd4\u0db1\u0dda \u0db8\u0dcf\u0dba\u0dcf \r\n\u0dc3\u0dad\u0dca\u0dad\u0dba\u0dd2 \u0dc5\u0db3\u0dd4\u0db1\u0dda \u0d86\u0dc0\u0dda \u0dc3\u0db3\u0dc0\u0dad \u0db4\u0dcf\u0dba\u0dcf \r\n\u0dc3\u0dbb\u0dcf\u0d9c\u0dd3 \u0db1\u0dd4\u0dc0\u0db1\u0dca \u0da0\u0dcf\u0dba\u0dcf \u0dc4\u0daf\u0dda \u0daf\u0dd0\u0dbd\u0dca\u0dc0\u0dd2\u0dbd\u0dcf \u0db8\u0dcf \r\n\u0d94\u0db6\u0dba\u0dd2 \u0db8\u0dcf\u0d9c\u0dda \u0db4\u0dd9\u0db8\u0dca \u0dc0\u0dc3\u0dca\u0dc3\u0dcf\u0db1\u0dda // \n\r\n\u0d9a\u0dc0\u0dd2\u0d9a\u0dcf\u0dbb\u0dd2\u0dba\u0dda.. \u0d9a\u0dc0\u0dd2\u0d9a\u0dcf\u0dbb\u0dd2\u0dba\u0dda \r\n\u0db8\u0da7 \u0dc4\u0dcf\u0daf\u0dd4 \u0daf\u0dd3.. \u0db8\u0da7 \u0dc4\u0dcf\u0daf\u0dd4 \u0daf\u0dd3 \r\n\u0d94\u0db6\u0dda \u0daf\u0dd1\u0dc3 \u0db8\u0dcf\u0db1\u0dda \u0dc4\u0dd3\u0db1 \u0dc0\u0dc3\u0dca\u0dc3\u0dcf\u0db1\u0dda \r\n\u0db8\u0dcf\u0dba\u0db8\u0dca \u0d9a\u0dad\u0dcf.. \u0db8\u0dcf\u0dba\u0db8\u0dca \u0d9a\u0dad\u0dcf \r\n\u0db8\u0dd4\u0dc5\u0dd4 \u0dbb\u0dd1\u0db8 \u0dc0\u0dd0\u0dc4\u0dd3.. \u0db8\u0dd4\u0dc5\u0dd4 \u0dbb\u0dd1\u0db8 \u0dc0\u0dd0\u0dc4\u0dd3\r\n\u0d94\u0db6\u0dda \u0d9a\u0ddd\u0dbd \u0daf\u0dd1\u0dc3\u0dda \u0db4\u0dd0\u0da7\u0dbd\u0dd2 \u0db8\u0dcf \u0d89\u0db1\u0dca\u0db1\u0dda \r\n\u0d85\u0db4\u0dda \u0d86\u0daf\u0dbb\u0dda \u0daf\u0dd0\u0db1\u0dca \u0d9a\u0dc0\u0dd2 \u0db4\u0dd9\u0dc5\u0d9a\u0dca \u0dc0\u0dcf\u0d9c\u0dda \r\n\u0d85\u0db4\u0dda \u0d86\u0daf\u0dbb\u0dda \u0daf\u0dd0\u0db1\u0dca \u0d9a\u0dc0\u0dd2 \u0db4\u0dd9\u0dc5\u0d9a\u0dca \n\r\n\u0d8b\u0dab\u0dd4\u0dc4\u0dd4\u0db8 \u0dc0\u0dd2\u0db3 \u0dc0\u0dd2\u0db3 \u0daf\u0dd9\u0dad\u0ddc\u0dbd\u0dda \u0dc4\u0dd0\u0d9f=\u0db8\u0db1\u0dca \u0db4\u0dcf\u0dbd\u0dcf \r\n\u0daf\u0dd1\u0d9f\u0dd2\u0dbd\u0dd2 \u0daf\u0dd2\u0dc0\u0dca\u0dc0\u0dda \u0d9a\u0ddc\u0db4\u0dd4\u0dbd\u0dda \u0dbb\u0dd0\u0d9f=\u0db8\u0d9a\u0dca \u0daf\u0dd3\u0dbd\u0dcf \r\n\u0db1\u0dd4\u0dbb\u0dcf\u0d9c\u0dd3 \u0db6\u0dd0\u0dbd\u0dd6\u0db8\u0dca \u0dc3\u0dda\u0db1\u0dcf \u0daf\u0dc3\u0dd4\u0db1\u0dca \u0db8\u0dad\u0dca \u0d9a\u0dc5\u0dcf \u0db8\u0dcf \r\n\u0d87\u0dc0\u0dd2\u0dad\u0dca \u0db1\u0dda\u0daf \u0db4\u0dd9\u0db8\u0dca \u0dc0\u0dc3\u0dca\u0dc3\u0dcf\u0db1\u0dda \n\r\n\u0d9a\u0dc0\u0dd2\u0d9a\u0dcf\u0dbb\u0dd2\u0dba\u0dda...... // "
    },
    {
        "uuid": "2aa2be10-8a1f-11e9-b310-3863bb98c88b",
        "song": "Kavikariye Sindu Kiyana Lande ",
        "singer": "Keerthi Paskuwel ",
        "lyricUnicode": "\u0d9a\u0dc0\u0dd2\u0d9a\u0dcf\u0dbb\u0dd2\u0dba\u0dda \u0dc3\u0dd2\u0db1\u0dca\u0daf\u0dd4 \u0d9a\u0dd2\u0dba\u0db1\u0dcf \u0dbd\u0daf\u0dda\r\n\u0db1\u0dd4\u0db6\u0daf\u0ddd \u0dbb\u0dd0\u0dc4\u0dda \u0d9a\u0ddd\u0d9a\u0dd2\u0dbd\u0dcf\r\n\u0db8\u0d9c\u0dd9 \u0db4\u0dcf\u0da9\u0dd4\u0dc0\u0dda \u0dba\u0db1\u0dca\u0da7 \u0dba\u0db1\u0dc0\u0dcf \u0d94\u0dc4\u0dda\r\n\u0d85\u0db1\u0dda \u0dc3\u0dca\u0dc0\u0dcf\u0db8\u0dd2 \u0dc3\u0dd1\u0db1\u0dca\u0daf\u0dd1 \u0dc0\u0dd9\u0dbd\u0dcf //\n\r\n\u0daf\u0dd9\u0d9a\u0db1\u0dda \u0dbb\u0dd2\u0daf\u0dd3 \u0dad\u0ddd\u0da9\u0dd4 \u0dbd\u0dcf\r\n\u0db1\u0dbd\u0dbd\u0dda \u0d9a\u0ddc\u0d9a\u0dd4\u0db8\u0dca \u0db4\u0dcf\u0da7\u0dbd\u0dcf\r\n\u0dc0\u0dd3\u0dab\u0dcf \u0dc0\u0dba\u0dcf \u0dad\u0dcf\u0dbd\u0dd9\u0da7\u0dcf\r\n\u0d9c\u0dd0\u0dba\u0dd4 \u0d9c\u0dd3 \u0d85\u0dc3\u0dcf \u0d85\u0dc0\u0dda \u0db8\u0dcf\r\n\u0dc0\u0dd3\u0dab\u0dcf \u0dc0\u0dba\u0dcf \u0d9a\u0dc0\u0dd3 \u0d9c\u0dd3 \u0d9c\u0dba\u0dcf\r\n\u0d85\u0db4\u0dd2 \u0dba\u0db1\u0dca\u0db1\u0dda \u0dbb\u0dd4\u0db4\u0dd2\u0dba\u0dbd\u0dca \u0dc3\u0ddc\u0dba\u0dcf\n\r\n\u0d9a\u0dc0\u0dd2\u0d9a\u0dcf\u0dbb\u0dd2\u0dba\u0dda.....\n\r\n\u0dc3\u0dd2\u0d9c\u0db8\u0db1\u0dca \u0db1\u0ddc\u0dba\u0dcf \u0db8\u0dcf\u0dc0\u0dad\u0dda\r\n\u0db8\u0dc4\u0daf\u0dda \u0dbb\u0dd0\u0daf\u0dd9\u0db1\u0dca \u0dbb\u0dd6\u0db4\u0dd2\u0d9a\u0dcf\r\n\u0dc3\u0dc3\u0dbb\u0dda \u0d9c\u0dd9\u0db1\u0dcf \u0d86\u0daf\u0dbb\u0dda\r\n\u0db4\u0da9\u0dd4\u0dbb\u0dba\u0dd2 \u0d94\u0db6\u0dda \u0daf\u0ddd\u0dad\u0da7\u0dcf\r\n\u0daf\u0dd9\u0dc0\u0dd2 \u0dc3\u0dcf\u0db8\u0dd2\u0db1\u0dd2 \u0db8\u0db1\u0dca\u0daf\u0dcf \u0d85\u0db1\u0dda\r\n\u0dc4\u0dd2\u0dad \u0db8\u0dcf\u0d9c\u0dda \u0da0\u0db1\u0dca\u0da0\u0dbd\u0dca \u0dc0\u0dd9\u0dbd\u0dcf\n\r\n\u0d9a\u0dc0\u0dd2\u0d9a\u0dcf\u0dbb\u0dd2\u0dba\u0dda..... //"
    },
    {
        "uuid": "2b2cd74a-8a1f-11e9-8e7b-3863bb98c88b",
        "song": "Kaviyak Sema Nalawena ",
        "singer": "Rose Alagiyawanna ",
        "lyricUnicode": "\u0d9a\u0dc0\u0dd2\u0dba\u0d9a\u0dca \u0dc3\u0dda\u0db8 \u0db1\u0dd0\u0dbd\u0dc0\u0dd9\u0db1 \u0d94\u0dba \u0d87\u0dc3\u0dca \u0daf\u0dd9\u0d9a\u0db8\r\n\u0d9c\u0dd9\u0dad\u0dca\u0dad\u0db8\u0dca \u0dc0\u0dd9\u0dbd\u0dcf \u0dc4\u0dd2\u0dad\u0dca \u0db4\u0dd4\u0dc0\u0dbb\u0dd4\u0dc0\u0dd9 \u0dbb\u0dd2\u0daf\u0dca\u0db8\u0dba\u0da7\r\n\u0db4\u0dd2\u201a \u0daf\u0dd2\u0dba \u0daf\u0ddc\u0dc0\u0dcf \u0d94\u0db4\u0dc0\u0dad\u0dca \u0dc0\u0dd4\u0dab\u0dd4 \u0dad\u0ddc\u0dbd\u0dca \u0dc3\u0d9f\u0dbd\r\n\u0dc3\u0dd2\u0dad\u0dd4\u0dc0\u0db8\u0dca \u0dc0\u0dd9\u0dbd\u0dcf \u0dc4\u0dd2\u0dad\u0dca \u0d85\u0dc4\u0dc3\u0dda \u0d8b\u0dab\u0dd4\u0dc4\u0dd4\u0db8\u0da7\n\r\n\u0daf\u0ddc\u0da9\u0db8\u0dc5\u0dd4 \u0dc4\u0dd2\u0db1\u0dcf \u0d9a\u0dd2\u0dbb\u201a\u0db1\u0dca \u0db8\u0dd4\u0dc0 \u0dc3\u0dbb\u0dc3\u0dcf\u0db1\r\n\u0db8\u0dd2\u0da7\u0dd2\u0dba\u0dcf\u0dc0\u0dad\u0d9a \u0dad\u0db1\u0dd2\u0d9a\u0db8 \u0db4\u0dc5\u0dc0\u0dba\u0dd2 \u0dc4\u0daf\u0d9a //\r\n\u0db4\u0dd4\u0db1\u0dca \u0db4\u0ddd \u0d9a\u0dbd\u0dcf \u0db4\u0dd2\u0dbb\u0dd2 \u0dc3\u0db3 \u0db4\u0dcf\u0dba\u0db1 \u0d9a\u0dbd\u0da7\r\n\u0dc4\u0daf\u0dc0\u0dad \u0db1\u0dd2\u0dc0\u0dd3 \u0dc3\u0dd0\u0db1\u0dc4\u0dd9\u0dba\u0dd2 \u0db1\u0dd9\u0dad\u0dd4 \u0d89\u0db1\u0dcf\u0dc0\u0da7\n\r\n\u0d9a\u0dc0\u0dd2\u0dba\u0d9a\u0dca \u0dc3\u0dda\u0db8......\n\r\n\u0db4\u0dd2\u0dba\u0d9a\u0dbb\u0dd4 \u0daf\u0dc3\u0dd4\u0db1\u0dca \u0db8\u0dc0\u0db1\u0dcf \u0db8\u0d9c\u0dd9 \u0dc4\u0dd2\u0dad\u0dca \u0db4\u0ddc\u0dad\u0da7\r\n\u0db4\u0dd9\u0db8\u0dca\u0dc0\u0dad\u0dca \u0db1\u0dd4\u0db9\u0dda \u0dbd\u0dd9\u0d82\u0d9c\u0dad\u0dd4\u0dc0\u0dba\u0dd2 \u0db4\u0dd2\u0dc5\u0dd2\u0dc3\u0dbb\u0dab //\r\n\u0dc4\u0daf\u0dc0\u0dad \u0db4\u0dd0\u0dad\u0dd6 \u0dc3\u0dd9\u0dad\u0dca \u0d9a\u0dc0\u0dca \u0db4\u0dda\u0dc5\u0dd2\u0dba \u0d9a\u0ddc\u0dba\u0dd2\u0daf\r\n\u0db4\u0dd2\u0db1\u0dca\u0dc0\u0dad\u0dca \u0db8\u0dd2\u0dc4\u0dd2\u0dbb\u0dd2\u0dba\u0dd9 \u0db1\u0dd4\u0db9 \u0db1\u0dd0\u0dad\u0dd2 \u0dc4\u0dd2\u0dad\u0dca \u0db4\u0dd0\u0dc5\u0da7\n\r\n\u0d9a\u0dc0\u0dd2\u0dba\u0d9a\u0dca \u0dc3\u0dda\u0db8......\n"
    },
    {
        "uuid": "3781a038-8a1f-11e9-887c-3863bb98c88b",
        "song": "Kawurunda Oba Mage Kawurunda Ma Obe ",
        "singer": "Sunil Edirisinghe ",
        "lyricUnicode": "\u0d9a\u0dc0\u0dd4\u0dbb\u0dd4\u0db1\u0dca\u0daf \u0d94\u0db6 \u0db8\u0d9c\u0dda\r\n\u0d9a\u0dc0\u0dd4\u0dbb\u0dd4\u0db1\u0dca\u0daf \u0db8\u0dcf \u0d94\u0db6\u0dda\n\r\n\u0daf\u0dd9\u0dad\u0ddc\u0dbd\u0dca \u0dc3\u0dbd\u0dcf \u0db8\u0dd4\u0daf\u0dd4 \u0dc3\u0dd2\u0db1\u0dc4 \u0db1\u0d9c\u0db1\u0dca\u0db1\u0dd9\u0db8\u0dd4\r\n\u0daf\u0dd9\u0db1\u0dd9\u0dad\u0dca \u0db4\u0dd4\u0dbb\u0dcf \u0db4\u0dd2\u0dbb\u0dd2 \u0d9a\u0db3\u0dd4\u0dc5\u0dd4 \u0dc3\u0dbd\u0db1\u0dca\u0db1\u0dd9\u0db8\u0dd4 \r\n\u0dc4\u0daf\u0dc0\u0dad\u0dca \u0d9c\u0dd0\u0dc4\u0dd9\u0db1\u0dcf \u0dbb\u0dd2\u0daf\u0dca\u0db8\u0dba \u0d85\u0dad\u0dbb\u0dda\r\n\u0dc3\u0dd2\u0dad\u0dd2\u0db1\u0dca \u0d9c\u0dad\u0dd2\u0db1\u0dca \u0d91\u0d9a\u0dca\u0dad\u0dd0\u0db1\u0dca \u0dc0\u0dd3 \u0d89\u0db1\u0dca\u0db1\u0dd9\u0db8\u0dd4\n\r\n\u0db4\u0dca\u200d\u0dbb\u0dda\u0db8\u0dba \u0d9c\u0ddc\u0dc5\u0dd4 \u0dc0\u0dd3 \u0dc4\u0dac\u0dcf \u0dc0\u0dd0\u0da7\u0dd3\u0dbd\u0dcf\r\n\u0d94\u0db6 \u0dc4\u0daf \u0db8\u0dcf \u0dc4\u0daf \u0dbb\u0dd2\u0daf\u0dc0\u0db1 \u0db8\u0ddc\u0dc4\u0ddc\u0dad\u0dda\r\n\u0da2\u0dd3\u0dc0\u0dd2\u0dad\u0dba\u0da7 \u0dc4\u0dd4\u0dbb\u0dd4 \u0db4\u0dd0\u0dbb\u0daf\u0dd4\u0db8 \u0dc4\u0db8\u0dd4\u0dc0\u0dda\r\n\u0db1\u0ddc\u0daf\u0ddc\u0da9\u0dcf \u0d9c\u0ddc\u0dc5\u0dd4\u0dc0\u0dd3 \u0db6\u0dbd\u0dcf \u0dc3\u0dd2\u0da7\u0dd2\u0db1\u0dca\u0db1\u0dd9\u0db8\u0dd4"
    },
    {
        "uuid": "387d3a7e-8a1f-11e9-9b87-3863bb98c88b",
        "song": "Keewa ",
        "singer": "Bathiya & Santhush ",
        "lyricUnicode": "\u0d9a\u0dd3\u0dc0\u0dcf \u0dc3\u0dd4\u0dc5\u0d9f \u0db8\u0da7 \u0d9a\u0dd3\u0dc0\u0dcf\r\n\u0d9a\u0dd3\u0dc0\u0dcf \u0dc3\u0dd4\u0dc5\u0d9f \u0dc4\u0dcf \u0d86\u0dc0\u0dcf \u0d9a\u0dd2\u0dba\u0dcf \u0d94\u0dba\u0dcf\r\n\u0d9a\u0dd3\u0dc0\u0dcf \u0dc3\u0dd4\u0dc5\u0d9f \u0db8\u0da7 \u0d9a\u0dd3\u0dc0\u0dcf\r\n\u0d9a\u0dd3\u0dc0\u0dcf \u0db4\u0dd9\u0db8\u0dca \u0dc4\u0dd2\u0dad \u0d9c\u0dd9\u0db1\u0dcf\u0dc0\u0dcf \u0d9a\u0dd2\u0dba\u0dcf \u0d94\u0dba\u0dcf\n\r\n\u0daf\u0ddd\u0dbb\u0dda \u0d9c\u0dbd\u0db1\u0dcf \u0d94\u0db6\u0dda \u0dc3\u0dd2\u0db1\u0dcf\r\n\u0db8\u0dd4\u0dc3\u0dd4\u0dc0\u0dd6 \u0dad\u0dd4\u0dad\u0dd2 \u0d9c\u0dd3 \u0d9c\u0dd3\u0dad\u0dd2\u0d9a\u0dcf\r\n\u0dc4\u0daf \u0dbb\u0dd2\u0daf\u0dca\u0db8\u0dda \u0db4\u0dcf\u0dbb\u0dcf \u0dbb\u0dd0\u0dc0\u0dca \u0daf\u0dd2\u0daf\u0dd2\r\n\u0dad\u0dd4\u0dbb\u0dd4\u0dbd\u0dd2\u0dba \u0dad\u0dd4\u0dbb\u0dd4\u0dbd\u0dda \u0db4\u0dd9\u0db8\u0dca \u0dc3\u0dd4\u0dc0 \u0dc0\u0dd2\u0db3\u0dd3\n\r\n\u0dc4\u0dd2\u0dad \u0d9c\u0dd2\u0dba \u0dad\u0dd0\u0db1\u0d9a \u0dc3\u0daf\u0dc4\u0da7\u0db8 \u0d89\u0db1\u0dca\u0db1\u0da7\r\n\u0dbd\u0dc3\u0dca\u0dc3\u0db1 \u0dc4\u0dd2\u0dad\u0d9a\u0dca \u0d9a\u0ddc\u0dc4\u0dd9\u0daf \u0d94\u0dba \u0dc4\u0dd2\u0dad \u0db8\u0dd2\u0dc3\r\n\u0db4\u0dd9\u0db8\u0dca \u0db6\u0dc3\u0dca \u0dc4\u0dd4\u0d9f\u0d9a\u0dca \u0dbb\u0dc3\u0da7 \u0db8\u0dd4\u0db8\u0dd4\u0dab\u0db1\u0dca\u0db1\u0daf \u0db8\u0dcf\r\n\u0dc4\u0dd2\u0dad \u0d9c\u0dd2\u0dba \u0dad\u0dd0\u0db1\u0d9a \u0dc3\u0daf\u0dc4\u0da7\u0db8 \u0d89\u0db1\u0dca\u0db1\u0da7\r\n\u0dbd\u0dc3\u0dca\u0dc3\u0db1 \u0dc4\u0dd2\u0dad\u0d9a\u0dca \u0d9a\u0ddc\u0dc4\u0dd9\u0daf \u0d94\u0dba \u0dc4\u0dd2\u0dad \u0db8\u0dd2\u0dc3\r\n\u0dc4\u0dd2\u0dad\u0dca \u0dc0\u0dd9\u0dad \u0dc4\u0dd2\u0dad\u0d9a\u0dca \u0d9a\u0dd9\u0dbd\u0dd9\u0dc3 \u0d85\u0db8\u0dd4\u0db1\u0db1\u0dca\u0db1\u0daf \u0db8\u0dcf\n\r\n\u0d9a\u0dd3\u0dc0\u0dcf \u0dc3\u0dd4\u0dc5\u0d9f \u0db8\u0da7 \u0d9a\u0dd3\u0dc0\u0dcf\r\n\u0d9a\u0dd3\u0dc0\u0dcf \u0db4\u0dd9\u0db8\u0dca \u0dc4\u0dd2\u0dad \u0d9c\u0dd9\u0db1\u0dcf\u0dc0\u0dcf \u0d9a\u0dd2\u0dba\u0dcf \u0d94\u0dba\u0dcf //\n\r\n\u0daf\u0ddd\u0dbb\u0dda \u0d9c\u0dbd\u0db1\u0dcf \u0d94\u0db6\u0dda \u0dc3\u0dd2\u0db1\u0dcf\r\n\u0db8\u0dd4\u0dc3\u0dd4\u0dc0\u0dd6 \u0dad\u0dd4\u0dad\u0dd2 \u0d9c\u0dd3\u0dad\u0dd2\u0d9a\u0dcf\r\n\u0dc4\u0daf \u0dbb\u0dd2\u0daf\u0dca\u0db8\u0dda \u0db4\u0dcf\u0dbb\u0dcf \u0dbb\u0dd0\u0dc0\u0dca \u0daf\u0dd2\u0daf\u0dd2\r\n\u0dad\u0dd4\u0dbb\u0dd4\u0dbd\u0dd2\u0dba \u0dad\u0dd4\u0dbb\u0dd4\u0dbd\u0dda \u0db4\u0dd9\u0db8\u0dca \u0dc3\u0dd4\u0dc0 \u0dc0\u0dd2\u0db3\u0dd3\n\r\n\u0dc4\u0dd2\u0dad \u0d9c\u0dd2\u0dba \u0dad\u0dd0\u0db1\u0d9a \u0dc3\u0daf\u0dc4\u0da7\u0db8 \u0d89\u0db1\u0dca\u0db1\u0da7..."
    },
    {
        "uuid": "3978e6e2-8a1f-11e9-866b-3863bb98c88b",
        "song": "Kela Male Kohe Giyado ",
        "singer": "Prince Udaya Priyantha ",
        "lyricUnicode": "\u0d9a\u0dd0\u0dc5\u0dd1 \u0db8\u0dbd\u0dda \u0d9a\u0ddc\u0dc4\u0dda \u0d9c\u0dd2\u0dba\u0dcf\u0daf\u0ddd\r\n\u0db1\u0dd2\u0dc0\u0dcf\u0da9\u0dd4\u0dc0\u0da7 \u0d9c\u0db8\u0dda \u0d9c\u0dd2\u0dba\u0dcf\u0daf\u0ddd\r\n\u0db1\u0dc0\u0dcf\u0dad\u0dd0\u0db1\u0dda \u0db1\u0dd1 \u0dc0\u0dd0\u0da9\u0db4\u0dc5\u0dda \u0d9a\u0dad\u0dcf\u0dc0\u0dda\r\n\u0d9a\u0dd4\u0db8\u0dcf\u0dbb\u0dba\u0dd9\u0d9a\u0dca \u0d91\u0d9a\u0dca\u0d9a \u0d9c\u0dd2\u0dba\u0dcf\u0dbd\u0dd6 //\n\r\n\u0db4\u0dd9\u0db8\u0dd2\u0db1\u0dca \u0d8b\u0db4\u0db1\u0dca \u0dbb\u0dcf\u0dad\u0dca\u200d\u0dbb\u0dd2\u0dba\u0dda \u0dbb\u0dd0\u0d9f\u0dd4\u0db8\u0dca \u0d9c\u0dd0\u0dba\u0dd4\u0db8\u0dca \u0db1\u0dcf\u0daf\u0daf\u0dda //\r\n\u0dc4\u0db3\u0db4\u0dcf\u0db1\u0dda \u0dad\u0dcf\u0dbb\u0d9a\u0dcf \u0dc0\u0dd2\u0dbd\u0dda\r\n\u0dc4\u0db8\u0dd4\u0dc0\u0dd3\u0db8\u0daf\u0ddd \u0dc3\u0d82\u0dc3\u0dcf\u0dbb\u0dba\u0dda\r\n\u0db8\u0dbd\u0d9a\u0dca \u0dc0\u0d9c\u0dda \u0dad\u0dd4\u0dbb\u0dd4\u0dbd\u0dca \u0dc0\u0dd4\u0db1\u0dda \u0db1\u0dd1\n\r\n\u0d9a\u0dd0\u0dc5\u0dd1 \u0db8\u0dbd\u0dda.....\n\r\n\u0dc3\u0dd2\u0daf\u0dcf\u0daf\u0dd2\u0dba\u0dda \u0d9a\u0db8\u0dca\u0dc4\u0dbd\u0dda \u0d9a\u0dd6\u0da9\u0dd4\u0dc0\u0dd9\u0dbd\u0dcf \u0d9a\u0dcf\u0db8\u0dbb\u0dda //\r\n\u0dad\u0db1\u0dd2\u0dc0\u0dd3\u0daf\u0ddd \u0da2\u0dd3\u0dc0\u0dd2\u0dad\u0dda \u0db4\u0dd4\u0dbb\u0dcf\r\n\u0dc0\u0dd9\u0db1\u0dca\u0dc0\u0dd3\u0db8\u0daf\u0ddd \u0daf\u0ddb\u0dc0\u0dda \u0d85\u0db4\u0dda\r\n\u0dc3\u0db3\u0d9a\u0dca \u0dc0\u0d9c\u0dda \u0dc0\u0dc3\u0db1\u0dca \u0dc0\u0dd4\u0db1\u0dda \u0db1\u0dd1\n\r\n\u0d9a\u0dd0\u0dc5\u0dd1 \u0db8\u0dbd\u0dda....."
    },
    {
        "uuid": "3e88ae5a-8a1f-11e9-845f-3863bb98c88b",
        "song": "Kiri Ithirewa Nawa Wasare ",
        "singer": "H R Jothipala ",
        "lyricUnicode": "\u0d9a\u0dd2\u0dbb\u0dd2 \u0d89\u0dad\u0dd2\u0dbb\u0dda\u0dc0\u0dcf \u0db1\u0dc0 \u0dc0\u0dc3\u0dbb\u0dda //\r\n\u0dc3\u0dcf\u0db8\u0dba\u0dda \u0d9c\u0dd3\u0dad\u0dba\u0dda \u0dbb\u0dd0\u0dc0\u0dca \u0db1\u0dd0\u0d9c\u0dd3 \u0daf\u0dc3 \u0d85\u0dad\u0dda //\r\n\u0d9a\u0dd2\u0dbb\u0dd2 \u0d89\u0dad\u0dd2\u0dbb\u0dda\u0dc0\u0dcf \u0db1\u0dc0 \u0dc0\u0dc3\u0dbb\u0dda //\n\r\n\u0daf\u0dd4\u0d9a\u0dca \u0daf\u0ddc\u0db8\u0dca\u0db1\u0dc3 \u0db1\u0dd0\u0dad\u0dd2\u0dc0\u0dd4\u0db1\u0dcf \u0db1\u0dc0 \u0dc0\u0dc3\u0dbb\u0d9a\u0dca \u0d91\u0dc5\u0db9\u0dd4\u0db1\u0dcf\r\n\u0d85\u0dc0\u0dd4\u0dbb\u0dd4\u0daf\u0dd4 \u0daf\u0dcf \u0db4\u0dca\u200d\u0dbb\u0dd3\u0dad\u0dd2 \u0dc0\u0db1\u0dca\u0db1 \u0db8\u0dad\u0dd4 \u0d9a\u0dbb\u0db8\u0dd2\u0db1\u0dca \u0db8\u0dbd\u0dca\u0dc4\u0dd2\u0db1\u0dcf //\r\n\u0dc3\u0dcf\u0db8\u0dba\u0dda \u0d9c\u0dd3\u0dad\u0dba\u0dda \u0dbb\u0dd0\u0dc0\u0dca \u0db1\u0dd0\u0d9c\u0dd3 \u0daf\u0dc3 \u0d85\u0dad\u0dda //\n\r\n\u0d9a\u0dd2\u0dbb\u0dd2 \u0d89\u0dad\u0dd2\u0dbb\u0dda\u0dc0\u0dcf \u0db1\u0dc0 \u0dc0\u0dc3\u0dbb\u0dda //\r\n\u0dc3\u0dcf\u0db8\u0dba\u0dda \u0d9c\u0dd3\u0dad\u0dba\u0dda \u0dbb\u0dd0\u0dc0\u0dca \u0db1\u0dd0\u0d9c\u0dd3 \u0daf\u0dc3 \u0d85\u0dad\u0dda //\r\n\u0d9a\u0dd2\u0dbb\u0dd2 \u0d89\u0dad\u0dd2\u0dbb\u0dda\u0dc0\u0dcf \u0db1\u0dc0 \u0dc0\u0dc3\u0dbb\u0dda //\n\r\n\u0db6\u0dad \u0db6\u0dd4\u0dbd\u0dad\u0dd2\u0db1\u0dca \u0d85\u0da9\u0dd4 \u0db1\u0ddc\u0dc0\u0dd3 \r\n\u0dc3\u0dd4\u0dbb \u0dc3\u0dd0\u0db4 \u0db8\u0dd2\u0dc4\u0dd2\u0db4\u0dd2\u0da7 \u0db8\u0dd0\u0dc0\u0dd3 \r\n\u0d8b\u0db4\u0db1\u0dca \u0db6\u0dd2\u0db8\u0dda \u0d9a\u0dd2\u0dbb\u0dd2 \u0d89\u0dad\u0dd2\u0dbb\u0dd3 \u0d9c\u0ddc\u0da9 \u0db8\u0da9 \u0dc3\u0dbb\u0dd4 \u0dc3\u0dcf\u0dbb \u0dc0\u0dd3 //\n\r\n\u0dc3\u0dcf\u0db8\u0dba\u0dda \u0d9c\u0dd3\u0dad\u0dba\u0dda \u0dbb\u0dd0\u0dc0\u0dca \u0db1\u0dd0\u0d9c\u0dda \u0daf\u0dc3 \u0d85\u0dad\u0dda //\r\n\u0d9a\u0dd2\u0dbb\u0dd2 \u0d89\u0dad\u0dd2\u0dbb\u0dda\u0dc0\u0dcf \u0db1\u0dc0 \u0dc0\u0dc3\u0dbb\u0dda //\r\n\u0dc3\u0dcf\u0db8\u0dba\u0dda \u0d9c\u0dd3\u0dad\u0dba\u0dda \u0dbb\u0dd0\u0dc0\u0dca \u0db1\u0dd0\u0d9c\u0dd3 \u0daf\u0dc3 \u0d85\u0dad\u0dda //\r\n\u0d9a\u0dd2\u0dbb\u0dd2 \u0d89\u0dad\u0dd2\u0dbb\u0dda\u0dc0\u0dcf \u0db1\u0dc0 \u0dc0\u0dc3\u0dbb\u0dda //\n"
    },
    {
        "uuid": "3f7ffb52-8a1f-11e9-a864-3863bb98c88b",
        "song": "Kiri Kodu Hithata ",
        "singer": "Bathiya & Santhush ",
        "lyricUnicode": "\u0d9a\u0dd2\u0dbb\u0dd2 \u0d9a\u0ddd\u0da9\u0dd4 \u0dc4\u0dd2\u0dad\u0da7 \u0d86\u0dbd \u0db1\u0dd4\u0db9\u0dda \u0daf\u0dd1\u0dc3 \u0dba\u0dcf\u0dc0\u0dd4\u0db1\u0dcf\r\n\u0db8\u0d9c\u0dd9 \u0d9a\u0ddd\u0dbd \u0d9a\u0db8\u0da7 \u0dbd\u0ddd\u0dbd \u0dc4\u0dd0\u0d9f\u0dd4\u0db8 \u0db1\u0dd4\u0db9\u0da7 \u0db4\u0dda\u0dc0\u0dd4\u0dab\u0dcf\r\n\u0dc3\u0db6\u0daf\u0dda \u0dc3\u0dd4\u0dc0\u0db3\u0dda \u0d9a\u0dd4\u0db5\u0db3\u0dd4\u0dbd\u0dca \u0d86\u0daf\u0dbb\u0dda\r\n\u0d8b\u0dad\u0dd4\u0dbb\u0dcf \u0d9c\u0dd0\u0dbd\u0dd6\u0dc0\u0dda \u0d85\u0db8 \u0db8\u0dd3 \u0da2\u0dd3\u0dc0\u0dd2\u0dad\u0dda\r\n\u0d9a\u0dd2\u0dbb\u0dd2 \u0d9a\u0ddd\u0da9\u0dd4 \u0dc4\u0dd2\u0dad\u0da7 \u0d86\u0dbd \u0db1\u0dd4\u0db9\u0dda \u0daf\u0dd1\u0dc3 \u0dba\u0dcf\u0dc0\u0dd4\u0db1\u0dcf\r\n\u0db8\u0d9c\u0dd9 \u0d9a\u0ddd\u0dbd \u0d9a\u0db8\u0da7 \u0dbd\u0ddd\u0dbd \u0dc4\u0dd0\u0d9f\u0dd4\u0db8 \u0db1\u0dd4\u0db9\u0da7 \u0db4\u0dda\u0dc0\u0dd4\u0dab\u0dcf\n\r\n\u0dc3\u0dd4\u0db4\u0dd9\u0db8\u0dca \u0db1\u0dd4\u0dc0\u0db1\u0dca \u0dc0\u0dd2\u0db8\u0dc3\u0dcf\u0dc0\u0dd2 \u0dbb\u0dd1 \u0daf\u0dd2\u0dc0\u0dcf\r\n\u0d94\u0db6 \u0dbb\u0dd6 \u0d85\u0db3\u0dd4\u0db1\u0dca \u0daf\u0dc3\u0dd4\u0db1\u0dd2\u0db1\u0dca \u0daf\u0dd4\u0dbb\u0dba\u0dd2 \u0d9a\u0dd2\u0dba\u0dcf\r\n\u0d94\u0dba \u0db4\u0dd9\u0db8\u0dca \u0dad\u0dd9\u0db4\u0dd4\u0dbd\u0dca \u0db8\u0daf\u0dc4\u0dcf\u0dc3 \u0db4\u0dd1 \u0db1\u0dd2\u0dba\u0dcf\r\n\u0dc5\u0dba \u0d9c\u0dd2\u0db8\u0dca \u0db1\u0dd2\u0dc0\u0dd6 \u0dc3\u0dd2\u0dc4\u0dd2\u0dbd\u0dcf\u0dbb \u0dc0\u0dd1\u0dc4\u0dd4\u0dab\u0dcf\r\n\u0db8\u0dad\u0dd4 \u0db8\u0dcf \u0db4\u0dd0\u0dad\u0dd4 \u0d9a\u0dd2\u0dc3\u0dd2\u0dc0\u0d9a\u0dca \u0db1\u0ddc\u0dc0\u0dda\r\n\u0dc3\u0dd0\u0db1\u0dc3\u0dd3\u0db8 \u0dc0\u0dda \u0d86\u0daf\u0dbb\u0dda\n\r\n\u0dc3\u0dd2\u0dad\u0dd4\u0db8\u0dca \u0db4\u0dd0\u0dad\u0dd4\u0db8\u0dca \u0d89\u0da7\u0dd4\u0dc0\u0dda\u0dc0\u0dd2 \u0dc0\u0dcf\u0dc3\u0db1\u0dcf\r\n\u0d85\u0db3\u0dd4\u0dbb\u0dd9\u0db1\u0dca \u0db8\u0dd2\u0daf\u0dd3 \u0dc3\u0db3 \u0d92\u0dc0\u0dd2 \u0db4\u0dcf\u0dba\u0dcf\u0dbd\u0dcf\r\n\u0d94\u0db6 \u0db8\u0dda \u0db4\u0dd2\u0daf\u0dd6 \u0dc3\u0dd9\u0dc0\u0dab\u0dda\u0db8 \u0d88\u0db3\u0dd2\u0dbd\u0dcf\r\n\u0db8\u0d9c\u0dd9 \u0da2\u0dd3\u0dc0\u0dd2\u0dad\u0dda \u0db1\u0dc0\u0dad\u0dd3\u0dc0\u0dd2 \u0db4\u0dcf \u0dc3\u0dd2\u0db1\u0dcf\r\n\u0db8\u0dd9\u0dad\u0dd4\u0dc0\u0d9a\u0dca \u0dbd\u0dd0\u0db6\u0dd6 \u0d9a\u0dd2\u0dc3\u0dd2\u0dc0\u0d9a\u0dca \u0db1\u0ddc\u0dc0\u0dda\r\n\u0dc3\u0dd0\u0db1\u0dc3\u0dd3\u0db8 \u0dc0\u0dda \u0d86\u0daf\u0dbb\u0dda\n\r\n\u0d9a\u0dd2\u0dbb\u0dd2 \u0d9a\u0ddd\u0da9\u0dd4 \u0dc4\u0dd2\u0dad\u0da7....."
    },
    {
        "uuid": "4766216e-8a1f-11e9-a9b6-3863bb98c88b",
        "song": "Ko Oya Koheda Dan ",
        "singer": "Roshan Fernando ",
        "lyricUnicode": "\u0d9a\u0ddd \u0d94\u0dba\u0dcf \u0d9a\u0ddc\u0dc4\u0dda\u0daf \u0daf\u0dd0\u0db1\u0dca \u0d89\u0db1\u0dca\u0db1\u0dd9 \u0db8\u0d9c\u0dd9 \u0dbb\u0dad\u0dca\u0dad\u0dbb\u0db1\u0dca\r\n\u0db1\u0dd1 \u0d91\u0daf\u0dcf \u0db8\u0d9c\u0dda \u0dc5\u0d9c\u0dd2\u0db1\u0dca \u0d86\u0daf\u0dbb\u0dda \u0d9a\u0ddc\u0daf\u0dd4\u0dbb\u0db8\u0dd2\u0db1\u0dca\r\n\u0d9a\u0daf\u0dd4\u0dc5\u0da7 \u0dc4\u0dd4\u0dbb\u0dd4\u0dc0\u0dd3 \u0db8\u0d9c\u0dd9 \u0db1\u0dd9\u0dad\u0dd4 \u0dc0\u0dd0\u0dc5\u0db4\u0dda\r\n\u0dc3\u0dd9\u0db1\u0dd9\u0dc4\u0dc3 \u0db8\u0dd2\u0dba\u0dd0\u0daf\u0dd3 \u0daf\u0ddb\u0dc0\u0dba \u0dc4\u0dd2\u0db1\u0dd0\u0dc4\u0dda\r\n\u0d9a\u0ddd \u0d94\u0dba\u0dcf \u0d9a\u0ddc\u0dc4\u0dda\u0daf \u0daf\u0dd0\u0db1\u0dca \u0d89\u0db1\u0dca\u0db1\u0dd9 \u0db8\u0d9c\u0dd9 \u0dbb\u0dad\u0dca\u0dad\u0dbb\u0db1\u0dca\n\r\n\u0dc5\u0dad\u0dd0\u0dc0\u0dd4\u0dbd\u0dca \u0dc4\u0dd2\u0db8\u0dd2\u0dc0\u0dd3 \u0daf\u0dd2\u0dc0\u0dd2\u0dba\u0dda \u0db8\u0dcf \u0db8\u0dd0\u0dc0\u0dd4 \u0dc3\u0dd2\u0dc4\u0dd2\u0db1\u0dba \u0db6\u0ddc\u0daf \u0dc0\u0dda\r\n\u0db8\u0d9c\u0dd9 \u0dc3\u0dd2\u0db1\u0dc4\u0dc0 \u0dc0\u0dd2\u0dba\u0dd0\u0d9a\u0dd3 \u0d85\u0daf \u0d9a\u0daf\u0dd4\u0dc5\u0d9a\u0dca \u0db1\u0dd9\u0dad\u0dd4 \u0d85\u0d9c \u0dbb\u0dd0\u0daf\u0dd4\u0db1\u0dda \r\n\u0d9a\u0ddc\u0dad\u0dd0\u0db1\u0daf \u0d94\u0db6 \u0d89\u0db1\u0dca\u0db1\u0dd9 \u0d9a\u0dd2\u0dba\u0dcf \u0dc3\u0dd2\u0dad \u0dc0\u0dd2\u0db8\u0dc3\u0db1\u0dc0\u0dcf \u0dbb\u0dd1 \u0daf\u0dd2\u0dc0\u0dcf\n\r\n\u0dc3\u0dd4\u0dc0\u0db3\u0dad\u0dca \u0db1\u0dd0\u0dad\u0dd2 \u0dc0\u0dd3 \u0d94\u0db6\u0d9c\u0dda \u0d86\u0daf\u0dbb \u0db8\u0dad\u0d9a\u0dba \u0d89\u0dc4\u0dd2\u0dbb\u0dda\r\n\u0db8\u0d9c\u0dd9 \u0dc5\u0d9f \u0db1\u0dd0\u0dad\u0dd2 \u0d94\u0db6 \u0dc4\u0dd2\u0db1\u0dca\u0daf\u0db8 \u0d9c\u0ddc\u0dc5\u0dd4 \u0dc0\u0dd9\u0dba\u0dd2 \u0dc4\u0daf\u0dc0\u0dad \u0dad\u0db1\u0dd2\u0dba\u0dda\r\n\u0dc0\u0dd9\u0db1 \u0dc4\u0daf\u0d9a\u0da7 \u0dc3\u0dd9\u0db1\u0dd9\u0dc4\u0dd9 \u0db4\u0dd4\u0daf\u0dcf \u0db1\u0dd0\u0dc0\u0dad\u0dd4\u0db1\u0dd2\u0daf\u0ddd \u0db8\u0dcf \u0daf\u0dc0\u0dbd\u0dcf\n\r\n\u0d9a\u0ddd \u0d94\u0dba\u0dcf \u0d9a\u0ddc\u0dc4\u0dda\u0daf...."
    },
    {
        "uuid": "485cb100-8a1f-11e9-950b-3863bb98c88b",
        "song": "Kohe Ho Athi Premayak (Soba Dahame Arabumath) ",
        "singer": "Karunarathna Divulgane ",
        "lyricUnicode": "\u0dc3\u0ddc\u0db6\u0dcf \u0daf\u0dc4\u0db8\u0dda \u0d87\u0dbb\u0db9\u0dd4\u0db8\u0dad\u0dca \r\n\u0dbd\u0dd2\u0dba\u0dcf \u0d87\u0dad\u0dd2 \u0d91\u0d9a \u0d89\u0dbb\u0dab\u0db8\u0d9a\u0dca \r\n\u0db1\u0dd2\u0db8\u0dcf\u0dc0\u0db1 \u0dc4\u0db8\u0dd4\u0dc0\u0dd3\u0db8\u0d9a\u0dad\u0dca \r\n\u0d9a\u0ddc\u0dc4\u0dda \u0dc4\u0ddd \u0d87\u0dad\u0dd2 \u0db4\u0dca\u200d\u0dbb\u0dda\u0db8\u0dba\u0d9a\u0dca //\n\r\n\u0daf\u0dc0\u0dcf \u0dc4\u0dc5\u0dd4 \u0d9a\u0dbd \u0db8\u0dad\u0d9a\u0dba\u0dad\u0dca \r\n\u0dbb\u0dd2\u0daf\u0dd4\u0db8\u0dca \u0daf\u0dd9\u0dba\u0dd2 \u0dc4\u0dd0\u0db8\u0daf\u0dcf\u0d9a\u0db8\u0dad\u0dca \r\n\u0db1\u0dc0\u0dcf\u0dad\u0dd0\u0db1\u0dca \u0dc0\u0dd4\u0db1 \u0dc4\u0dd2\u0dad\u0dca \u0dba\u0da7\u0dad\u0dca \r\n\u0d9a\u0ddc\u0dc4\u0dda \u0dc4\u0ddd \u0d87\u0dad\u0dd2 \u0d9a\u0dc0\u0dd4\u0dbb\u0dd4\u0dc0\u0dad\u0dca\n\r\n\u0dc3\u0ddc\u0db6\u0dcf \u0daf\u0dc4\u0db8\u0dda...\n\r\n\u0dc4\u0dd2\u0db1\u0dcf\u0dc0\u0dd9\u0db1 \u0dc4\u0db3 \u0db4\u0dad\u0dd4\u0dbd\u0d9a\u0dad\u0dca \r\n\u0dc3\u0dd4\u0dc3\u0dd4\u0db8\u0dca \u0db1\u0dd1 \u0d85\u0dc0\u0dc3\u0dcf\u0db1\u0dba\u0d9a\u0dca \r\n\u0db6\u0dd2\u0db3\u0dd3 \u0d87\u0dc4\u0dd0\u0dbb\u0dd9\u0db1 \u0dbb\u0dd2\u0daf\u0dd4\u0db8\u0d9a\u0dad\u0dca \r\n\u0d9a\u0ddc\u0dc4\u0dda \u0dc4\u0ddd \u0d87\u0dad\u0dd2 \u0db4\u0dca\u200d\u0dbb\u0dda\u0db8\u0dba\u0d9a\u0dca\n\r\n\u0dc3\u0ddc\u0db6\u0dcf \u0daf\u0dc4\u0db8\u0dda..."
    },
    {
        "uuid": "4959e428-8a1f-11e9-b8ff-3863bb98c88b",
        "song": "Kohe Ho Numba ",
        "singer": "Karunarathna Divulgane ",
        "lyricUnicode": "\u0d9a\u0ddc\u0dc4\u0dda \u0dc4\u0ddd \u0db1\u0dd4\u0db9 \u0db1\u0dad\u0dbb \u0dc0\u0dd3\r\n\u0d9a\u0dcf\u0da7 \u0dc4\u0ddd \u0da2\u0dd3\u0dc0\u0dd2\u0dad\u0dba \u0daf\u0dd3\r\n\u0dad\u0dd4\u0da7\u0dd2\u0db1\u0dca \u0db1\u0db8\u0dca \u0db8\u0da7 \u0d92 \u0d87\u0dad\u0dd3\r\n\u0db8\u0d9c\u0dda \u0db1\u0ddc\u0dc0\u0dd4\u0db1\u0da7 \u0d9a\u0db8\u0dca \u0db1\u0dd0\u0dad\u0dd3 \u0db1\u0dd4\u0db9\r\n\u0db8\u0d9c\u0dda \u0db1\u0ddc\u0dc0\u0dd4\u0db1\u0da7 \u0d9a\u0db8\u0dca \u0db1\u0dd0\u0dad\u0dd3\n\r\n\u0d8b\u0db1\u0dca\u0db1\u0daf\u0dcf \u0d85\u0db4\u0dd2 \u0d85\u0db4\u0dda \u0dc0\u0dd3 \u0db1\u0dd4\u0db9\r\n\u0daf\u0dd4\u0db1\u0dca\u0db1\u0dd4 \u0dc3\u0dd9\u0db1\u0dd9\u0dc4\u0dc3 \u0d85\u0dbb\u0dd4\u0db8\u0dd0\u0dad\u0dd2\r\n\u0dbd\u0ddd\u0db7 \u0db1\u0dd1 \u0dc4\u0dd2\u0dad \u0d85\u0dc4\u0dd2\u0db8\u0dd2\u0daf\u0dcf \u0d85\u0daf\r\n\u0db8\u0db8\u0dad\u0dca \u0daf\u0dd0\u0db1\u0dca \u0db8\u0da7 \u0dc4\u0dd2\u0db8\u0dd2 \u0db1\u0dd0\u0dad\u0dd3\n\r\n\u0db1\u0dd4\u0db9 \u0dc5\u0d9f\u0dad\u0dca \u0db8\u0dad\u0d9a\u0dba \u0d87\u0dad\u0dd3\r\n\u0db1\u0db8\u0dd4\u0daf\u0dd4 \u0d85\u0db4\u0dd2 \u0dc0\u0dd9\u0db1\u0dca \u0dc0\u0dd3 \u0d87\u0dad\u0dd3\r\n\u0d91\u0db4\u0dcf \u0dbb\u0dd2\u0daf\u0dc0\u0dd4\u0db8\u0dca \u0d9c\u0db1\u0dca\u0db1 \u0daf\u0dd2\u0dc0\u0dd2\u0dba\u0da7\r\n\u0d85\u0db4\u0dd2\u0da7 \u0dc4\u0dd2\u0db8\u0dd2 \u0da2\u0dd3\u0dc0\u0dd2\u0dad \u0d87\u0dad\u0dd3\n\r\n\u0d9a\u0ddc\u0dc4\u0dda \u0dc4\u0ddd \u0db1\u0dd4\u0db9......\n"
    },
    {
        "uuid": "4ae87842-8a1f-11e9-9839-3863bb98c88b",
        "song": "Kohe Yannda Maa ",
        "singer": "Bachi Susan ",
        "lyricUnicode": "\u0d87\u0dc3\u0dca \u0db4\u0dd2\u0dba\u0db1\u0dca \u0daf\u0dd2\u0d9c\u0dda \u0d86 \u0d86\u0daf\u0dbb\u0dda\r\n\u0db8\u0d9c\u0dd9 \u0daf\u0dd9\u0dad\u0ddc\u0dbd\u0dca \u0db4\u0dd4\u0dbb\u0dcf \u0dad\u0dd9\u0db8\u0dcf \u0d9c\u0dd2\u0dba\u0dda\r\n\u0dbb\u0dc3 \u0dc4\u0dd0\u0d9f\u0dd4\u0db8\u0dca \u0db4\u0dd2\u0dbb\u0dd3 \u0d91\u0db1 \u0dba\u0dd9\u0ddf\u0dc0\u0db1\u0dda\r\n\u0d94\u0db6 \u0dc5\u0d9f\u0dba\u0dd2 \u0db1\u0dd0\u0dc0\u0dad\u0dd4\u0db1\u0dda\r\n\u0dc4\u0d82\u0d9c\u0dbd\u0dcf \u0d9a\u0ddc\u0dc4\u0dda \u0dad\u0dd2\u0dba\u0db8\u0dca\u0daf \u0db6\u0dd0\u0dc4\u0dd0 \u0d85\u0db1\u0dda\r\n\u0db8\u0dcf \u0dc4\u0dd0\u0d9f\u0dd4\u0db8\u0dca \u0d9a\u0da9\u0dcf \u0dc4\u0dd0\u0dbd\u0dda\n\r\n\u0d9a\u0ddc\u0dc4\u0dd9 \u0dba\u0db1\u0dca\u0db1\u0daf \u0db8\u0dcf \u0d94\u0dba \u0daf\u0dd1\u0dc3\u0dd2\u0db1\u0dca \u0daf\u0dd0\u0db1\u0dca \u0db8\u0dd2\u0daf\u0dd2\u0dbd\u0dcf\r\n\u0d9a\u0dd9\u0dc3\u0dda \u0dba\u0db1\u0dca\u0db1\u0daf \u0db8\u0dcf \u0d94\u0dba \u0daf\u0dd1\u0dc3\u0dd2\u0db1\u0dca \u0dc0\u0dd9\u0db1\u0dca \u0dc0\u0dd3\u0dbd\u0dcf\r\n\u0db1\u0dd9\u0dad\u0dd4 \u0db1\u0ddc\u0dc0\u0dd2\u0db3\u0dd2\u0db1\u0dcf \u0dc3\u0dd2\u0dc4\u0dd2\u0db1\u0dda \u0db1\u0dd1\u0dc3\u0dd3 \u0db8\u0dcf\r\n\u0db1\u0dd4\u0dbb\u0dcf \u0d9c\u0dd2\u0db1\u0dca\u0db1\u0dda \u0dba\u0dba\u0dd2 \u0d85\u0dc5\u0dd4 \u0dc0\u0dd3\u0dbd\u0dcf\n\r\n\u0d9a\u0ddc\u0dc4\u0dd9 \u0dba\u0db1\u0dca\u0db1\u0daf \u0db8\u0dcf \u0d94\u0dba \u0daf\u0dd1\u0dc3\u0dd2\u0db1\u0dca \u0daf\u0dd0\u0db1\u0dca \u0db8\u0dd2\u0daf\u0dd2\u0dbd\u0dcf\r\n\u0d9a\u0dd9\u0dc3\u0dda \u0dba\u0db1\u0dca\u0db1\u0daf \u0db8\u0dcf \u0d94\u0dba \u0daf\u0dd1\u0dc3\u0dd2\u0db1\u0dca \u0dc0\u0dd9\u0db1\u0dca \u0dc0\u0dd3\u0dbd\u0dcf\n\r\n\u0dc5\u0dba \u0db4\u0dd4\u0dbb\u0dcf \u0daf\u0dd4\u0dc0\u0dba\u0dd2 \u0d86\u0dbd\u0dd2\u0d82\u0d9c\u0db1\u0dda\r\n\u0db8\u0d9c\u0dd9 \u0db4\u0dd0\u0dad\u0dd4\u0db8\u0dca \u0d94\u0dc4\u0dda \u0dc0\u0dc1\u0dd3 \u0d8b\u0db1\u0dda\r\n\u0d9a\u0db1\u0dca \u0db4\u0dd9\u0dad\u0dd2 \u0daf\u0dd2\u0d9c\u0dda \u0dbb\u0dc3 \u0db8\u0db1\u0dca\u0dad\u0dbb\u0dda\r\n\u0dc4\u0dd2\u0dad \u0d8b\u0db8\u0dad\u0dd4 \u0d9a\u0dc5\u0dcf \u0dc0\u0dcf\u0d9c\u0dda\r\n\u0dc4\u0d82\u0d9c\u0dbd\u0dcf \u0d9a\u0ddc\u0dc4\u0dda \u0dad\u0dd2\u0dba\u0db8\u0dca\u0daf \u0db6\u0dd0\u0dc4\u0dd0 \u0d85\u0db1\u0dda\r\n\u0db8\u0dcf \u0dc4\u0dd0\u0d9f\u0dd4\u0db8\u0dca \u0d9a\u0da9\u0dcf \u0dc4\u0dd0\u0dbd\u0dda\n\r\n\u0d9a\u0ddc\u0dc4\u0dd9 \u0dba\u0db1\u0dca\u0db1\u0daf...\n\r\n\u0d9a\u0ddc\u0dc4\u0dda \u0dba\u0db1\u0dca\u0db1\u0daf \u0db8\u0dcf\r\n\u0d9a\u0dd9\u0dc3\u0dda \u0dba\u0db1\u0dca\u0db1\u0daf \u0db8\u0dcf \u0d94\u0dba \u0daf\u0dd1\u0dc3\u0dd2\u0db1\u0dca \u0dc0\u0dd9\u0db1\u0dca \u0dc0\u0dd3\u0dbd\u0dcf\r\n\u0db1\u0dd9\u0dad\u0dd4 \u0db1\u0ddc\u0dc0\u0dd2\u0db3\u0dd2\u0db1\u0dcf \u0dc3\u0dd2\u0dc4\u0dd2\u0db1\u0dda \u0db1\u0dd1\u0dc3\u0dd3 \u0db8\u0dcf\r\n\u0db1\u0dd4\u0dbb\u0dcf \u0d9c\u0dd2\u0db1\u0dca\u0db1\u0dda \u0dba\u0dba\u0dd2 \u0d85\u0dc5\u0dd4 \u0dc0\u0dd3\u0dbd\u0dcf"
    },
    {
        "uuid": "4bec249e-8a1f-11e9-8658-3863bb98c88b",
        "song": "Kohedo Numba Gihin Hitiye ",
        "singer": "Edward Jayakody ",
        "lyricUnicode": "\u0d9a\u0ddc\u0dc4\u0dd9\u0daf\u0ddd \u0db1\u0dd4\u0db9 \u0d9c\u0dd2\u0dc4\u0dd2\u0db1\u0dca \u0dc4\u0dd2\u0da7\u0dd2\u0dba\u0dda\r\n\u0dc0\u0dda\u0daf\u0db1\u0dcf \u0daf\u0ddc\u0dbb \u0d87\u0dbb\u0dd4\u0db1\u0dcf\r\n\u0d9a\u0dc5\u0dd4\u0dc0\u0dbb\u0dda \u0dc4\u0dd2\u0dad \u0dbb\u0dd2\u0daf\u0dd4\u0db1\u0dcf //\r\n\u0d9a\u0ddc\u0dc4\u0dd9\u0daf\u0ddd \u0db1\u0dd4\u0db9 \u0d87\u0dc0\u0dd2\u0dad\u0dca \u0dc4\u0dd2\u0da7\u0dd2\u0dba\u0dda\r\n\u0d85\u0db1\u0ddd\u0dbb\u0dcf \u0dc0\u0dd0\u0dc4\u0dd2 \u0dc0\u0dd0\u0da7\u0dd4\u0dab\u0dcf\r\n\u0dc0\u0dc3\u0db1\u0dca\u0dad\u0dda \u0db8\u0d9f \u0dc4\u0dd0\u0dbb\u0dd4\u0dab\u0dcf //\r\n\u0d9a\u0ddc\u0dc4\u0dd9\u0daf\u0ddd \u0db1\u0dd4\u0db9 \u0d9c\u0dd2\u0dc4\u0dd2\u0db1\u0dca \u0dc4\u0dd2\u0da7\u0dd2\u0dba\u0dda\n\r\n\u0d9a\u0dd4\u0dab\u0dcf\u0da7\u0dd4\u0dc0 \u0db8\u0dd0\u0daf \u0db6\u0dd2\u0db3\u0dd2 \u0dc0\u0dd2\u0dc3\u0dd2\u0dc0\u0dd9\u0db1\r\n\u0dc4\u0dd2\u0dad\u0dda \u0dc4\u0dc3\u0dbb\u0dd0\u0dbd\u0dca \u0dbd\u0dd6\u0dc4\u0dd4\u0db6\u0db3\u0dd2\u0db1\u0dcf\r\n\u0dc3\u0dd2\u0dad\u0dd2\u0da2\u0dba\u0da7 \u0daf\u0dd4\u0dbb \u0d85\u0dc4\u0dc3 \u0d9a\u0dd9\u0dc5\u0dc0\u0dbb\r\n\u0db1\u0dd4\u0db9 \u0d87\u0dad\u0dd0\u0dba\u0dd2 \u0dba\u0dc5\u0dd2\u0dad\u0dca \u0db8\u0da7 \u0dc3\u0dd2\u0dad\u0dd4\u0dab\u0dcf\n\r\n\u0d89\u0da9\u0ddd\u0dbb\u0dba \u0dc5\u0d9f \u0dc4\u0dd4\u0dc3\u0dca\u0db8 \u0d85\u0dbb\u0d9c\u0dd9\u0db1\r\n\u0dc4\u0dd2\u0dad\u0dda \u0d9a\u0ddc\u0dad\u0dd0\u0db1\u0daf \u0dbb\u0dd0\u0db3\u0dd4\u0dab\u0dcf\r\n\u0db4\u0db8\u0dcf \u0dc0\u0dd3 \u0dba\u0dc5\u0dd2 \u0d86 \u0dc0\u0dc3\u0db1\u0dca\u0dad\u0dba\u0dda\r\n\u0db8\u0d9c\u0dda \u0dc4\u0dd9\u0da7 \u0daf\u0dc0\u0dc3 \u0db8\u0dd4\u0dab \u0d9c\u0dd0\u0dc3\u0dd4\u0dab\u0dcf //\n\r\n\u0d9a\u0ddc\u0dc4\u0dd9\u0daf\u0ddd \u0db1\u0dd4\u0db9.....\n"
    },
    {
        "uuid": "4e0d2e90-8a1f-11e9-95e0-3863bb98c88b",
        "song": "Kolomthota Natha Mahalu Wee ",
        "singer": "W D Amaradeva ",
        "lyricUnicode": "\u0d9a\u0ddc\u0dc5\u0ddc\u0db8\u0dca\u0dad\u0ddc\u0da7 \u0db1\u0dd0\u0dad \u0db8\u0dc4\u0dc5\u0dd4 \u0dc0\u0dd3 \r\n\u0d85\u0dc0\u0db1\u0dca\u0dc4\u0dbd \u0db1\u0dd0\u0dad \u0db4\u0dd0\u0dbb\u0dab\u0dd2 \u0dc0\u0dd3 \r\n\u0d91\u0daf\u0dcf \u0dc4\u0db3\u0db8\u0dba\u0dd2 \u0d85\u0daf\u0dad\u0dca \u0dba\u0dde\u0dc0\u0db1\u0dba\u0dda \r\n\u0d91\u0dc4\u0dd9\u0dad\u0dca \u0d85\u0db4 \u0daf\u0dd9\u0db1\u0dca\u0db1\u0dcf \r\n\u0db6\u0dbd\u0db1\u0dca \u0d9a\u0dd0\u0da9\u0db4\u0dad \u0dc3\u0ddc\u0db3\u0dd4\u0dbb\u0dd2\u0dba\u0dda \n\r\n\u0db4\u0dd9\u0dbb\u0dd4\u0db8\u0dca \u0db4\u0dd4\u0dbb\u0db8\u0dd2\u0db1\u0dca \u0dc4\u0db8\u0dd4\u0dc0\u0dd9\u0dbd\u0dcf \r\n\u0d8b\u0db1\u0dd4\u0db1\u0dca \u0dbb\u0dc4\u0dc3\u0dd2\u0db1\u0dca \u0db6\u0dd0\u0db1\u0dca\u0daf \u0d86\u0daf\u0dbb \u0db4\u0dd9\u0db8\u0dca\r\n\u0db6\u0dbd\u0db1\u0dca \u0d9a\u0dd0\u0da9\u0db4\u0dad \u0dc3\u0ddc\u0db3\u0dd4\u0dbb\u0dd2\u0dba\u0dda \r\n\u0db4\u0dcf\u0da7 \u0dc0\u0dad\u0dca\u0dc3\u0dd4\u0db1\u0dd4 \u0daf\u0dd9\u0d9a\u0ddc\u0db4\u0dd4\u0dbd\u0dd9\u0db1\u0dca \u0db4\u0dd2\u0dc3\u0daf\u0dcf\n\r\n\u0d9a\u0ddc\u0dc5\u0ddc\u0db8\u0dca\u0dad\u0ddc\u0da7........\n\r\n\u0d9a\u0dd4\u0db9 \u0d9c\u0dc3\u0d9a\u0dca \u0d8b\u0da9 \u0db1\u0dd0\u0dc0\u0dad\u0dd2\u0dbd\u0dcf \r\n\u0dc3\u0dd2\u0db1\u0dcf \u0dad\u0dbd\u0db8\u0dd2\u0db1\u0dca \u0dc3\u0db3\u0dda \u0d87\u0dba\u0dd2 \u0dc3\u0dbb\u0daf\u0db8\u0dca \r\n\u0db6\u0dbd\u0db1\u0dca \u0d9a\u0dd0\u0da9\u0db4\u0dad \u0dc3\u0ddc\u0db3\u0dd4\u0dbb\u0dd2\u0dba\u0dda \r\n\u0d9a\u0dd4\u0db8\u0db1 \u0d85\u0dbb\u0dd4\u0db8\u0daf \u0db1\u0dbb \u0d9a\u0dd9\u0dc3\u0d9a\u0dca \u0db1\u0dd0\u0d9c\u0dd2\u0dbd\u0dcf\n\r\n\u0d9a\u0ddc\u0dc5\u0ddc\u0db8\u0dca\u0dad\u0ddc\u0da7......."
    },
    {
        "uuid": "52bc2ba8-8a1f-11e9-916d-3863bb98c88b",
        "song": "Koula Amathanu Na Mata Asune ",
        "singer": "Madumadawa Aravinda ",
        "lyricUnicode": "\u0d9a\u0ddc\u0dc0\u0dd4\u0dbd\u0dcf \u0d85\u0db8\u0dad\u0db1\u0dd4 \u0db1\u0dd1 \u0db8\u0da7 \u0d87\u0dc3\u0dd4\u0db1\u0dda\r\n\u0dc4\u0dd2\u0db8\u0dd2\u0daf\u0dd2\u0dbb\u0dd2 \u0dba\u0dcf\u0db8\u0dda\r\n\u0dc3\u0dd2\u0dad \u0db8\u0dcf \u0dad\u0dd2\u0db6\u0dd4\u0db1\u0dda \u0d9a\u0ddc\u0dad\u0dd0\u0db1\u0dda\r\n\u0db4\u0dd2\u0db4\u0dd9\u0db1\u0dcf \u0db8\u0dbd\u0dca \u0db4\u0dd9\u0dad\u0dd2 \u0db1\u0dd1 \u0db8\u0da7 \u0db4\u0dd9\u0db1\u0dd4\u0db1\u0dda\r\n\u0db4\u0dd2\u0dba\u0d9a\u0dbb\u0dd4 \u0d8b\u0daf\u0dba\u0dda\r\n\u0d94\u0db6 \u0db8\u0dcf \u0d87\u0dc3\u0dd4\u0dbb\u0dda \u0d8b\u0db1\u0dca\u0db1\u0dda\r\n\u0db1\u0ddc\u0db1\u0dd2\u0daf\u0dcf \u0daf\u0d9a\u0dd2\u0db1\u0dcf \u0dc3\u0dd2\u0dc4\u0dd2\u0db1\u0dda\n\r\n\u0db8\u0dd3\u0daf\u0dd4\u0db8 \u0dc3\u0dda \u0d9c\u0dbd\u0db1\u0dcf \u0dc3\u0dd3\u0dad\u0dbd \u0d9a\u0daf\u0dd4\u0dba\u0dcf\u0dba\u0dda \r\n\u0db8\u0dcf \u0daf\u0dd9\u0db1\u0dad\u0dda \u0dc3\u0dd0\u0d9c\u0dc0\u0dd3 \u0dba\u0db8\u0dca\u0daf\u0dcf\u0d9a\u0daf\u0dd3 \u0d94\u0db6 \u0dba\u0dcf\u0dc0\u0dd2\r\n\u0db1\u0dd1 \u0db1\u0dd9\u0daf\u0dd0\u0dba\u0dd2 \u0d9a\u0dd2\u0dba\u0db1\u0dca \u0dc5\u0daf\u0dda\n\r\n\u0d9a\u0ddc\u0dc0\u0dd4\u0dbd\u0dcf \u0d85\u0db8\u0dad\u0db1\u0dd4 \u0db1\u0dd1 \u0db8\u0da7 \u0d87\u0dc3\u0dd4\u0db1\u0dda\r\n\u0dc4\u0dd2\u0db8\u0dd2\u0daf\u0dd2\u0dbb\u0dd2 \u0dba\u0dcf\u0db8\u0dda\r\n\u0dc3\u0dd2\u0dad \u0db8\u0dcf \u0dad\u0dd2\u0db6\u0dd4\u0db1\u0dda \u0d9a\u0ddc\u0dad\u0dd0\u0db1\u0dda\n\r\n\u0d86\u0daf\u0dbb\u0dba\u0dda \u0d8b\u0dba\u0db1\u0dda \u0db8\u0dda \u0dc4\u0dd0\u0da7\u0dd2 \u0db8\u0dbd\u0dca \u0db4\u0dd2\u0db4\u0dd4\u0db1\u0dda\r\n\u0d9a\u0dcf \u0dc4\u0dd2\u0db1\u0dca\u0daf\u0daf \u0dc5\u0daf\u0dd4\u0db1\u0dda \u0db8\u0dbd\u0dca \u0db8\u0d82\u0da9\u0db4 \u0dc3\u0dd9\u0dc0\u0db1\u0dd0\u0dbd\u0dca\u0dbd\u0dda\r\n\u0db8\u0dcf \u0d89\u0db1\u0dca\u0db1\u0db8\u0dca \u0db8\u0d9c\u0dda \u0dc3\u0dd2\u0dc4\u0dd2\u0db1\u0dda\n\r\n\u0d9a\u0ddc\u0dc0\u0dd4\u0dbd\u0dcf \u0d85\u0db8\u0dad\u0db1\u0dd4........"
    },
    {
        "uuid": "53b84a9e-8a1f-11e9-bbf0-3863bb98c88b",
        "song": "Kulagedarin Dumbara Kandu Watiye ",
        "singer": "Bandula Wijeweera ",
        "lyricUnicode": "\u0d9a\u0dd4\u0dbd \u0d9c\u0dd9\u0daf\u0dbb\u0dd2\u0db1\u0dca \u0daf\u0dd4\u0db8\u0dca\u0db6\u0dbb \u0d9a\u0db3\u0dd4 \u0dc0\u0dd0\u0da7\u0dd2\u0dba\u0dda\r\n(\u0db4\u0dad\u0dd2 \u0d9a\u0dd4\u0dbd\u0dba\u0da7 \u0d85\u0daf)\r\n\u0d9a\u0dd0\u0db1\u0dca\u0daf\u0db1\u0dca \u0d91\u0db1\u0dc0\u0dcf \u0daf\u0dd4\u0db8\u0dca\u0db6\u0dbb \u0db8\u0dd0\u0dab\u0dd2\u0d9a\u0dda\r\n\u0db8\u0db1\u0dd4 \u0d9a\u0dd4\u0dbd \u0dc3\u0dd2\u0dbb\u0dd2\u0dad\u0da7 \u0db4\u0dad\u0dd2 \u0d9a\u0dd4\u0dbd\u0dba\u0da7 \u0d85\u0daf\r\n\u0d9a\u0dd0\u0db1\u0dca\u0daf\u0db1\u0dca \u0d91\u0db1\u0dc0\u0dcf \u0daf\u0dd4\u0db8\u0dca\u0db6\u0dbb \u0db8\u0dd0\u0dab\u0dd2\u0d9a\u0dda //\n\r\n\u0dc0\u0db1 \u0dbd\u0db1\u0dca\u0daf\u0dd9 \u0dc4\u0dd0\u0d82\u0d9c\u0dd4\u0dab\u0dd4 \u0db8\u0dd6\u0dab\u0dd4 \u0db4\u0ddc\u0da9\u0dca\u0da9\u0d9a\u0dca \r\n\u0d9a\u0ddd\u0dbd \u0dc0\u0dd9\u0dba\u0dd2 \u0d9c\u0db8\u0dca \u0db8\u0dab\u0dca\u0da9\u0dd2\u0dba\u0dda\r\n\u0d9c\u0dc4 \u0dc0\u0dd0\u0dbd\u0dca \u0db4\u0dd2\u0db4\u0dd3 \u0dc3\u0dd4\u0dc0\u0db3\u0dd2\u0db1\u0dca \u0db4\u0dd2\u0dbb\u0dd3 \u0d85\u0daf\r\n\u0db4\u0dd9\u0db8\u0dca \u0d9a\u0dd9\u0dc5\u0dd2 \u0dc0\u0dd0\u0dc0\u0dca \u0d9a\u0dab\u0dca\u0da9\u0dd2\u0dba\u0dda //\n\r\n\u0dc0\u0dcf\u0dc3\u0db1\u0dcf\u0dc0\u0db1\u0dca \u0dc4\u0dbb\u0dd2 \u0dc0\u0dcf\u0dc3\u0db1\u0dcf\u0dc0\u0db1\u0dca ////\n\r\n\u0d9a\u0dd4\u0dbd \u0d9c\u0dd9\u0daf\u0dbb\u0dd2\u0db1\u0dca...\n\r\n\u0daf\u0db9 \u0dbb\u0dad\u0dca\u0dad\u0dbb\u0d82 \u0dc4\u0dd0\u0da9 \u0daf\u0dcf \u0dc3\u0ddc\u0db3\u0dd2\u0db1\u0dca \u0d9a\u0dc5\r\n\u0dbb\u0dd6\u0db4\u0dba\u0d9a\u0dca \u0d87\u0db9\u0dd4\u0db8\u0d9a\u0dca \u0dc0\u0d9c\u0dd9\u0dba\u0dd2\r\n\u0d94\u0dc4\u0dd9 \u0d87\u0dc3\u0dca \u0dc0\u0dc4\u0d9a\u0dca \u0db1\u0dd0\u0dad \u0dc4\u0ddd \u0dc0\u0dc4\u0d9a\u0dca \u0db1\u0dd0\u0dad\r\n\u0d86\u0d9a\u0dc4\u0dda \u0dad\u0dbb\u0dd4\u0dc0\u0d9a\u0dca \u0dc0\u0d9c\u0dd9\u0dba\u0dd2 //\n\r\n\u0dc0\u0dcf\u0dc3\u0db1\u0dcf\u0dc0\u0db1\u0dca \u0dc4\u0dbb\u0dd2 \u0dc0\u0dcf\u0dc3\u0db1\u0dcf\u0dc0\u0db1\u0dca ////\n\r\n\u0d9a\u0dd4\u0dbd \u0d9c\u0dd9\u0daf\u0dbb\u0dd2\u0db1\u0dca... //\n\r\n\u0dc0\u0dcf\u0dc3\u0db1\u0dcf\u0dc0\u0db1\u0dca \u0dc4\u0dbb\u0dd2 \u0dc0\u0dcf\u0dc3\u0db1\u0dcf\u0dc0\u0db1\u0dca ////"
    },
    {
        "uuid": "57823180-8a1f-11e9-a75e-3863bb98c88b",
        "song": "Kumbuk Gahe Mal Pipila Babaru Rangana Range ",
        "singer": "Sunil Edirisinghe ",
        "lyricUnicode": "\u0d9a\u0dd4\u0db9\u0dd4\u0d9a\u0dca \u0d9c\u0dc4\u0dda \u0db8\u0dbd\u0dca \u0db4\u0dd2\u0db4\u0dd2\u0dbd\u0dcf \u0db6\u0db9\u0dbb\u0dd4 \u0dbb\u0d9f\u0db1 \u0dbb\u0d9f\u0dda\r\n\u0dad\u0dd2\u0db9\u0dd2\u0dbb\u0dd2 \u0d89\u0daf\u0dd3 \u0dbb\u0dad\u0dd4 \u0db4\u0dcf\u0da7\u0dd2\u0db1\u0dca \u0db5\u0dbd \u0db6\u0dbb\u0dc0\u0dd3 \u0db1\u0dd0\u0db8\u0dda\r\n\u0dc4\u0dd2\u0dad \u0d89\u0d9c\u0dd2\u0dbd\u0dd9\u0dba\u0dd2 \u0d92\u0daf\u0dab\u0dca\u0da9\u0dd9\u0db1\u0dca \u0dc3\u0db8\u0db1\u0dbd\u0dca \u0d9a\u0dd0\u0dbd \u0db4\u0ddc\u0dbb\u0dda\r\n\u0dc3\u0dd4\u0daf\u0dca\u0daf\u0dd2 \u0db1\u0d9c\u0dda \u0db1\u0dd4\u0db9\u0dd9 \u0dc4\u0dd2\u0db1\u0dcf\u0dc0 \u0d89\u0daf\u0dca\u0daf \u0d9a\u0dd0\u0d9a\u0dd4\u0dc5\u0dd4 \u0dc0\u0d9c\u0dda\r\n\u0dc3\u0dd4\u0daf\u0dca\u0daf\u0dd2 \u0db1\u0d9c\u0dda \u0db1\u0dd4\u0db9\u0dd9 \u0dc4\u0dd2\u0db1\u0dcf\u0dc0 \u0d89\u0daf\u0dca\u0daf \u0d9a\u0dd0\u0d9a\u0dd4\u0dc5\u0dd4 \u0dc0\u0d9c\u0dda\n\r\n\u0dc0\u0d9a\u0dca\u0d9a\u0dbd\u0db8\u0dda \u0dad\u0ddc\u0da7\u0db8\u0dd4\u0dab \u0dc5\u0d9f \u0daf\u0dd2\u0dba\u0dbb\u0dc5 \u0dc3\u0dd0\u0da9 \u0db1\u0dd0\u0dad\u0dda\r\n\u0d9c\u0dc4\u0dbd \u0dc0\u0dd0\u0dbd\u0dda \u0db8\u0dbd\u0dca \u0db4\u0dd2\u0db4\u0dd2\u0dbd\u0dcf \u0d86\u0dbb\u0dd4\u0d9a\u0dca\u0d9a\u0dd4\u0dc0 \u0db1\u0dd0\u0db8\u0dda\r\n\u0dbd\u0dd0\u0da2\u0dca\u0da2\u0dcf\u0dc0\u0dd9\u0db1\u0dca \u0db8\u0dd4\u0dc0 \u0dbb\u0dad\u0dd4 \u0dc0\u0dd3 \u0db1\u0dd9\u0dad\u0dca \u0d94\u0db6\u0dcf\u0db1 \u0d9c\u0dd2\u0dbd\u0dda\r\n\u0db1\u0dcf\u0db1 \u0dad\u0ddc\u0da7\u0dd9\u0db1\u0dca \u0db1\u0dd4\u0db9 \u0dba\u0db1\u0dc0\u0daf \u0db8\u0dd3 \u0db8\u0dbd\u0dca \u0dc0\u0dd0\u0dc4\u0dd2 \u0db4\u0ddc\u0daf\u0dda\r\n\u0db1\u0dcf\u0db1 \u0dad\u0ddc\u0da7\u0dd9\u0db1\u0dca \u0db1\u0dd4\u0db9 \u0dba\u0db1\u0dc0\u0daf \u0db8\u0dd3 \u0db8\u0dbd\u0dca \u0dc0\u0dd0\u0dc4\u0dd2 \u0db4\u0ddc\u0daf\u0dda\n\r\n\u0d9a\u0dd4\u0db9\u0dd4\u0d9a\u0dca \u0d9c\u0dc4\u0dda \u0db8\u0dbd\u0dca \u0db4\u0dd2\u0db4\u0dd2\u0dbd\u0dcf...\n\r\n\u0d8b\u0dab \u0db4\u0db3\u0dd4\u0dbb\u0dda \u0dc3\u0dd2\u0dbd\u0dd2 \u0dc3\u0dd2\u0dbd\u0dd2\u0dba\u0dd9\u0db1\u0dca \u0db8\u0dd4\u0db8\u0dd4\u0dab\u0db1 \u0dc3\u0dd3\u0db4\u0daf\u0dda\r\n\u0db8\u0da7 \u0dc0\u0dd2\u0dad\u0dbb\u0d9a\u0dca \u0d87\u0dc4\u0dd4\u0db1\u0db8 \u0d87\u0dba\u0dd2 \u0dc4\u0ddc\u0db3 \u0db1\u0dd0\u0dad\u0dd2\u0dc0\u0daf \u0db1\u0d9c\u0dda\r\n\u0dc4\u0dd2\u0dad\u0d9a\u0da7 \u0db8\u0d82 \u0db8\u0dda \u0dad\u0dbb\u0db8\u0dca\u0db8 \u0d91\u0db6\u0dd2\u0d9a\u0db8\u0dca \u0d9a\u0dbb \u0db1\u0dd0\u0dad\u0dda\r\n\u0d89\u0dbd\u0dd6\u0d9a\u0dca \u0db8\u0dbd\u0d9a\u0dca \u0dc0\u0dd9\u0db1\u0dca\u0da7 \u0d91\u0db4\u0dcf \u0dc4\u0dd2\u0dad\u0dca \u0d89\u0dc0\u0dd4\u0dbb\u0dda \u0db8\u0d9c\u0dda\r\n\u0d89\u0dbd\u0dd6\u0d9a\u0dca \u0db8\u0dbd\u0d9a\u0dca \u0dc0\u0dd9\u0db1\u0dca\u0da7 \u0d91\u0db4\u0dcf \u0dc4\u0dd2\u0dad\u0dca \u0d89\u0dc0\u0dd4\u0dbb\u0dda \u0db8\u0d9c\u0dda\n\r\n\u0d9a\u0dd4\u0db9\u0dd4\u0d9a\u0dca \u0d9c\u0dc4\u0dda \u0db8\u0dbd\u0dca \u0db4\u0dd2\u0db4\u0dd2\u0dbd\u0dcf..."
    },
    {
        "uuid": "5c376b0c-8a1f-11e9-aa19-3863bb98c88b",
        "song": "Kusuma Obai Sakman Kale ",
        "singer": "Namal Udugama ",
        "lyricUnicode": "\u0d9a\u0dd4\u0dc3\u0dd4\u0db8 \u0d94\u0db6\u0dba\u0dd2 \u0dc3\u0d9a\u0dca\u0db8\u0db1\u0dca \u0d9a\u0dc5\u0dda \r\n\u0d89\u0d9a\u0dca\u0db8\u0db1\u0dca \u0dc0\u0dd9\u0dbd\u0dcf \u0d86\u0daf\u0dbb\u0dda\r\n\u0db1\u0db4\u0dd4\u0dbb\u0dd4 \u0db1\u0dd2\u0dc3\u0dba\u0dd2 \u0db8\u0dbd\u0dca \u0db8\u0dcf\u0dc0\u0dad\u0dda \r\n\u0db8\u0dcf \u0dc4\u0dd0\u0dbb \u0daf\u0db8\u0dcf \u0d9c\u0dd2\u0dba\u0dda //  \t\n\r\n\u0db1\u0dd2\u0dbd\u0dd6\u0db4\u0dd4\u0dbd\u0dca \u0db1\u0dd9\u0dad\u0dd2\u0db1\u0dca \u0db8\u0dcf \u0dbb\u0dd0\u0dc0\u0da7\u0dd6 \u0daf\u0dd2\u0db1\u0dda\r\n\u0d9a\u0db3\u0dd4\u0dc5\u0dd2\u0db1\u0dca \u0db4\u0dd2\u0dc3\u0daf\u0dcf \u0dc3\u0dd9\u0db1\u0dda\r\n\u0dc4\u0daf \u0db8\u0dbd\u0dca \u0dc0\u0dd2\u0dbd\u0dda \u0db4\u0dd9\u0db8 \u0dc3\u0d9f\u0dc0\u0dcf \u0dad\u0dd2\u0dba\u0dcf \r\n\u0dc3\u0dd4\u0dbb\u0d9a\u0dd2\u0db1\u0dca\u0db1\u0daf\u0ddd \u0d9a\u0dd4\u0db8\u0dbb\u0dd2\u0dba\u0dda //\n\r\n\u0d9a\u0dd4\u0dc3\u0dd4\u0db8 \u0d94\u0db6\u0dba\u0dd2....\n\r\n\u0dc3\u0d82\u0d9a\u0dcf \u0dc3\u0dd2\u0dad\u0dd2\u0db1\u0dca \u0dbb\u0dd1 \u0dc0\u0dd0\u0dc5\u0db4\u0dd3 \u0dc4\u0dac\u0dcf\r\n\u0dc0\u0dd9\u0db1\u0dca\u0dc0\u0dda\u0daf \u0dc3\u0dd2\u0dad\u0dd4\u0dc0\u0dcf \u0db1\u0ddc\u0dc0\u0dda\r\n\u0db8\u0d9c\u0dd9 \u0db1\u0db8\u0dca \u0dc4\u0dd2\u0dad\u0dda \u0d9a\u0dd2\u0dc3\u0dd2 \u0dc0\u0dd9\u0db1\u0dc3\u0d9a\u0dca \u0db1\u0dd0\u0dad\u0dda\r\n\u0db8\u0dcf \u0dba\u0db1\u0dca\u0db1\u0dda \u0db1\u0dd1 \u0d9a\u0dd4\u0db8\u0dbb\u0dd2\u0dba\u0dda //\n\r\n\u0d9a\u0dd4\u0dc3\u0dd4\u0db8 \u0d94\u0db6\u0dba\u0dd2....  //       "
    },
    {
        "uuid": "5d378834-8a1f-11e9-aa3b-3863bb98c88b",
        "song": "Kuweni (Kuweniye Ma Kuweniye) ",
        "singer": "Ridma Weerawardena ",
        "lyricUnicode": "\u0d9a\u0dd4\u0dc0\u0dda\u0dab\u0dd2\u0dba\u0dda \u0db8\u0dcf \u0d9a\u0dd4\u0dc0\u0dda\u0dab\u0dd2\u0dba\u0dda \u0db8\u0db8 \u0dad\u0db8\u0dca\u0db8\u0dd0\u0db1\u0dca\u0db1\u0dcf \u0d91\u0db1\u0dc0\u0dcf\r\n\u0dbb\u0dd6\u0db6\u0dbb\u0dd2\u0dba\u0dda \u0db8\u0dcf \u0dbb\u0dd6\u0db6\u0dbb\u0dd2\u0dba\u0dda \u0db8\u0db8 \u0d86\u0dbd\u0dda \u0dc3\u0ddc\u0dba\u0dcf \u0d91\u0db1\u0dc0\u0dcf\r\n\u0dc3\u0dc5\u0dd4\u0dc0 \u0d85\u0dbb\u0db1\u0dca \u0d9c\u0dd9\u0da7 \u0db4\u0dbd\u0dba\u0db1\u0dca \u0d9a\u0dd4\u0db8\u0dbb\u0dd2\u0dba\r\n\u0db1\u0dd0\u0dc0\u0d9a \u0db1\u0dd0\u0d9c\u0dd3 \u0db8\u0dbb\u0dd4 \u0d91\u0db1\u0dc0\u0dcf \u0d9a\u0dd4\u0db8\u0dbb\u0dd2\u0dba\n\r\n\u0d9a\u0dd4\u0dc0\u0dda\u0dab\u0dd2\u0dba\u0dda \u0db8\u0dcf \u0d9a\u0dd4\u0dc0\u0dda\u0dab\u0dd2\u0dba\u0dda \u0db8\u0db8 \u0dad\u0db8\u0dca\u0db8\u0dd0\u0db1\u0dca\u0db1\u0dcf \u0d91\u0db1\u0dc0\u0dcf\r\n\u0dbb\u0dd6\u0db6\u0dbb\u0dd2\u0dba\u0dda \u0db8\u0dcf \u0dbb\u0dd6\u0db6\u0dbb\u0dd2\u0dba\u0dda \u0db8\u0db8 \u0d86\u0dbd\u0dda \u0dc3\u0ddc\u0dba\u0dcf \u0d91\u0db1\u0dc0\u0dcf\n\r\n\u0dc0\u0dd2\u0dba\u0dd6 \u0dc3\u0dbd\u0dd4\u0dc0 \u0db1\u0ddc\u0db8 \u0dc4\u0dd0\u0dbb\u0dba\u0db1\u0dca \u0d9a\u0dd4\u0dc0\u0dda\u0dab\u0dd2\u0dba\u0dda\r\n\u0dbd\u0dcf\u0da7 \u0dbb\u0da7\u0dd2\u0db1\u0dca \u0daf\u0ddc\u0dc3\u0dca \u0db4\u0dd0\u0dc0\u0dbb\u0dd9\u0dba\u0dd2 \u0d9a\u0dd4\u0dc0\u0dda\u0dab\u0dd2\u0dba\u0dda\r\n\u0d9a\u0dd2\u0dbd\u0dd2\u0da7\u0dd2 \u0daf\u0dd9\u0db4\u0dcf \u0db8\u0da9 \u0dad\u0dc0\u0dbb\u0dba\u0dd2 \u0d9a\u0dd4\u0dc0\u0dda\u0dab\u0dd2\u0dba\u0dda\r\n\u0dc0\u0dd0\u0dc3\u0dca\u0dc3 \u0dc0\u0dd0\u0da7\u0dd3 \u0dad\u0dd9\u0dad \u0dad\u0dd0\u0dc0\u0dbb\u0dd9\u0dba\u0dd2 \u0d9a\u0dd4\u0dc0\u0dda\u0dab\u0dd2\u0dba\u0dda\n\r\n\u0db1\u0dd2\u0dbb\u0dd2\u0db3\u0dd4\u0db1\u0dca \u0db1\u0dd4\u0db6\u0dda \u0d86\u0dbd\u0dda \u0db1\u0dd2\u0dc3\u0dcf\r\n\u0db6\u0ddc\u0dc4\u0ddc \u0dc0\u0dd2\u0db4\u0dad\u0d9a\u0dca \u0dc0\u0dd9\u0db1\u0dcf \u0db1\u0ddc\u0dc0\u0da9\u0dd2\u0db1\u0dca \u0dc3\u0daf\u0dcf\r\n\u0db8\u0dad\u0dd4 \u0db7\u0dc0\u0dba\u0dda \u0db8\u0dcf \u0dc4\u0db8\u0dd4\u0dc0\u0db1 \u0dad\u0dd4\u0dbb\u0dcf\r\n\u0d86\u0dbd\u0dda \u0db4\u0dc3\u0dd9\u0d9a \u0dbd\u0dcf \u0dc4\u0dd2\u0db3\u0dd2\u0db8\u0dd2 \u0db8\u0dd9\u0db8\u0dcf\n\r\n\u0dc3\u0dbd\u0dd4\u0dc0 \u0d85\u0dbb\u0db1\u0dca \u0d9c\u0dd9\u0da7 \u0db4\u0dbd\u0dba\u0db1\u0dca \u0d9a\u0dd4\u0db8\u0dbb\u0dd2\u0dba\r\n\u0db1\u0dd0\u0dc0\u0d9a \u0db1\u0dd0\u0d9c\u0dd3 \u0db8\u0dbb\u0dd4 \u0d91\u0db1\u0dc0\u0dcf \u0d9a\u0dd4\u0db8\u0dbb\u0dd2\u0dba\n\r\n\u0d9a\u0dd4\u0dc0\u0dda\u0dab\u0dd2\u0dba\u0dda \u0db8\u0dcf \u0d9a\u0dd4\u0dc0\u0dda\u0dab\u0dd2\u0dba\u0dda \u0db8\u0db8\r\n\u0dad\u0db8\u0dca\u0db8\u0dd0\u0db1\u0dca\u0db1\u0dcf \u0d91\u0db1\u0dc0\u0dcf\r\n\u0dbb\u0dd6\u0db6\u0dbb\u0dd2\u0dba\u0dda \u0db8\u0dcf \u0dbb\u0dd6\u0db6\u0dbb\u0dd2\u0dba\u0dda \u0db8\u0db8\r\n\u0d86\u0dbd\u0dda \u0dc3\u0ddc\u0dba\u0dcf \u0d91\u0db1\u0dc0\u0dcf\n\r\n\u0db1\u0dd2\u0dbb\u0dd2\u0db3\u0dd4\u0db1\u0dca \u0db1\u0dd4\u0db6\u0dda \u0d86\u0dbd\u0dda \u0db1\u0dd2\u0dc3\u0dcf\r\n\u0db6\u0ddc\u0dc4\u0ddc \u0dc0\u0dd2\u0db4\u0dad\u0d9a\u0dca \u0dc0\u0dd9\u0db1\u0dcf \u0db1\u0ddc\u0dc0\u0da9\u0dd2\u0db1\u0dca \u0dc3\u0daf\u0dcf\r\n\u0db8\u0dad\u0dd4 \u0db7\u0dc0\u0dba\u0dda \u0db8\u0dcf \u0dc4\u0db8\u0dd4\u0dc0\u0db1 \u0dad\u0dd4\u0dbb\u0dcf\r\n\u0d86\u0dbd\u0dda \u0db4\u0dc3\u0dd9\u0d9a \u0dbd\u0dcf \u0dc4\u0dd2\u0db3\u0dd2\u0db8\u0dd2 \u0db8\u0dd9\u0db8\u0dcf"
    }
]