[
    {
        "uuid": "6013f9ac-8a1f-11e9-a17c-3863bb98c88b",
        "song": "Labendiye (Oba Enna Sulage Dawatila) ",
        "singer": "Lahiru Perera ",
        "lyricUnicode": "\u0d94\u0db6 \u0d91\u0db1\u0dca\u0db1 \u0dc3\u0dd4\u0dc5\u0d9f\u0dda \u0daf\u0dd0\u0dc0\u0da7\u0dd2\u0dbd\u0dcf\r\n\u0db8\u0dcf \u0d89\u0db1\u0dca\u0db1\u0dda \u0d94\u0db6 \u0daf\u0dd0\u0db1\u0dca \u0d91\u0dba\u0dd2 \u0d9a\u0dd2\u0dba\u0dcf\r\n\u0dc3\u0dd4\u0daf\u0dd4 \u0dc4\u0d82\u0dc3 \u0dad\u0da7\u0dd4\u0dc0\u0dda \u0dc3\u0dd0\u0dad\u0db4\u0dd2\u0dbd\u0dcf\r\n\u0db4\u0dd9\u0db8\u0dca \u0d9a\u0dbb\u0db8\u0dd4 \u0dbb\u0dc4\u0dc3\u0dda \u0dc3\u0dd0\u0d9f\u0dc0\u0dd2\u0dbd\u0dcf\n\r\n\u0dbd\u0db6\u0dd0\u0db3\u0dd2\u0dba\u0dda \u0dbd\u0db6\u0dd0\u0db3\u0dd2\u0dba\u0dda\r\n\u0db8\u0dcf \u0dc3\u0dd2\u0dad\u0dd2\u0db1\u0dca \u0dc3\u0dd2\u0dbb\u0d9a\u0dbd\u0dcf\r\n\u0dbd\u0db6\u0dd0\u0db3\u0dd2\u0dba\u0dda \u0dbd\u0db6\u0dd0\u0db3\u0dd2\u0dba\u0dda\r\n\u0db8\u0dcf \u0dc3\u0dd2\u0dad\u0dd2\u0db1\u0dca \u0db4\u0dd9\u0db8\u0dca\u0d9a\u0dbd\u0dcf\n\r\n\u0db1\u0dcf \u0daf\u0dbd\u0dca\u0dbd \u0dc0\u0dcf\u0d9c\u0dda \u0daf\u0dd2\u0daf\u0dd4\u0dbd\u0db1\u0dcf\r\n\u0db8\u0dd4\u0daf\u0dd4 \u0dc4\u0dcf\u0daf\u0dd4 \u0dc0\u0dd0\u0dc3\u0dca\u0dc3\u0dd9\u0db1\u0dca \u0db8\u0dcf \u0dad\u0dd9\u0db8\u0dcf\r\n\u0d94\u0dba \u0daf\u0dd9\u0dad\u0ddc\u0dbd\u0dca \u0d85\u0dad\u0dbb\u0dda \u0dc3\u0dd2\u0dbb \u0dc0\u0dd9\u0dbd\u0dcf\r\n\u0db8\u0da7 \u0d89\u0db1\u0dca\u0db1 \u0d87\u0dad\u0dca\u0db1\u0db8\u0dca \u0dad\u0db1\u0dd2 \u0dc0\u0dd9\u0dbd\u0dcf\n\r\n\u0dbd\u0db6\u0dd0\u0db3\u0dd2\u0dba\u0dda...\n\r\n\u0d9a\u0dd2\u0dbb\u0dd2 \u0d9a\u0dc0\u0da9\u0dd2 \u0db8\u0dcf\u0dbd\u0dda \u0db8\u0dcf \u0d9c\u0ddc\u0dad\u0dcf\r\n\u0d94\u0dba \u0d9c\u0dd9\u0dbd\u0dda \u0db4\u0dc5\u0db3\u0dcf \u0dc4\u0dd0\u0da9 \u0db6\u0dbd\u0dcf\r\n\u0db8\u0dcf \u0dc0\u0dd2\u0db1\u0dca\u0db3 \u0dc3\u0dad\u0dd4\u0da7\u0dda \u0db1\u0dd2\u0db8\u0dca \u0dc3\u0ddc\u0dba\u0dcf\r\n\u0d94\u0db6 \u0dba\u0db1\u0dca\u0db1 \u0dc3\u0dd4\u0dc5\u0d9f\u0dda \u0d85\u0db4 \u0daf\u0db8\u0dcf\n\r\n\u0dbd\u0db6\u0dd0\u0db3\u0dd2\u0dba\u0dda..."
    },
    {
        "uuid": "64fb1a82-8a1f-11e9-9695-3863bb98c88b",
        "song": "Lande Ukula Uda Ninda Gihin Hiti ",
        "singer": "Jackson Anthony ",
        "lyricUnicode": "\u0dbd\u0db1\u0dca\u0daf\u0dda \u0d8b\u0d9a\u0dd4\u0dbd \u0d8b\u0da9 \u0db1\u0dd2\u0db1\u0dca\u0daf \u0d9c\u0dd2\u0dc4\u0dd2\u0db1\u0dca \u0dc4\u0dd2\u0da7\u0dd2\r\n\u0d91\u0dbb\u0db6\u0daf\u0dd4 \u0d87\u0dc4\u0dd0 \u0d87\u0dbb\u0dd2\u0dbd\u0dcf \u0d85\u0db1\u0dca\u0db1 \u0dc4\u0dd2\u0db1\u0dcf\u0dc0\u0dd9\u0db1\u0dc0\u0dcf\r\n\u0dbd\u0db1\u0dca\u0daf\u0dda \u0d8b\u0d9a\u0dd4\u0dbd \u0d8b\u0da9 \u0db1\u0dd2\u0db1\u0dca\u0daf \u0d9c\u0dd2\u0dc4\u0dd2\u0db1\u0dca \u0dc4\u0dd2\u0dd2\u0da7\u0dd2\r\n\u0d91\u0dbb\u0db6\u0daf\u0dd4 \u0d87\u0dc4\u0dd0 \u0d87\u0dbb\u0dd2\u0dbd\u0dcf //\n\r\n\u0db1\u0dd3\u0dbd \u0d9a\u0ddc\u0d9b\u0dd9\u0dba\u0dd2 \u0db4\u0dd0\u0da7\u0dd2\u0dba\u0db1\u0dca\u0da7 \u0d87\u0daf\u0dd4\u0db8\u0dca\r\n\u0db8\u0dd4\u0dad\u0dd4 \u0db8\u0dcf\u0dbd \u0db4\u0ddc\u0da7\u0d9a\u0dca \u0d9c\u0dd2\u0dbb\u0dc0\u0dd4\u0db1\u0dca\u0da7 \u0d85\u0dbb\u0db1\u0dca //\r\n\u0dbb\u0dad\u0dca\u0dad\u0dbb\u0db1\u0dca \u0db4\u0dcf\u0da7 \u0d9a\u0db8\u0dad\u0da7 \u0d89\u0dc4\u0dbd\u0dd2\u0db1\u0dca //\r\n\u0d9a\u0db1\u0dca\u0daf \u0d8b\u0da9\u0dd2\u0db1\u0dca \u0d91\u0db1 \u0d9c\u0ddd\u0db8\u0dbb\u0dd2\u0dba\u0dda \r\n\u0daf\u0dd0\u0db1\u0dca \u0d9c\u0db8\u0da7 \u0dc0\u0dbb\u0dd9\u0db1\u0dca \u0daf\u0dd0\u0db1\u0dca \u0d9c\u0db8\u0da7 \u0dc0\u0dbb\u0dd9\u0db1\u0dca\n\r\n\u0dbd\u0db1\u0dca\u0daf\u0dda \u0d8b\u0d9a\u0dd4\u0dbd \u0d8b\u0da9...\n\r\n\u0db4\u0db1\u0dca\u0dc3\u0dbd\u0dca \u0d9a\u0db1\u0dca\u0daf\u0da7 \u0dc3\u0dd2\u0dbb\u0dc3 \u0db1\u0db8\u0db1\u0dca \r\n\u0d89\u0dbb \u0daf\u0dd9\u0dba\u0dd2\u0dba\u0ddc \u0d87\u0dc0\u0dd2\u0dad\u0dca \u0db1\u0dc0\u0dad\u0dcf \u0dc3\u0d9a\u0dca\u0db8\u0db1\u0dca //\r\n\u0dad\u0dd9\u0dbd\u0dca \u0daf\u0dd0\u0db8\u0dd4\u0dc0 \u0daf\u0ddc\u0dbd\u0ddc\u0dc3\u0dca \u0db8\u0dc4 \u0db4\u0dc4\u0db1\u0dca \u0dc0\u0dd0\u0da7\u0dd9\u0db1\u0dca //\r\n\u0d9c\u0db8 \u0dbb\u0da7 \u0d91\u0db1\u0dc0\u0daf \u0db4\u0dcf\u0db1\u0dca\u0daf\u0dbb\u0dd2\u0db1\u0dca \r\n\u0dbb\u0db1\u0dca \u0d91\u0dbd\u0dd2\u0dba \u0d85\u0dbb\u0db1\u0dca \u0dbb\u0db1\u0dca \u0d91\u0dbd\u0dd2\u0dba \u0d85\u0dbb\u0db1\u0dca\n\r\n\u0dbd\u0db1\u0dca\u0daf\u0dda \u0d8b\u0d9a\u0dd4\u0dbd \u0d8b\u0da9... //"
    },
    {
        "uuid": "66fb0d9e-8a1f-11e9-97cc-3863bb98c88b",
        "song": "Lasowin Nosali ",
        "singer": "Nirosha Virajini ",
        "lyricUnicode": "\u0dbd\u0dc3\u0ddc\u0dc0\u0dd2\u0db1\u0dca \u0dc3\u0dc3\u0dd0\u0dbd\u0dd3\r\n\u0d9a\u0dc5\u0dd4 \u0dc0\u0dc5\u0dcf \u0d87\u0dc0\u0dd2\u0dad\u0dca\r\n\u0dc3\u0dd2\u0dad \u0db1\u0dd2\u0dc0\u0dcf \u0daf\u0dd0\u0db8\u0dd6\u0dc0\u0dad\u0dca \u0da2\u0dd3\u0dc0\u0dd2\u0dad\u0dba\u0dda\r\n\u0db4\u0dd4\u0dbb \u0db4\u0dc3 \u0dc3\u0db3 \u0dc0\u0dd3 \u0db4\u0dcf\u0dba\u0dcf\u0dc0\u0dd3\r\n\u0d94\u0db6 \u0db8\u0d9c\u0dda \u0dc5\u0d9f\u0dd2\u0db1\u0dca\n\r\n\u0d9c\u0d9f \u0daf\u0dd2\u0dba \u0d91\u0dbb\u0dd9\u0dc4\u0dd2\u0dc0 \u0dba\u0db1 \u0d9c\u0db8\u0db1\u0dda\r\n\u0db8\u0dd2\u0db8\u0dd2\u0dab\u0dd6 \u0d9c\u0dd3\u0dba\u0d9a \u0dad\u0dc0\u0dbb\u0dcf\u0dc0\u0dd3 //\r\n\u0d94\u0db6 \u0db8\u0d9c\u0dda \u0d9a\u0dd2\u0dba\u0dcf //\n\r\n\u0dbd\u0dc3\u0ddc\u0dc0\u0dd2\u0db1\u0dca \u0dc3\u0dc3\u0dd0\u0dbd\u0dd3......\n\r\n\u0db1\u0dbd \u0dbb\u0dd0\u0dbd \u0d85\u0dad\u0dd4 \u0d89\u0dad\u0dd2 \u0db8\u0dad \u0daf\u0dd0\u0dc0\u0da7\u0dd3\r\n\u0dbb\u0dc4\u0dc3\u0dd2\u0db1\u0dca \u0dc5\u0d82\u0dc0\u0dd3 \u0db4\u0dc0\u0dc3\u0dcf\u0dc0\u0dd3 //\r\n\u0d85\u0db4\u0dd2 \u0d85\u0db4\u0dda \u0d9a\u0dd2\u0dba\u0dcf //\n\r\n\u0dbd\u0dc3\u0ddc\u0dc0\u0dd2\u0db1\u0dca \u0dc3\u0dc3\u0dd0\u0dbd\u0dd3......"
    },
    {
        "uuid": "677a5874-8a1f-11e9-a312-3863bb98c88b",
        "song": "Lasowin Sasali Kalu Wala Awith ",
        "singer": "Nirosha Virajini ",
        "lyricUnicode": "\u0dbd\u0dc3\u0ddc\u0dc0\u0dd2\u0db1\u0dca \u0dc3\u0dc3\u0dd0\u0dbd\u0dd3\r\n\u0d9a\u0dc5\u0dd4 \u0dc0\u0dc5\u0dcf \u0d87\u0dc0\u0dd2\u0dad\u0dca\r\n\u0dc3\u0dd2\u0dad \u0db1\u0dd2\u0dc0\u0dcf \u0daf\u0dd0\u0db8\u0dd6\u0dc0\u0dad\u0dca \u0da2\u0dd3\u0dc0\u0dd2\u0dad\u0dba\u0dda\r\n\u0db4\u0dd4\u0dbb \u0db4\u0dc3 \u0dc3\u0db3 \u0dc0\u0dd3 \u0db4\u0dcf\u0dba\u0dcf\u0dc0\u0dd3 \u0d94\u0db6 \r\n\u0db8\u0d9c\u0dda \u0dc5\u0d9f\u0dd2\u0db1\u0dca\n\r\n\u0d9c\u0d9f \u0daf\u0dd2\u0dba \u0d91\u0dbb\u0dd9\u0dc4\u0dd2\u0dc0 \u0dba\u0db1 \u0d9c\u0db8\u0db1\u0dda\r\n\u0db8\u0dd2\u0db8\u0dd2\u0dab\u0dd6 \u0d9c\u0dd3\u0dba\u0d9a \u0dad\u0dc0\u0dbb\u0dcf\u0dc0\u0dd3 //\r\n\u0d94\u0db6 \u0db8\u0d9c\u0dda \u0d9a\u0dd2\u0dba\u0dcf //\n\r\n\u0dbd\u0dc3\u0ddc\u0dc0\u0dd2\u0db1\u0dca \u0dc3\u0dc3\u0dd0\u0dbd\u0dd3....\n\r\n\u0db1\u0dbd \u0dc0\u0dd0\u0dbd \u0d85\u0dad\u0dd4 \u0d89\u0dad\u0dd2 \u0db8\u0dad \u0daf\u0dd0\u0dc0\u0da7\u0dd3\r\n\u0dbb\u0dc4\u0dc3\u0dd2\u0db1\u0dca \u0dc5\u0d82\u0dc0\u0dd3 \u0db4\u0dc0\u0dc3\u0dcf\u0dc0\u0dd3 //\r\n\u0d85\u0db4\u0dd2 \u0d85\u0db4\u0dda \u0d9a\u0dd2\u0dba\u0dcf //\n\r\n\u0dbd\u0dc3\u0ddc\u0dc0\u0dd2\u0db1\u0dca \u0dc3\u0dc3\u0dd0\u0dbd\u0dd3...."
    },
    {
        "uuid": "67efaa9c-8a1f-11e9-b226-3863bb98c88b",
        "song": "Lassana Amba Gasak Soyala ",
        "singer": "Susil Fernando ",
        "lyricUnicode": "\u0dbd\u0dc3\u0dca\u0dc3\u0db1 \u0d85\u0db9 \u0d9c\u0dc3\u0d9a\u0dca \u0dc3\u0ddc\u0dba\u0dcf\u0dbd\u0dcf\r\n\u0dbd\u0dc3\u0dca\u0dc3\u0db1 \u0d9a\u0dd6\u0da9\u0dd4\u0dc0\u0d9a\u0dca \u0dc3\u0daf\u0dcf\u0dbd\u0dcf\r\n\u0dbd\u0dc3\u0dca\u0dc3\u0db1 \u0d9a\u0dd2\u0dbb\u0dd2\u0dbd\u0dca\u0dbd\u0dd3 \u0db8\u0dd9 \u0db8\u0dcf\u0d9c\u0dda\r\n\u0d86\u0dc0\u0dda \u0d91\u0d9a\u0dca\u0d9a \u0dba\u0db1\u0dca\u0db1 \u0db8\u0d82 //\n\r\n\u0dc3\u0daf\u0dcf\u0db4\u0dd4 \u0d9a\u0dd6\u0da9\u0dd4\u0dc0 \u0db8\u0db8 \u0db8\u0dd4\u0dbd\u0daf\u0dd2\r\n\u0d9a\u0dd0\u0da9\u0dd3 \u0db6\u0dd2\u0db3\u0dd3 \u0dc3\u0dd2\u0db3\u0dd3 \u0d9c\u0dd2\u0dba\u0dcf\r\n\u0d92 \u0dc4\u0dd2\u0db1\u0dca\u0daf \u0dad\u0dc0 \u0d91\u0d9a\u0d9a\u0dca \u0dc3\u0daf\u0dcf\u0dbd\u0dcf\r\n\u0d86\u0dc0\u0dda \u0d91\u0d9a\u0dca\u0d9a \u0dba\u0db1\u0dca\u0db1 \u0db8\u0d82\r\n\u0d92 \u0dc0\u0dcf\u0d9c\u0dda \u0dc3\u0dd0\u0da9 \u0dc3\u0dd4\u0dc5\u0d82 \u0d87\u0dc0\u0dd2\u0dbd\u0dca\u0dbd\u0dcf\r\n\u0dba\u0dba\u0dd2\u0daf \u0db8\u0dda \u0d9a\u0dd6\u0da9\u0dd4\u0dc0\u0dad\u0dca \u0d9a\u0dd0\u0da9\u0dd3\u0dbd\u0dcf\r\n\u0d94\u0db6 \u0db8\u0dcf\u0d9c\u0dda \u0dc5\u0d9f \u0d89\u0db1\u0dca\u0db1\u0dc0\u0dcf\u0db1\u0db8\u0dca\r\n\u0dc3\u0ddd\u0d9a\u0dd9\u0dad\u0dca \u0dc3\u0dd0\u0db4\u0d9a\u0dca \u0dc3\u0dda \u0daf\u0dd0\u0db1\u0dd9\u0dba\u0dd2\n\r\n\u0dbd\u0dc3\u0dca\u0dc3\u0db1 \u0d85\u0db9 \u0d9c\u0dc3\u0d9a\u0dca....\n\r\n\u0dbb\u0dc3\u0db6\u0dbb \u0db4\u0dbd \u0dc0\u0dd0\u0dbd \u0db1\u0dd9\u0dbd\u0dcf\u0dbd\u0dcf\r\n\u0d9a\u0dd6\u0da9\u0dd4\u0dc0 \u0dc0\u0dd9\u0dad\u0da7 \u0d9c\u0dd9\u0db1 \u0d87\u0dc0\u0dd2\u0dbd\u0dca\u0dbd\u0dcf\r\n\u0d94\u0dba\u0dcf\u0d9c\u0dd9 \u0dc5\u0d9f \u0d89\u0db3\u0db1\u0dca \u0d9a\u0dc0\u0db1\u0dca\u0db1\u0db8\u0dca\r\n\u0dbd\u0dc3\u0dca\u0dc3\u0db1 \u0d9a\u0dd2\u0dbb\u0dd2\u0dbd\u0dca\u0dbd\u0dd3 \u0db8\u0dd9 \u0db8\u0dcf\u0d9c\u0dda\r\n\u0d8b\u0daf\u0dd1\u0dc3\u0db1\u0dd2\u0db1\u0dca \u0db8\u0db8 \u0db4\u0dd2\u0db6\u0dd2\u0daf\u0dd3\u0dbd\u0dcf\r\n\u0db4\u0dd9\u0db8\u0dca\u0db6\u0dbb \u0d9c\u0dd3\u0dad\u0dba\u0d9a\u0dca \u0d9c\u0dba\u0dcf\u0dbd\u0dcf\r\n\u0d94\u0dba\u0dcf\u0d9c\u0dd9 \u0dc3\u0dd2\u0dad \u0dad\u0dd4\u0da7\u0dd2\u0db1\u0dca \u0dad\u0db6\u0db1\u0dca\u0db1\u0db8\u0dca\r\n\u0dbd\u0dc3\u0dca\u0dc3\u0db1 \u0d9a\u0dd2\u0dbb\u0dd2\u0dbd\u0dca\u0dbd\u0dd3 \u0db8\u0dd9 \u0db8\u0dcf\u0d9c\u0dda\n\r\n\u0dbd\u0dc3\u0dca\u0dc3\u0db1 \u0d85\u0db9 \u0d9c\u0dc3\u0d9a\u0dca.... "
    },
    {
        "uuid": "686e1f3e-8a1f-11e9-9812-3863bb98c88b",
        "song": "Lassana Amba Gasak Soyala ",
        "singer": "M S Fernando ",
        "lyricUnicode": "\u0dbd\u0dc3\u0dca\u0dc3\u0db1 \u0d85\u0db9 \u0d9c\u0dc3\u0d9a\u0dca \u0dc3\u0ddc\u0dba\u0dcf\u0dbd\u0dcf\r\n\u0dbd\u0dc3\u0dca\u0dc3\u0db1 \u0d9a\u0dd6\u0da9\u0dd4\u0dc0\u0d9a\u0dca \u0dc3\u0daf\u0dcf\u0dbd\u0dcf\r\n\u0dbd\u0dc3\u0dca\u0dc3\u0db1 \u0d9a\u0dd2\u0dbb\u0dd2\u0dbd\u0dca\u0dbd\u0dd3 \u0db8\u0dd9 \u0db8\u0dcf\u0d9c\u0dda\r\n\u0d86\u0dc0\u0dda \u0d91\u0d9a\u0dca\u0d9a \u0dba\u0db1\u0dca\u0db1 \u0db8\u0d82 //\n\r\n\u0dc3\u0daf\u0dcf\u0db4\u0dd4 \u0d9a\u0dd6\u0da9\u0dd4\u0dc0 \u0db8\u0d82 \u0db8\u0dd4\u0dbd\u0daf\u0dd2\r\n\u0d9a\u0dd0\u0da9\u0dd3 \u0db6\u0dd2\u0db3\u0dd3 \u0dc3\u0dd2\u0db3\u0dd3 \u0d9c\u0dd2\u0dba\u0dcf\r\n\u0d92 \u0dc4\u0dd2\u0db1\u0dca\u0daf \u0dad\u0dc0 \u0d91\u0d9a\u0d9a\u0dca \u0dc3\u0daf\u0dcf\u0dbd\u0dcf\r\n\u0d86\u0dc0\u0dda \u0d91\u0d9a\u0dca\u0d9a \u0dba\u0db1\u0dca\u0db1 \u0db8\u0d82 //\n\r\n\u0dbd\u0dc3\u0dca\u0dc3\u0db1 \u0d85\u0db9 \u0d9c\u0dc3\u0d9a\u0dca....\n\r\n\u0d86 \u0d9a\u0dbb\u0daf\u0dbb \u0dc3\u0dd0\u0db8 \u0d89\u0dc0\u0dc3\u0dcf\u0dbd\u0dcf \r\n\u0dc0\u0dd9\u0db1\u0dc3\u0dd0\u0db4\u0dad\u0d9a\u0dca \u0d91\u0db4\u0dba\u0dd2 \u0d9a\u0dd2\u0dba\u0dbd\u0dcf \r\n\u0db8\u0dcf \u0dc0\u0dd9\u0db1\u0dd4\u0dc0\u0dd9\u0db1\u0dca \u0daf\u0dd4\u0d9a\u0dca \u0dc0\u0dd9\u0db1 \u0dc4\u0dd2\u0db1\u0dca\u0daf\u0dcf\r\n\u0d86\u0dc0\u0dda \u0d91\u0d9a\u0dca\u0d9a \u0dba\u0db1\u0dca\u0db1 \u0db8\u0d82\r\n\u0d91\u0db1 \u0daf\u0dd4\u0d9a \u0db4\u0dd0\u0db1\u0dd2\u0dbb\u0dc3\u0dba\u0dd2 \u0d9a\u0dd2\u0dba\u0db1\u0dca\u0db1\u0db8\u0dca \r\n\u0d94\u0db6\u0dda \u0dc3\u0dd2\u0dad \u0d91\u0dc4\u0dd9\u0db8\u0daf\u0dd0\u0dba\u0dd2 \u0d85\u0dc3\u0db1\u0dca\u0db1\u0db8\u0dca \r\n\u0d94\u0db6 \u0d91\u0dba\u0da7 \u0d94\u0dc0\u0dd4 \u0d9a\u0dd2\u0dba\u0db1 \u0dc4\u0dd2\u0db1\u0dca\u0daf\u0dcf\r\n\u0d86\u0dc0\u0dda \u0d91\u0d9a\u0dca\u0d9a \u0dba\u0db1\u0dca\u0db1 \u0db8\u0d82\n\r\n\u0dbd\u0dc3\u0dca\u0dc3\u0db1 \u0d85\u0db9 \u0d9c\u0dc3\u0d9a\u0dca...."
    },
    {
        "uuid": "6c0a42a8-8a1f-11e9-8799-3863bb98c88b",
        "song": "Lassanai Adare Gala Yana Hasarel ",
        "singer": "Amal Perera ",
        "lyricUnicode": "\u0dbd\u0dc3\u0dca\u0dc3\u0db1\u0dba\u0dd2 \u0d86\u0daf\u0dbb\u0dda \u0d9c\u0dbd\u0dcf \u0dba\u0db1 \u0dc4\u0dc3\u0dbb\u0dd0\u0dbd\u0dca\r\n\u0dc3\u0dd4\u0db1\u0dca\u0daf\u0dbb\u0daf \u0d92 \u0db1\u0db8\u0dd4\u0dad\u0dca \u0db1\u0ddc\u0dad\u0dd2\u0db6\u0dd2\u0dbd\u0dcf\r\n\u0d91\u0d9a\u0db8 \u0d91\u0d9a \u0d91\u0d9a\u0db8 \u0d91\u0d9a \u0db6\u0dd2\u0db3\u0d9a\u0dca\u0dc0\u0dad\u0dca \u0d9a\u0db3\u0dd4\u0dc5\u0dd0\u0dbd\u0dca //\n\r\n\u0d85\u0dad \u0dc0\u0db1\u0dba\u0dd2 \u0db8\u0daf\u0dc4\u0dc3\u0d9a\u0dca \u0d89\u0db4\u0daf\u0dd2\u0dbd\u0dcf \u0dc3\u0dd9\u0db1\u0dd9\u0dc4\u0dc3\u0d9a\u0dca\r\n\u0d89\u0dad\u0dd2\u0d82 \u0d85\u0db4 \u0dc4\u0dd2\u0dad\u0db1\u0dc0\u0dcf \u0d9a\u0dd2\u0dba\u0db1\u0dc0\u0dcf \u0dbd\u0dd2\u0dba\u0db1\u0dc0\u0dcf \u0d9c\u0dba\u0db1\u0dc0\u0dcf\r\n\u0d91\u0d9a\u0ddd\u0db8\u0dad\u0dca \u0d91\u0d9a \u0db4\u0ddc\u0dad\u0d9a\u0dca \u0d86\u0daf\u0dbb\u0dda \u0db1\u0db8\u0dca \u0db4\u0ddc\u0dad\u0d9a\u0dca\n\r\n\u0dbd\u0dc3\u0dca\u0dc3\u0db1\u0dba\u0dd2 \u0d86\u0daf\u0dbb\u0dda.....\n\r\n\u0dc5\u0d82\u0dc0\u0dd9\u0db8\u0dd2\u0db1\u0dca \u0dc3\u0dd2\u0dad\u0dca \u0daf\u0dd9\u0d9a\u0d9a\u0dca \u0d87\u0dad\u0dd2\u0dc0\u0dd9\u0dbd\u0dcf \u0d91\u0d9a \u0dc3\u0dd2\u0dad\u0d9a\u0dca\r\n\u0d89\u0dad\u0dd2\u0d82 \u0d85\u0db4 \u0db1\u0dd0\u0dc5\u0dc0\u0dd2\u0dbd\u0dcf \u0daf\u0dd4\u0d9a\u0dca\u0dc0\u0dd9\u0dbd\u0dcf \u0dc4\u0db8\u0dd4\u0dc0\u0dd9\u0dbd\u0dcf \u0dc3\u0dd0\u0db1\u0dc3\u0dd2\u0dbd\u0dcf\r\n\u0d85\u0dad\u0dd2\u0db1\u0dca \u0d85\u0dad\u0dca \u0d9c\u0dd9\u0db1 \u0daf\u0dd2\u0db1\u0d9a\u0dca \u0dc3\u0dcf\u0daf\u0db8\u0dd6 \u0d9a\u0dd6\u0da9\u0dd4\u0dc0\u0d9a\u0dca\n\r\n\u0dbd\u0dc3\u0dca\u0dc3\u0db1\u0dba\u0dd2 \u0d86\u0daf\u0dbb\u0dda..... //\n"
    },
    {
        "uuid": "6c855a0a-8a1f-11e9-a9f3-3863bb98c88b",
        "song": "Lassanai Balanna Oyage Mal Hina ",
        "singer": "H R Jothipala ",
        "lyricUnicode": "\u0dbd\u0dc3\u0dca\u0dc3\u0db1\u0dba\u0dd2 \u0db6\u0dbd\u0db1\u0dca\u0db1 \u0d94\u0dba\u0dcf\u0d9c\u0dda \u0db8\u0dbd\u0dca \u0dc4\u0dd2\u0db1\u0dcf\r\n\u0db4\u0dd4\u0db1\u0dca \u0dc3\u0daf\u0d9a\u0dca \u0db1\u0dd0\u0d9c\u0dd9\u0db1\u0dca\u0db1\u0dda \u0d91\u0db4\u0dcf \u0d9a\u0dd0\u0dbd\u0dd6\u0db8\u0dca \u0db4\u0dd9\u0dbb\u0dcf\r\n\u0d95... \u0dbb\u0db1\u0dca\u0d9c\u0db1\u0dd2 \u0db8\u0dcf \u0db1\u0dd2\u0dc3\u0dcf\u0daf \u0d94\u0dba \u0db1\u0da7\u0db1\u0dca\u0db1\u0dda // \r\n\u0dbd\u0dc3\u0dca\u0dc3\u0db1\u0dba\u0dd2 \u0db6\u0dbd\u0db1\u0dca\u0db1\n\r\n\u0dc0\u0dd9\u0dbb\u0dbd\u0dda \u0dbb\u0dd0\u0dbd\u0dd2 \u0db4\u0dd9\u0dbb\u0dbd\u0dda \u0d9c\u0d82\u0d9c\u0dcf\u0dc0\u0dda \u0dbb\u0dd0\u0dbd\u0dd2 \u0dc0\u0d9c\u0dda \r\n\u0d9a\u0dd0\u0dbd\u0dd6\u0db8\u0dca \u0daf\u0dda \u0db6\u0dd0\u0dc5\u0dd4\u0db8\u0dca \u0daf\u0dda \u0dc3\u0dd4\u0db1\u0dd3\u0dbd \u0d87\u0dc3\u0dca \u0daf\u0dd9\u0d9a\u0dda //\r\n\u0dbb\u0dad\u0dd4 \u0d8b\u0dbd\u0dcf\u0dbd\u0dcf \u0daf\u0dd9\u0dad\u0ddc\u0dbd\u0dca \u0db4\u0dcf\u0dbd\u0dcf \u0dc4\u0dc3\u0dbb\u0dd0\u0dbd\u0dd2 \u0db1\u0d9c\u0dcf\u0dc0\u0dd2\r\n\u0daf\u0dd1\u0dad \u0daf\u0dd3\u0dbd\u0dcf \u0dc4\u0dd0\u0dbb\u0dd2\u0dbd\u0dcf \u0db6\u0dbd\u0dbd\u0dcf \u0dbb\u0dad\u0dd0\u0d9c\u0dd2\u0dbd\u0dd3 \u0db1\u0da7\u0dcf\u0dc0\u0dd2\r\n\u0d87\u0dba\u0dd2 \u0db6\u0ddc\u0dbb\u0dd4\u0dc0\u0dda \u0db8\u0db8 \u0daf\u0db1\u0dd2\u0db8\u0dd2 \u0d94\u0dba\u0d9c\u0dda \u0dc3\u0dd2\u0dad\u0dd4\u0dc0\u0dd2\u0dbd\u0dd2\r\n\u0d95... \u0dbb\u0db1\u0dca\u0d9c\u0db1\u0dd2 \u0db8\u0dcf \u0db1\u0dd2\u0dc3\u0dcf\u0daf \u0d94\u0dba \u0db1\u0da7\u0db1\u0dca\u0db1\u0dda // \r\n\u0dbd\u0dc3\u0dca\u0dc3\u0db1\u0dba\u0dd2 \u0db6\u0dbd\u0db1\u0dca\u0db1\n\n\r\n\u0db1\u0dbd\u0dbd\u0dda \u0dbb\u0db1\u0dca \u0dad\u0dd2\u0dbd\u0d9a\u0dda \u0daf\u0dd2\u0dbd\u0dd2\u0dc3\u0dda\u0dc0\u0dd3 \u0dc3\u0dd2\u0dad \u0dc0\u0d9c\u0dda\r\n\u0d9a\u0dd0\u0dc5\u0dd4\u0db8\u0dca \u0daf\u0dda \u0dc4\u0dd0\u0d9c\u0dd4\u0db8\u0dca \u0daf\u0dda \u0d87\u0d9c\u0dda \u0db1\u0dd9\u0dad\u0dd2\u0db1\u0dca \u0daf\u0dd2\u0dbd\u0dda  //\r\n\u0dc4\u0dd0\u0da9 \u0db6\u0dbd\u0dbd\u0dcf \u0daf\u0ddd\u0dad \u0daf\u0dd3\u0dbd \u0db8\u0dcf \u0daf\u0dd2\u0dc4\u0dcf \u0db6\u0dbd\u0dcf\u0dbd\u0dcf\r\n\u0db8\u0dbd\u0dda \u0dc3\u0dd4\u0dc0\u0daf \u0daf\u0db1\u0dca\u0db1\u0dda \u0dc4\u0db8\u0db1 \u0dc3\u0dd4\u0dbd\u0d9f \u0dba\u0dba\u0dd2 \u0d9a\u0dd2\u0dba\u0dcf\u0dc0\u0dd2\r\n\u0d87\u0dba\u0dd2 \u0db6\u0ddc\u0dbb\u0dd4\u0dc0\u0dda \u0db8\u0db8 \u0daf\u0db1\u0dd2\u0db8\u0dd2 \u0d94\u0dba\u0d9c\u0dda \u0dc3\u0dd2\u0dad\u0dd4\u0dc0\u0dd2\u0dbd\u0dd2\r\n\u0d95... \u0dbb\u0db1\u0dca\u0d9c\u0db1\u0dd2 \u0db8\u0dcf \u0db1\u0dd2\u0dc3\u0dcf\u0daf \u0d94\u0dba \u0db1\u0da7\u0db1\u0dca\u0db1\u0dda //\n\r\n\u0dbd\u0dc3\u0dca\u0dc3\u0db1\u0dba\u0dd2 \u0db6\u0dbd\u0db1\u0dca\u0db1...... "
    },
    {
        "uuid": "7672f076-8a1f-11e9-bba5-3863bb98c88b",
        "song": "Loketath Wada (Kalaya Piyabala Giyath) ",
        "singer": "Dayasiri Jayasekara ",
        "lyricUnicode": "\u0d9a\u0dcf\u0dbd\u0dba \u0db4\u0dd2\u0dba\u0db9\u0dbd\u0dcf \u0d9c\u0dd2\u0dba\u0dad\u0dca \u0dc0\u0dda\u0d9c\u0dd9\u0db1\u0dca \u0dc4\u0dd2\u0dad\u0dd4\u0dc0\u0da7\u0dad\u0dca \u0dc0\u0da9\u0dcf\r\n\u0d94\u0dba \u0daf\u0dd1\u0dc3 \u0dbd\u0dc3\u0dca\u0dc3\u0db1\u0dba\u0dd2 \u0d89\u0dc3\u0dca\u0dc3\u0dbb \u0dad\u0dd2\u0db6\u0dd4\u0db1\u0da7\u0dad\u0dca \u0dc0\u0da9\u0dcf.. \u0dad\u0dd2\u0db6\u0dd4\u0db1\u0da7\u0dad\u0dca \u0dc0\u0da9\u0dcf\r\n\u0db8\u0da7 \u0db6\u0dd0\u0dbb\u0dd2 \u0dc0\u0dd4\u0dab\u0dcf\u0da7 \u0db8\u0dd4\u0dab\u0d9c\u0dd0\u0dc4\u0dd9\u0db1\u0dca\u0db1 \u0d9a\u0dcf\u0dbd\u0dd9\u0d9a\u0dd2\u0db1\u0dca \u0d94\u0dba\u0dcf\r\n\u0db8\u0db8 \u0d86\u0daf\u0dbb\u0dda \u0d9a\u0dbd\u0dcf \u0d94\u0dba\u0dcf\u0da7 \u0dbd\u0ddd\u0d9a\u0dd9\u0da7\u0dad\u0dca \u0dc0\u0da9\u0dcf.. \u0dbd\u0ddd\u0d9a\u0dd9\u0da7\u0dad\u0dca \u0dc0\u0da9\u0dcf\n\r\n\u0db8\u0d82\u0db8\u0dd4\u0dbd\u0dcf \u0db1\u0ddc\u0dc0\u0dd3 \u0dc3\u0dbb\u0db1\u0dca\u0db1 \u0db4\u0dca\u0dbb\u0dda\u0db8 \u0dc3\u0dcf\u0d9c\u0dbb\u0dda\r\n\u0db4\u0dcf\u0dbb \u0d9a\u0dd3\u0dc0 \u0dad\u0dcf\u0dbb\u0d9a\u0dcf\u0dc0 \u0d9a\u0ddc\u0dc4\u0dd9\u0daf \u0dc4\u0dd0\u0d82\u0d9c\u0dd4\u0dab\u0dda\r\n\u0d9a\u0dca\u0dc2\u0dd2\u0dbb \u0dc3\u0dcf\u0d9c\u0dbb\u0dd9\u0db1\u0dca \u0d9c\u0dd9\u0db1\u0dcf\u0db4\u0dd4 \u0dad\u0dcf\u0dbb\u0d9a\u0dcf\u0dc0\u0dd2\u0dba\u0dda\r\n\u0d9a\u0dc0\u0dd4\u0daf \u0db4\u0dd9\u0db8\u0dca \u0d9a\u0dbd\u0dda \u0d94\u0dba\u0dcf\u0da7 \u0d9a\u0dc0\u0dd4\u0daf \u0db4\u0dd9\u0db8\u0dca \u0d9a\u0dbd\u0dda\n\r\n\u0d9a\u0dcf\u0dbd\u0dba \u0db4\u0dd2\u0dba\u0db9\u0dbd\u0dcf \u0d9c\u0dd2\u0dba\u0dad\u0dca......\n\r\n\u0dc3\u0dc3\u0dbb\u0dd9 \u0db4\u0dd4\u0dbb\u0dd4\u0daf\u0dd4 \u0db8\u0dad\u0dd4 \u0dc0\u0dd4\u0dab\u0dcf\u0da7 \u0db4\u0dd4\u0d82\u0da0\u0dd2 \u0dc3\u0db1\u0dca\u0daf\u0dd2\u0dba\u0dda\r\n\u0db4\u0dc4\u0dd4\u0dc0\u0dd9\u0dbd\u0dcf\u0db1\u0dda \u0d86\u0dbd \u0db8\u0dbd\u0dca \u0db4\u0ddc\u0dc4\u0ddc\u0da7\u0dca\u0da7\u0dd4 \u0db4\u0dd3\u0daf\u0dd4\u0db1\u0dda\r\n\u0dc4\u0db8\u0dd4\u0dc0\u0dd4\u0dab\u0dcf\u0da7 \u0db1\u0dd1\u0db1\u0dda \u0db4\u0dd9\u0db8\u0dca\u0d9a\u0dbb\u0db1\u0dca\u0db1 \u0dc5\u0d82 \u0dc0\u0dd4\u0dab\u0dda\r\n\u0d89\u0d9f\u0dd2\u0d9a\u0dc5\u0dcf\u0da7 \u0daf\u0dd1\u0dc3 \u0db1\u0dd1\u0db1\u0dda \u0daf\u0dd1\u0dad \u0d91\u0d9a\u0dca\u0dc0\u0dd4\u0dab\u0dda\n\r\n\u0d9a\u0dcf\u0dbd\u0dba \u0db4\u0dd2\u0dba\u0db9\u0dbd\u0dcf \u0d9c\u0dd2\u0dba\u0dad\u0dca......\n"
    }
]