[
    {
        "uuid": "180db462-8a21-11e9-bfa0-3863bb98c88b",
        "song": "Oba Dakinnata Sitha Perum Puranawa ",
        "singer": "Sanuka Wickramasinghe ",
        "lyricUnicode": "\u0d94\u0db6 \u0daf\u0d9a\u0dd2\u0db1\u0dca\u0db1\u0da7 \u0dc3\u0dd2\u0dad \u0db4\u0dd9\u0dbb\u0dd4\u0db8\u0dca \u0db4\u0dd4\u0dbb\u0db1\u0dc0\u0dcf \r\n\u0d9a\u0dd2\u0db8\u0daf \u0db8\u0dda \u0d8b\u0db8\u0dad\u0dd4\u0db6\u0dc0\r\n\u0db1\u0dd9\u0dad\u0dd4 \u0d85\u0dad\u0dbb \u0db1\u0dd9\u0dad\u0dca \u0d94\u0db6\u0dc0 \u0dc3\u0ddc\u0dba\u0db1\u0dcf \r\n\u0d9a\u0dd2\u0db8\u0daf \u0db8\u0dda \u0dc3\u0dc3\u0dbd \u0dc3\u0dd2\u0dad\n\r\n\u0d94\u0db6\u0dda \u0dbb\u0dd4\u0dc0 \u0db8\u0dd0\u0dc0\u0dd2 \u0db8\u0dd0\u0dc0\u0dd3 \u0db4\u0dd9\u0db1\u0dd9\u0db1\u0dc0\u0dcf\r\n\u0d85\u0dad\u0dbb\u0db8\u0d82 \u0dc3\u0dd2\u0dad\u0dd4\u0dc0\u0dd2\u0dbd\u0dd2 \u0dad\u0dd4\u0dbd\r\n\u0d9a\u0dd2\u0db8\u0daf \u0db8\u0dda \u0dc3\u0ddc\u0daf\u0dd4\u0dbb\u0dd4 \u0db6\u0dc0\r\n\u0db1\u0dd0\u0d9c\u0dd9\u0db1 \u0dc4\u0dc3\u0dbb\u0dd0\u0dbd\u0dd2 \u0db8\u0dc4\u0daf \u0d8b\u0db8\u0dad\u0dd4\u0dc0\n\r\n\u0d94\u0db6 \u0daf\u0d9a\u0dd2\u0db1\u0dca\u0db1\u0da7....\n\r\n\u0d86\u0daf\u0dbb\u0dda \u0dad\u0dbb\u0db8 \u0db1\u0dd4\u0db9 \u0dc4\u0da7 \r\n\u0db8\u0dc4 \u0db8\u0dd9\u0dbb\u0d9a\u0dca \u0dc0\u0db1\u0dca \u0da2\u0dd3\u0dc0\u0dd2\u0dad\u0dba\u0da7\r\n\u0d91\u0d9a\u0dca\u0dc0 \u0db6\u0dd0\u0daf\u0dd3 \u0d85\u0db4 \u0db1\u0ddc\u0daf\u0dd4\u0dbb\u0dd2\u0db1\u0dca\r\n\u0daf\u0dd4\u0dbb\u0dd2\u0db1\u0dca \u0daf\u0dd4\u0dbb \u0dba\u0db1\u0dca\u0db1\u0da7 \u0d94\u0db6\u0dda \u0dad\u0dd4\u0dbb\u0dd4\u0dbd\u0da7\n\r\n\u0d94\u0db6 \u0daf\u0d9a\u0dd2\u0db1\u0dca\u0db1\u0da7.... //"
    },
    {
        "uuid": "19085e28-8a21-11e9-80ee-3863bb98c88b",
        "song": "Oba Dan Keewath Kandulu Sala Mata Adarei Kiya ",
        "singer": "Milton Mallawaarachchi ",
        "lyricUnicode": "\u0d94\u0db6 \u0daf\u0dd0\u0db1\u0dca \u0d9a\u0dd3\u0dc0\u0dad\u0dca \u0d9a\u0db3\u0dd4\u0dc5\u0dd4 \u0dc3\u0dbd\u0dcf\r\n\u0db8\u0da7 \u0d86\u0daf\u0dbb\u0dd9\u0dba\u0dd2 \u0d9a\u0dd2\u0dba\u0dcf\r\n\u0dc4\u0dd2\u0dad \u0d9c\u0dd2\u0dba \u0dad\u0dd0\u0db1\u0d9a\u0da7 \u0dad\u0dd4\u0dbb\u0dd4\u0dc5\u0dd4 \u0dc0\u0dd9\u0dbd\u0dcf\r\n\u0db8\u0dd0\u0dab\u0dd2\u0d9a\u0dda \u0db1\u0ddc\u0dc0\u0dd9\u0db1\u0dca \u0db8\u0dd4\u0dbd\u0dcf\n\r\n\u0d89\u0dc3\u0dca\u0dc3\u0dbb \u0dc0\u0dcf\u0d9c\u0dda \u0d85\u0dad\u0dca\u0dc0\u0dd0\u0dbd\u0dca \u0db6\u0dd0\u0db3\u0d9c\u0dd9\u0db1\r\n\u0dba\u0db1\u0dca\u0db1\u0daf \u0d9a\u0dad\u0dcf \u0d9a\u0dbd\u0dda\r\n\u0daf\u0dd9\u0daf\u0dd9\u0db1\u0dd9\u0d9a\u0dd4 \u0daf\u0dd1\u0dad\u0dd2\u0db1\u0dca \u0d85\u0dbd\u0dca\u0dbd\u0dcf \u0d9c\u0db1\u0dca\u0db1\u0da7\r\n\u0d91\u0d9a\u0dc0\u0dbb \u0db1\u0ddc\u0dc4\u0dd0\u0d9a \u0dbd\u0ddc\u0dc0\u0dda\n\r\n\u0d94\u0db6 \u0daf\u0dd0\u0db1\u0dca \u0d9a\u0dd3\u0dc0\u0dad\u0dca...\n\r\n\u0dbd\u0dc3\u0dca\u0dc3\u0db1 \u0db8\u0dbd\u0dca \u0db4\u0dd9\u0dad\u0dd2 \u0daf\u0dd1\u0dad\u0d9a \u0db4\u0ddc\u0da9\u0dd2\u0dc0\u0dd4\u0db1\r\n\u0dc3\u0dd4\u0dc5\u0d9f\u0dda \u0dc0\u0dd2\u0dc3\u0dd2\u0dbb\u0dd9\u0db1\u0dc0\u0dcf\r\n\u0db8\u0dd0\u0dab\u0dd2\u0d9a\u0dd9\u0d9c\u0dd9 \u0d86\u0daf\u0dbb \u0dc3\u0dd4\u0db8\u0dd2\u0dc4\u0dd2\u0dbb \u0d9c\u0dd2\u0dbd\u0dd2\u0dc4\u0dd4\u0db1\r\n\u0db8\u0d9c\u0dd9 \u0dc4\u0daf \u0db1\u0dd9\u0dbb\u0db4\u0db1\u0dc0\u0dcf\n\r\n\u0d94\u0db6 \u0daf\u0dd0\u0db1\u0dca \u0d9a\u0dd3\u0dc0\u0dad\u0dca..."
    },
    {
        "uuid": "1d12d5de-8a21-11e9-8872-3863bb98c88b",
        "song": "Oba Ekka Mama (Asipiya Gasana Hama Thanama) ",
        "singer": "Dimanka Wellalage ",
        "lyricUnicode": "\u0d87\u0dc3\u0dd2\u0db4\u0dd2\u0dba \u0d9c\u0dc3\u0db1 \u0dc4\u0dd0\u0db8\u0dad\u0dd0\u0db1\u0db8 \u0d94\u0db6 \u0d89\u0db1\u0dca\u0db1\u0dc0\u0dcf \r\n\u0db1\u0dd9\u0dad \u0db1\u0dd2\u0daf\u0dd2 \u0db1\u0dd0\u0dad\u0dd2\u0dc0 \u0db4\u0dd0\u0dad\u0dd4 \u0dc4\u0dd3\u0db1 \u0dc4\u0dd2\u0dad \u0daf\u0dc0\u0db1\u0dc0\u0dcf \r\n\u0db8\u0db8 \u0daf\u0dd4\u0dbb \u0d88\u0dad \u0d94\u0db6 \u0d91\u0d9a\u0dca\u0d9a \u0db4\u0dd2\u0dba \u0db8\u0db1\u0dd2\u0db1\u0dc0\u0dcf \r\n\u0d85\u0daf \u0d94\u0db6 \u0db1\u0dd0\u0dad\u0dd2\u0dc0 \u0d94\u0db6 \u0d91\u0d9a\u0dca\u0d9a \u0db8\u0db8 \u0d89\u0db1\u0dca\u0db1\u0dc0\u0dcf\r\n\u0dc4\u0dd2\u0dad \u0daf\u0dc0\u0db1\u0dc0\u0dcf \u0db1\u0dd9\u0dad \u0d89\u0d9a\u0dd2 \u0db6\u0dd2\u0daf\u0dd2\u0db1\u0dc0\u0dcf \u0d85\u0daf \r\n\u0d94\u0db6 \u0db1\u0dd0\u0dad\u0dd2\u0dc0 \u0d94\u0db6 \u0d91\u0d9a\u0dca\u0d9a \u0db8\u0db8 \u0d89\u0db1\u0dca\u0db1\u0dc0\u0dcf\n\r\n\u0db1\u0dd1 \u0dc3\u0dd4\u0daf\u0dd4 \u0dc3\u0dda\u0dbd \u0db8\u0dd4\u0dad\u0dd4 \u0db8\u0dcf\u0dbd \u0d9a\u0dd4\u0db8\u0dbb\u0dd3 \u0db8\u0d9c\u0dda \r\n\u0db1\u0dd2\u0dbd\u0dca \u0db1\u0dd9\u0dad\u0dd4 \u0daf\u0dd1\u0dbd \u0dc4\u0dd0\u0db8\u0daf\u0dcf\u0db8 \u0d85\u0dc4\u0dd2\u0db8\u0dd3 \u0d94\u0db6\u0dda\r\n\u0db8\u0d9c\u0dda \u0db8\u0db1\u0db8\u0dcf\u0dbd \u0dc4\u0dd2\u0dad \u0dad\u0dcf\u0db8 \u0db1\u0dd4\u0dc4\u0dd4\u0dbb\u0dd4\u0dba\u0dd2 \u0dc0\u0d9c\u0dda \r\n\u0db6\u0dd0\u0db8\u0dd2 \u0db6\u0dd2\u0db3\u0daf\u0dcf \u0d94\u0db6 \u0d9c\u0dcf\u0dc0 \u0dc3\u0dd0\u0dad\u0db4\u0dd9\u0db8\u0dd2 \u0d9a\u0dd9\u0dc3\u0dda\r\n\u0dc4\u0dd2\u0dad \u0daf\u0dc0\u0db1\u0dc0\u0dcf \u0db1\u0dd9\u0dad \u0d89\u0d9a\u0dd2 \u0db6\u0dd2\u0daf\u0dd2\u0db1\u0dc0\u0dcf \u0d85\u0daf \r\n\u0d94\u0db6 \u0db1\u0dd0\u0dad\u0dd2\u0dc0 \u0d94\u0db6 \u0d91\u0d9a\u0dca\u0d9a \u0db8\u0db8 \u0d89\u0db1\u0dca\u0db1\u0dc0\u0dcf\n\r\n\u0d94\u0db6 \u0daf\u0dd4\u0dbb \u0d88\u0dad \u0d9a\u0dca\u0dc2\u0dd2\u0dad\u0dd2\u0da2\u0dba\u0d9a \u0dad\u0dbb\u0dd4\u0dc0\u0d9a\u0dca \u0dc0\u0d9c\u0dda \r\n\u0db8\u0db8 \u0dad\u0db1\u0dd2\u0dba\u0dd9\u0db1\u0dca\u0db8 \u0db8\u0dd9\u0dc4\u0dd2 \u0db8\u0dd1\u0dad \u0db8\u0dc4 \u0dc3\u0dcf\u0d9c\u0dbb\u0dda\r\n\u0db8\u0dad\u0dd4 \u0dba\u0db8\u0dca \u0daf\u0dd2\u0db1\u0dd9\u0d9a \u0d94\u0db6 \u0db1\u0dda\u0db1 \u0db6\u0dc0 \u0db8\u0da7 \u0dc4\u0dd0\u0d9f\u0dda \r\n\u0db8\u0dd2\u0dba\u0dba\u0db1 \u0dad\u0dd4\u0dbb\u0dd4\u0db8 \u0dad\u0db1\u0dd2\u0dba\u0dd9\u0db1\u0dca\u0db8 \u0dc0\u0dcf\u0dc0\u0db1\u0dd4 \u0d9a\u0dd9\u0dc3\u0dda\r\n\u0d9c\u0dad\u0dd4 \u0d9a\u0dd2\u0dba\u0db1\u0dc0\u0dcf \u0dc4\u0dd2\u0dad \u0d89\u0d9a\u0dd2\u0db6\u0dd2\u0db3\u0dd2\u0db1\u0dc0\u0dcf \u0d85\u0daf \r\n\u0d94\u0db6 \u0db1\u0dd0\u0dad\u0dd2\u0dc0 \u0d94\u0db6 \u0d91\u0d9a\u0dca\u0d9a \u0db8\u0db8 \u0d89\u0db1\u0dca\u0db1\u0dc0\u0dcf"
    },
    {
        "uuid": "1d9734dc-8a21-11e9-b25e-3863bb98c88b",
        "song": "Oba Enakal Thaniyen Indala (Man Dama Oba Eda) ",
        "singer": "Bachi Susan ",
        "lyricUnicode": "\u0db8\u0d82 \u0daf\u0db8\u0dcf \u0d94\u0db6 \u0d91\u0daf\u0dcf \u0db8\u0d9c\u0dda \u0dc4\u0dd2\u0dad\u0dd2\u0db1\u0dca \u0db1\u0dd2\u0d9a\u0dca\u0db8\u0dd2\u0dbd\u0dcf\r\n\u0dc4\u0dd0\u0d82\u0d9c\u0dd2\u0dbd\u0dcf \u0d87\u0dba\u0dd2 \u0d94\u0dba\u0dcf \u0d86\u0daf\u0dbb\u0dda \u0dc4\u0dd0\u0dbb\u0daf\u0db8\u0dcf\r\n\u0d94\u0db6 \u0dc3\u0dd2\u0dc4\u0dc0\u0dd9\u0daf\u0dca\u0daf\u0dd2 \u0d89\u0db1\u0dd4 \u0d9a\u0db3\u0dd4\u0dc5\u0dd4 \u0dc4\u0d82\u0d9c\u0dcf \r\n\u0db1\u0dd9\u0dad\u0dd4 \u0dc4\u0ddc\u0dbb \u0dbb\u0dc4\u0dc3\u0dda \u0db4\u0dd2\u0dc3 \u0daf\u0dd0\u0db8\u0dca\u0db8\u0dda \u0db8\u0dcf\r\n\u0db8\u0d9c\u0dda \u0dc4\u0dd2\u0dad\u0dd2\u0db1\u0dca \u0dc0\u0dd9\u0db1\u0dca \u0dc0\u0dd9\u0db1\u0dca\u0db1 \u0d9a\u0dcf\u0dbb\u0dab\u0dcf \u0dad\u0dcf\u0db8 \u0daf\u0db1\u0dca\u0db1\u0dd1\u0db1\u0dda \u0db8\u0dcf\n\r\n\u0d94\u0db6 \u0d91\u0db1\u0d9a\u0dbd\u0dca \u0dad\u0db1\u0dd2\u0dba\u0dd9\u0db1\u0dca \u0d89\u0db3\u0dbd\u0dcf \u0dc4\u0dd2\u0dad \u0dc4\u0ddc\u0db3\u0da7\u0db8 \u0d85\u0daf \u0db8\u0dd4\u0dbd\u0dcf \u0dc0\u0dd9\u0dbd\u0dcf\r\n\u0dad\u0dc0 \u0dc3\u0dd0\u0dbb\u0dba\u0d9a\u0dca \u0d87\u0dc0\u0dd2\u0daf\u0dd2\u0db1\u0dca \u0dc3\u0ddc\u0dba\u0dbd\u0dcf \u0dba\u0db1\u0dc0\u0daf \u0dc4\u0dd2\u0dad \u0dc4\u0daf\u0dbd\u0dcf\n\r\n\u0d9a\u0ddc\u0dba\u0dd2 \u0dad\u0dbb\u0db8\u0dca \u0d9a\u0dcf\u0dbd\u0dba\u0d9a\u0dca \u0d9c\u0dad \u0dc0\u0dd4\u0dab\u0dad\u0dca \u0dad\u0dcf\u0db8 \u0db1\u0dd1 \u0daf\u0dd4\u0d9a \u0db1\u0dd2\u0dc0\u0dd3 \u0dc4\u0daf\u0dc0\u0dad\u0dda\r\n\u0d86\u0dba\u0dd9\u0db8\u0dad\u0dca \u0d92\u0dc0\u0dd2 \u0db1\u0db8\u0dca \u0db1\u0dd1 \u0dad\u0dc0\u0dad\u0dca \u0db8\u0dda \u0dc0\u0d9c\u0dda \u0dad\u0db1\u0dd2\u0d9a\u0db8\u0d9a\u0dca \u0dc4\u0dd2\u0db8\u0dd2\u0dc0\u0dd4\u0dab\u0dda\r\n\u0dbd\u0ddc\u0dc0\u0dd9\u0db1\u0dca \u0dc4\u0ddc\u0dbb\u0dcf \u0dc0\u0dc4\u0db1\u0dca \u0dc0\u0dd9\u0dbd\u0dcf \u0dc0\u0dd2\u0db3\u0dd2\u0db1\u0dca\u0db1\u0db8\u0dca \u0daf\u0dd4\u0d9a \u0db8\u0dd9\u0dc3\u0dda\r\n\u0db8\u0d9f \u0dc4\u0dd0\u0dbb \u0dba\u0db1\u0dca\u0db1 \u0d87\u0dba\u0dd2 \u0db4\u0dd9\u0db8\u0dca \u0d9a\u0dbd\u0dda\n\r\n\u0d94\u0db6 \u0d91\u0db1\u0d9a\u0dbd\u0dca \u0dad\u0db1\u0dd2\u0dba\u0dd9\u0db1\u0dca......\n\r\n\u0d94\u0db6 \u0db8\u0d9c\u0dda \u0d9a\u0dd3 \u0dbd\u0dd9\u0dc3\u0dd2\u0db1\u0dca \u0dba\u0dc5\u0dd2 \u0d87\u0dc0\u0dd2\u0dad\u0dca \u0db8\u0dcf \u0dc3\u0ddc\u0dba\u0dcf \u0dc4\u0dd2\u0dc3 \u0dad\u0dd2\u0dba\u0dcf \u0db4\u0db4\u0dd4\u0dad\u0dd4\u0dbb\u0dda\r\n\u0db4\u0dd9\u0dbb \u0dc0\u0d9c\u0dda \u0d86\u0daf\u0dbb\u0dd9\u0db1\u0dca \u0daf\u0dd0\u0dc0\u0da7\u0dd4\u0dab\u0ddc\u0dad\u0dca \u0d9a\u0ddd\u0dbd \u0dc0\u0dd3 \u0dc3\u0dd0\u0db1\u0dc3\u0dd4\u0db8\u0dba\u0dd2 \u0da2\u0dd3\u0dc0\u0dd2\u0dad\u0dda\r\n\u0d94\u0d9b\u0dd9\u0db1\u0dca \u0d91\u0dc4\u0dcf \u0dc4\u0dd9\u0da7\u0d9a\u0dca \u0dc4\u0ddc\u0dba\u0dcf \u0d89\u0db3\u0dd2\u0db1\u0dca\u0db1\u0db8\u0dca \u0db4\u0dab \u0db8\u0d9c\u0dda \r\n\u0db8\u0da7 \u0db4\u0dc0\u0dc3\u0db1\u0dca\u0db1 \u0d87\u0dba\u0dd2 \u0dc4\u0dd0\u0dbb \u0d9c\u0dd2\u0dba\u0dda\n\r\n\u0d94\u0db6 \u0d91\u0db1\u0d9a\u0dbd\u0dca \u0dad\u0db1\u0dd2\u0dba\u0dd9\u0db1\u0dca......"
    },
    {
        "uuid": "201164b8-8a21-11e9-8651-3863bb98c88b",
        "song": "Oba Gawa Mata Inna Nathido Waram ",
        "singer": "Sanath Nandasiri ",
        "lyricUnicode": "\u0d94\u0db6 \u0d9c\u0dcf\u0dc0 \u0db8\u0da7 \u0d89\u0db1\u0dca\u0db1 \u0db1\u0dd0\u0dad\u0dd2\u0daf\u0ddd \u0dc0\u0dbb\u0db8\u0dca \r\n\u0daf\u0dd0\u0db1\u0dca \u0d94\u0db6 \u0d89\u0db1\u0dca\u0db1\u0dd9 \u0d9a\u0dd9\u0dbd\u0dd9\u0dc3\u0dd2\u0db1\u0dca\u0daf \u0dc0\u0dd9\u0db1\u0dca\u0dc0\u0dd3 \u0d9c\u0dd2\u0dc4\u0dd2\u0db1\u0dca\r\n\u0db8\u0da7 \u0db1\u0ddc\u0d9a\u0dd2\u0dba\u0dcf\u0db8 \u0dc4\u0dd0\u0dbb\u0daf\u0dcf\u0dbd\u0dcf \u0d9c\u0dd2\u0dba\u0daf\u0dcf \u0db4\u0da7\u0db1\u0dca \r\n\u0db8\u0db8 \u0dad\u0db1\u0dd2\u0dc0\u0dd9\u0db1\u0dca\u0db1\u0dda \u0dc4\u0dd0\u0db8\u0daf\u0dcf\u0db8 \u0d94\u0db6 \u0db1\u0dd0\u0dad\u0dd2 \u0dc3\u0ddc\u0dc0\u0dd2\u0db1\u0dca //\r\n\u0d94\u0db6 \u0d9c\u0dcf\u0dc0 \u0db8\u0da7 \u0d89\u0db1\u0dca\u0db1 \u0db1\u0dd0\u0dad\u0dd2\u0daf\u0ddd \u0dc0\u0dbb\u0db8\u0dca \n\r\n\u0dbd\u0ddd\u0d9a\u0dba \u0d85\u0dc3\u0dba\u0dd2 \u0db8\u0dc3\u0dd2\u0dad \u0d9c\u0ddc\u0dc5\u0dd4\u0dc0\u0dd3 \u0dad\u0dd2\u0dba\u0dd9\u0dba\u0dd2\r\n\u0dbb\u0dc4\u0dc3\u0dd2\u0db1\u0dca \u0dc4\u0dac\u0dba\u0dd2 \u0daf\u0dd1\u0dc3 \u0d9a\u0db3\u0dd4\u0dc5\u0dd2\u0db1\u0dca \u0dad\u0dd9\u0db8\u0dd9\u0dba\u0dd2\r\n\u0d86\u0daf\u0dbb\u0dba \u0d9a\u0dc5\u0dda \u0d87\u0dba\u0dd2\u0daf \u0dbb\u0dd2\u0daf\u0dc0\u0db1\u0dca\u0db1\u0db1\u0db8\u0dca \r\n\u0db8\u0dd9\u0dad\u0dd4\u0dc0\u0d9a\u0dca \u0d9a\u0dbd\u0d9a\u0dca \u0d87\u0dba\u0dd2\u0daf \u0dc3\u0dd2\u0da7\u0dd2\u0dba\u0dda \u0dc5\u0d9f\u0dd2\u0db1\u0dca\r\n\u0d94\u0db6 \u0d87\u0dba\u0dd2 \u0d8b\u0db1\u0dca\u0db1\u0dda \u0dc5\u0d82\u0dc0\u0dd3\u0dbd\u0dcf \u0db8\u0da7 \u0d86\u0daf\u0dbb\u0dd9\u0db1\u0dca\n\r\n\u0dc4\u0dd0\u0dbb\u0daf\u0dcf \u0d9c\u0dd2\u0dba\u0dad\u0dca \u0db8\u0dc3\u0dd2\u0dad \u0d94\u0db6 \u0d9c\u0dd0\u0db1 \u0dc3\u0ddc\u0dba\u0dba\u0dd2 \r\n\u0dc3\u0dd2\u0dc4\u0dd2\u0db1\u0dd9\u0db1\u0dca \u0daf\u0d9a\u0dd3 \u0dc3\u0dd2\u0dad\u0da7 \u0dc3\u0d82\u0dad\u0dcf\u0db4 \u0dc0\u0dd9\u0dba\u0dd2\r\n\u0dc3\u0dd0\u0db1\u0dc3\u0dd9\u0db1\u0dca\u0db1 \u0db8\u0dad\u0dd4 \u0daf\u0dd2\u0db1\u0d9a \u0dc3\u0dd4\u0db4\u0dd4\u0dbb\u0dd4\u0daf\u0dd4 \u0dbd\u0dd9\u0dc3\u0dd2\u0db1\u0dca\r\n\u0daf\u0dd0\u0db1\u0dca \u0d94\u0db6 \u0d9c\u0dad\u0dca\u0dad \u0dc3\u0dd2\u0dad \u0daf\u0dd9\u0db1\u0dca\u0db1 \u0daf\u0dd9\u0dc0\u0dd2\u0dba\u0db1\u0dca \u0db1\u0db8\u0dd2\u0db1\u0dca //\n\r\n\u0d94\u0db6 \u0d9c\u0dcf\u0dc0 \u0db8\u0da7 \u0d89\u0db1\u0dca\u0db1....\n"
    },
    {
        "uuid": "29309cae-8a21-11e9-9eed-3863bb98c88b",
        "song": "Oba Hinda Man Winda Duk Wedana ",
        "singer": "Shanika Madumali ",
        "lyricUnicode": "\u0d94\u0db6 \u0dc4\u0dd2\u0db1\u0dca\u0daf\u0dcf \u0db8\u0d82 \u0dc0\u0dd2\u0db1\u0dca\u0daf \u0daf\u0dd4\u0d9a\u0dca \u0dc0\u0dda\u0daf\u0db1\u0dcf\r\n\u0dba\u0dc5\u0dd2 \u0d95\u0db1 \u0db1\u0dd1 \u0d9a\u0dd2\u0dc3\u0dd2\u0db8 \u0daf\u0dcf\r\n\u0db8\u0db8 \u0d89\u0db1\u0dca\u0db1\u0db8\u0dca \u0d94\u0db6 \u0d91\u0db1\u0dad\u0dd4\u0dbb\u0dcf \u0db8\u0d9f \u0db6\u0dbd\u0dcf\r\n\u0db4\u0dd9\u0db1\u0dd9\u0db1 \u0db8\u0dcf\u0db1\u0dd9\u0dc0\u0dad\u0dca \u0db1\u0dd1 \u0d94\u0dba\u0dcf //\n\r\n\u0d94\u0db6 \u0daf\u0dd4\u0db1\u0dca\u0db1 \u0db8\u0dd4\u0dbd\u0dca \u0dc4\u0dd3\u0db1 \u0dc3\u0dd4\u0db1\u0dca \u0dc0\u0dd3 \u0d9c\u0dd2\u0dba\u0dcf\r\n\u0d94\u0db6 \u0daf\u0dd4\u0dbb \u0d9c\u0dd2\u0dba\u0dcf \u0dbb\u0dd2\u0daf\u0dc0\u0dbd\u0dcf\r\n\u0dc4\u0dd0\u0db8\u0daf\u0dcf\u0db8 \u0db8\u0d82 \u0dc4\u0dd2\u0dad\u0dd4\u0dc0\u0dd9 \u0dc5\u0d82\u0dc0\u0dd9\u0dba\u0dd2 \u0d9a\u0dd2\u0dba\u0dcf\r\n\u0db1\u0dd1 \u0d94\u0db6 \u0daf\u0dd4\u0dbb\u0dc3\u0dca \u0dc0\u0dd3 \u0d9c\u0dd2\u0dba\u0dcf\r\n\u0d87\u0dc3\u0dca\u0dc0\u0dbd\u0da7 \u0d9a\u0db3\u0dd4\u0dbd\u0dd0\u0dbd\u0dca \u0dad\u0dc0\u0dad\u0dca \u0dc0\u0dd0\u0da9\u0dd2\u0dc0\u0dd4\u0dab\u0dcf\r\n\u0dc4\u0daf \u0d89\u0d9a\u0dd2\u0d9c\u0dc3\u0dcf \u0dc4\u0dac\u0db1\u0dc0\u0dcf\n\r\n\u0d94\u0db6 \u0dc4\u0dd2\u0db1\u0dca\u0daf\u0dcf...\n\r\n\u0dba\u0dc5\u0dd2 \u0d86\u0dba\u0dd9 \u0d91\u0db1\u0dca\u0db1\u0dd1 \u0d9a\u0dd2\u0dba\u0dcf \u0d9a\u0dd2\u0dba\u0dd4 \u0db1\u0dd2\u0dc3\u0dcf\r\n\u0d85\u0db8\u0dad\u0d9a \u0d9a\u0dc5\u0dcf \u0d86\u0daf\u0dbb\u0dda \u0db8\u0db8 \u0d91\u0daf\u0dcf\r\n\u0d85\u0dba\u0daf\u0dd2\u0db1\u0dca\u0db1\u0dd9\u0db4\u0dcf \u0d9a\u0dd2\u0dc0\u0dd4 \u0db1\u0dd2\u0dc3\u0dcf \u0d94\u0dba\u0dcf\r\n\u0d91\u0db1\u0dc0\u0dcf\u0daf \u0db8\u0dda \u0db8\u0dcf \u0dc3\u0ddc\u0dba\u0dcf\n\r\n\u0d94\u0db6 \u0dc4\u0dd2\u0db1\u0dca\u0daf\u0dcf..."
    },
    {
        "uuid": "2b4a8ea2-8a21-11e9-8dbd-3863bb98c88b",
        "song": "Oba Kadule Upathai ",
        "singer": "Priya Sooriyasena ",
        "lyricUnicode": "\u0d94\u0db6 \u0d9a\u0db3\u0dd4\u0dbd\u0dda \u0d8b\u0db4\u0dad\u0dba\u0dd2\r\n\u0dc4\u0dc3\u0dbb\u0dd0\u0dbd\u0dca \u0d8b\u0db4\u0dad \u0db8\u0db8\u0dba\u0dd2\r\n\u0d9a\u0db3\u0dd4\u0dbd \u0dc4\u0ddd \u0dc4\u0dc3\u0dbb\u0dd0\u0dbd\u0dca\u0dbd\u0dda\r\n\u0d89\u0db8 \u0d85\u0db4\u0dd2\u0db8\u0dba\u0dd2\n\r\n\u0dbb\u0dd0\u0dba\u0da7 \u0d85\u0dc3\u0dbb\u0dab \u0dc0\u0dd9\u0dbd\u0dcf\r\n\u0dc4\u0da9\u0db1 \u0db4\u0dbd\u0d9f\u0dd0\u0da7\u0dd2 \u0db6\u0dbd\u0dcf\r\n\u0d9a\u0db3\u0dd4\u0dc5\u0dd4 \u0dc4\u0ddd \u0dc4\u0dc3\u0dbb\u0dd0\u0dbd\u0dd3 \u0daf\u0d9a\u0dd2\u0db8\u0dd4\u0daf\u0ddd\r\n\u0d85\u0dc0\u0daf\u0dd2\u0dc0\u0db1 \u0dbd\u0ddc\u0dc0 \u0db6\u0dbd\u0dcf\r\n\u0daf\u0ddc\u0da9\u0db1 \u0d9c\u0dd2\u0dbb\u0dc0\u0dd4\u0db1\u0dca \u0dc3\u0ddc\u0dba\u0dcf\r\n\u0d9a\u0db3\u0dd4\u0dc5\u0dd4 \u0dc4\u0ddd \u0dc4\u0dc3\u0dbb\u0dd0\u0dbd\u0dd3 \u0daf\u0d9a\u0dd2\u0db8\u0dd4\u0daf\u0ddd\n\r\n\u0d85\u0db3\u0dd4\u0dbb \u0d85\u0dad\u0dbb\u0da7 \u0dc0\u0dd9\u0dbd\u0dcf\r\n\u0d89\u0db3\u0dd2\u0db8\u0dd4 \u0d9a\u0dc5\u0dd4\u0dc0\u0dbb \u0db6\u0dbd\u0dcf\r\n\u0d9a\u0db3\u0dd4\u0dbd\u0dd9\u0db1\u0dd4\u0dba\u0dd2 \u0dc4\u0dc3\u0dbb\u0dd0\u0dbd\u0dd2 \u0d8b\u0db4\u0db1\u0dca\u0db1\u0dda //\n\r\n\u0d94\u0db6 \u0d9a\u0db3\u0dd4\u0dbd\u0dda......."
    },
    {
        "uuid": "2bc550f0-8a21-11e9-9270-3863bb98c88b",
        "song": "Oba Kamathi Nam Mata Kiyanna ",
        "singer": "Piyal Perera ",
        "lyricUnicode": "\u0d94\u0db6 \u0d9a\u0dd0\u0db8\u0dad\u0dd2 \u0db1\u0db8\u0dca \u0db8\u0da7 \u0d9a\u0dd2\u0dba\u0db1\u0dca\u0db1\r\n\u0db8\u0d9c\u0dd9 \u0daf\u0dd4\u0d9a \u0da7\u0dd2\u0d9a\u0d9a\u0dca \u0dc4\u0dbb\u0dd2 \u0db1\u0dd2\u0dc0\u0dd9\u0db1\u0dca\u0db1\r\n\u0d94\u0db6 \u0d87\u0dba\u0dd2 \u0d9c\u0dd2\u0dba\u0dda \u0d9a\u0dd2\u0dba\u0dbd\u0dcf\r\n\u0dc4\u0daf\u0dc0\u0dad \u0db8\u0d9c\u0dda \u0db6\u0dd2\u0db3\u0dbd\u0dcf //\n\r\n\u0d94\u0db6\u0db8 \u0dad\u0db8\u0dba\u0dd2 \u0db4\u0dd9\u0dbb\u0daf\u0dcf \u0db8\u0dcf \u0dc0\u0dd9\u0dad \u0d86\u0dc0\u0dda\r\n\u0d94\u0db6\u0db8 \u0dad\u0db8\u0dba\u0dd2 \u0d86\u0daf\u0dbb\u0dda \u0d9c\u0dd0\u0db1 \u0db8\u0da7 \u0d9a\u0dd3\u0dc0\u0dda\r\n\u0d94\u0db6\u0db8 \u0dad\u0db8\u0dba\u0dd2 \u0db8\u0d9c\u0dd9 \u0da2\u0dd3\u0dc0\u0dd2\u0dad\u0dda \u0d91\u0dc5\u0dd2\u0dba \u0d9a\u0dbd\u0dda\r\n\u0d94\u0db6\u0db8 \u0dad\u0db8\u0dba\u0dd2 \u0d85\u0daf \u0db8\u0d9c\u0dd9 \u0dbd\u0ddc\u0dc0 \u0d85\u0db3\u0dd4\u0dbb\u0dd4 \u0d9a\u0dbd\u0dda\n\r\n\u0d94\u0db6 \u0d9a\u0dd0\u0db8\u0dad\u0dd2 \u0db1\u0db8\u0dca....\n\r\n\u0dc5\u0d9f \u0d89\u0db1\u0dca\u0db1\u0db8\u0dca \u0dc3\u0dd0\u0db8\u0daf\u0dcf \u0d94\u0db6\u0db8\u0dba\u0dd2 \u0d9a\u0dd3\u0dc0\u0dda\r\n\u0db4\u0dd9\u0db8\u0dca \u0d9c\u0dd3 \u0dc0\u0dd0\u0dbd\u0dca \u0d9c\u0ddc\u0dad\u0dbd\u0dcf \u0d94\u0db6\u0db8\u0dba\u0dd2 \u0d9c\u0dd0\u0dba\u0dd4\u0dc0\u0dda\r\n\u0db8\u0d9c\u0dd9 \u0dad\u0dd4\u0dbb\u0dd4\u0dbd\u0dda \u0d8b\u0dab\u0dd4\u0dc3\u0dd4\u0db8 \u0d94\u0db6\u0db8\u0dba\u0dd2 \u0db4\u0dd0\u0dad\u0dd4\u0dc0\u0dda\r\n\u0d85\u0daf \u0dba\u0db1\u0dca\u0db1 \u0d9c\u0dd2\u0dba\u0dda \u0db8\u0da7 \u0db1\u0ddc\u0d9a\u0dd2\u0dba\u0db8 \u0d87\u0dba\u0dd2 \u0d9a\u0dd9\u0dbd\u0dca\u0dbd\u0dda\n\r\n\u0d94\u0db6 \u0d9a\u0dd0\u0db8\u0dad\u0dd2 \u0db1\u0db8\u0dca.... //\n\r\n\u0d94\u0db6 \u0d87\u0dba\u0dd2 \u0d9c\u0dd2\u0dba\u0dda \u0d9a\u0dd2\u0dba\u0dbd\u0dcf\r\n\u0dc4\u0daf\u0dc0\u0dad \u0db8\u0d9c\u0dda \u0db6\u0dd2\u0db3\u0dbd\u0dcf"
    },
    {
        "uuid": "2e552f46-8a21-11e9-8538-3863bb98c88b",
        "song": "Oba Kothanakado Mage Hada Randawa ",
        "singer": "Niranjala Sarojini ",
        "lyricUnicode": "\u0d94\u0db6 \u0d9a\u0ddc\u0dad\u0dd0\u0db1\u0d9a\u0daf\u0ddd \u0db8\u0d9c\u0dd9 \u0dc4\u0daf \u0dbb\u0db3\u0dc0\u0dcf \r\n\u0d9c\u0dd9\u0db1 \u0dba\u0db1\u0dca\u0db1 \u0d9c\u0dd2\u0dba\u0dda \u0db8\u0dcf \u0dc3\u0dd2\u0dbb\u0d9a\u0dbb\u0daf\u0dcf\r\n\u0d88\u0dad\u0d9a \u0db1\u0ddc\u0dba\u0db1\u0dca\u0db1 \u0dc3\u0db6\u0db3\u0dda\r\n\u0d94\u0db6 \u0d9a\u0ddc\u0dad\u0dd0\u0db1\u0d9a\u0daf\u0ddd \u0db8\u0d9c\u0dd9 \u0dc4\u0daf \u0dbb\u0db3\u0dc0\u0dcf\n\r\n\u0db8\u0ddc\u0dc4\u0ddc\u0dad\u0d9a\u0dca \u0db4\u0dcf\u0dc3\u0dcf \u0d94\u0db6 \u0d9c\u0dd0\u0db1 \u0dc3\u0dd2\u0dc4\u0dd2\u0dc0\u0dd3 \r\n\u0d9a\u0dcf\u0dbd\u0dba \u0daf\u0dd2\u0d9c\u0dba \u0dc3\u0dd2\u0dad\u0dda \r\n\u0dc3\u0dd2\u0dad\u0dd4\u0dc0\u0dd2\u0dbd\u0dd2 \u0d85\u0dad\u0dbb\u0dda \u0dad\u0dd9\u0dbb\u0db4\u0dd9\u0db1\u0dca\u0db1\u0dda //\r\n\u0daf\u0ddc\u0dbb \u0d9a\u0dc0\u0dd4\u0dc5\u0dd4\u0dc0 \u0dad\u0dd9\u0d9a\u0dca \u0d91\u0db1 \u0db8\u0d9f \u0db6\u0dbd\u0db8\u0dd2\u0db1\u0dca \r\n\u0daf\u0dd1\u0dc3\u0dca \u0d85\u0dba\u0dcf\u0d9c\u0dd9\u0db1 \u0d89\u0db1\u0dca\u0db1\u0db8\u0dca\n\r\n\u0d94\u0db6 \u0d9a\u0ddc\u0dad\u0dd0\u0db1\u0d9a\u0daf\u0ddd... \n\r\n\u0d9c\u0dad \u0dc3\u0dd2\u0dad \u0d91\u0d9a\u0dbd\u0dc3\u0dca \u0db1\u0ddc\u0dc0\u0db1 \u0dba\u0dcf\u0db8\u0dba\u0dda\r\n\u0db4\u0dcf\u0dc5\u0dd4\u0dc0 \u0daf\u0dd0\u0da9\u0dd2 \u0dbd\u0dd9\u0dc3 \u0daf\u0dd0\u0db1\u0dd4\u0dab\u0dda\r\n\u0d94\u0db6 \u0dc4\u0daf \u0d85\u0dbb\u0dab\u0dda \u0dc3\u0dd4\u0dc0\u0db3 \u0daf\u0dd0\u0db1\u0dd3 //\r\n\u0daf\u0ddc\u0dbb \u0d9a\u0dc0\u0dd4\u0dc5\u0dd4\u0dc0 \u0dad\u0dd9\u0d9a\u0dca \u0d91\u0db1 \u0db8\u0d9f \u0db6\u0dbd\u0db8\u0dd2\u0db1\u0dca \r\n\u0daf\u0dd1\u0dc3\u0dca \u0d85\u0dba\u0dcf\u0d9c\u0dd9\u0db1 \u0d89\u0db1\u0dca\u0db1\u0db8\u0dca\n\r\n\u0d94\u0db6 \u0d9a\u0ddc\u0dad\u0dd0\u0db1\u0d9a\u0daf\u0ddd...                              "
    },
    {
        "uuid": "2fc773d4-8a21-11e9-afd8-3863bb98c88b",
        "song": "Oba Laba Ganna Oba Hata Athi Adare Hinda ",
        "singer": "Mariyasel Gunathilaka ",
        "lyricUnicode": "\u0d94\u0db6 \u0dbd\u0db6\u0dcf \u0d9c\u0db1\u0dca\u0db1 \u0d94\u0db6 \u0dc4\u0da7 \u0d87\u0dad\u0dd2 \u0d86\u0daf\u0dbb\u0dda \u0dc4\u0db1\u0dca\u0daf\u0dcf\r\n\u0daf\u0dd4\u0d9a\u0dd2\u0db1\u0dca \u0dc0\u0dda\u0daf\u0db1\u0dcf\u0dc0\u0dd9\u0db1\u0dca \u0db8\u0dcf \u0dc3\u0dd2\u0da7\u0dd2\u0dba\u0dda \u0dc3\u0dd1\u0db8\u0daf\u0dcf \r\n\u0d94\u0db6 \u0db1\u0ddc\u0daf\u0dd0\u0d9a \u0d89\u0db1\u0dca\u0db1 \u0db6\u0dd0\u0dbb\u0dd2 \u0d8b\u0db1\u0dda \u0db8\u0db8 \u0d86\u0daf\u0dbb\u0dda \u0dc4\u0db1\u0dca\u0daf\u0dcf\r\n\u0db8\u0db8 \u0d94\u0db6 \u0dbd\u0d9c \u0d89\u0db1\u0dca\u0db1\u0dd9\u0db8\u0dd2 \u0dc3\u0dad\u0dd4\u0da7\u0dd2\u0db1\u0dca \u0db4\u0dd9\u0db8\u0dd2\u0db1\u0dca \u0dc3\u0dd1\u0db8\u0daf\u0dcf\n\r\n\u0d86\u0daf\u0dbb\u0dda \u0d9a\u0dbb\u0dbd\u0dcf \u0d94\u0db6 \u0dc4\u0da7 \u0d86\u0daf\u0dbb\u0dda \u0db4\u0dd4\u0daf\u0dbd\u0dcf\r\n\u0dc0\u0dd9\u0db1 \u0d85\u0dba\u0dd9\u0d9a\u0dd4\u0d9c\u0dda \u0dc3\u0dd4\u0dbb\u0dad \u0d9c\u0db1\u0dca\u0db1\u0dda \u0d9a\u0dd9\u0dbd\u0dd9\u0dc3\u0daf \u0dc3\u0dd2\u0dad\u0dbd\u0dcf\r\n\u0d94\u0db6 \u0d9c\u0dd0\u0db1 \u0dc3\u0dd2\u0dad\u0dbd\u0dcf \u0db1\u0ddc\u0dc4\u0dac\u0db1 \u0dc4\u0dd0\u0dac\u0dd4\u0db8\u0dca \u0dc4\u0dac\u0dcf\u0dbd\u0dcf\r\n\u0db6\u0ddc\u0dc4\u0ddc \u0daf\u0dd4\u0dbb\u0d9a\u0dca \u0d9c\u0dd9\u0dc0\u0dcf \u0d86\u0dc0\u0dd9\u0db8\u0dd2 \u0db8\u0db8 \u0d86\u0daf\u0dbb\u0dda \u0dc4\u0db1\u0dca\u0daf\u0dcf\n\r\n\u0d94\u0db6 \u0dbd\u0db6\u0dcf \u0d9c\u0db1\u0dca\u0db1....\n\r\n\u0db8\u0db1\u0dca \u0dad\u0dbb\u0dc4 \u0dc0\u0dd9\u0dbd\u0dcf \u0db8\u0d9c\u0dda \u0db8\u0dc0\u0dca \u0db4\u0dd2\u0dba\u0ddd \u0dad\u0dbb\u0dc4\u0dcf \u0dc0\u0dd9\u0dbd\u0dcf\r\n\u0d92 \u0d85\u0dba \u0d85\u0db8\u0dad\u0d9a \u0d9a\u0dd9\u0dbb\u0dd4\u0dc0\u0dda \u0d94\u0db6 \u0db8\u0dad\u0d9a\u0dca \u0dc0\u0dd9\u0dbd\u0dcf\r\n\u0d94\u0db6 \u0d9c\u0dd0\u0db1 \u0dc3\u0dd2\u0dad\u0dbd\u0dcf \u0db1\u0ddc\u0dc4\u0dac\u0db1 \u0dc4\u0dd0\u0dac\u0dd4\u0db8\u0dca \u0dc4\u0dac\u0dcf\u0dbd\u0dcf\r\n\u0db6\u0ddc\u0dc4\u0ddc \u0daf\u0dd4\u0dbb\u0d9a\u0dca \u0d9c\u0dd9\u0dc0\u0dcf \u0d86\u0dc0\u0dd9\u0db8\u0dd2 \u0db8\u0db8 \u0d86\u0daf\u0dbb\u0dda \u0dc4\u0db1\u0dca\u0daf\u0dcf\n\r\n\u0d94\u0db6 \u0dbd\u0db6\u0dcf \u0d9c\u0db1\u0dca\u0db1...."
    },
    {
        "uuid": "31c324c0-8a21-11e9-a3c7-3863bb98c88b",
        "song": "Oba Lagin Inna Bahane ",
        "singer": "Gayani Madhusha ",
        "lyricUnicode": "\u0d94\u0db6 \u0dbd\u0d9f\u0dd2\u0db1\u0dca \u0d89\u0db1\u0dca\u0db1 \u0db6\u0dd0\u0dc4\u0dd0\u0db1\u0dda \u0d87\u0dba \u0d94\u0db6 \u0dbd\u0d9f\u0db8 \u0db1\u0dd2\u0dc3\u0dcf\r\n\u0d94\u0db6 \u0daf\u0dd4\u0dbb\u0dd2\u0db1\u0dca \u0d89\u0db1\u0dca\u0db1 \u0dc4\u0dd0\u0db8 \u0db8\u0ddc\u0dc4\u0ddc\u0dad\u0d9a \u0daf\u0dd4\u0d9a \u0d8b\u0dbb\u0dd4\u0db8 \u0dc0\u0dd9\u0dbd\u0dcf\r\n\u0db8\u0d9c\u0dda \u0d86\u0daf\u0dbb\u0dda \u0d94\u0dba\u0dcf\u0db1\u0dda \u0d91\u0dba \u0daf\u0db1\u0dca\u0db1\u0dc0\u0db1\u0dda \u0d94\u0dba\u0dcf\r\n\u0d94\u0db6 \u0dbd\u0d9f\u0dd2\u0db1\u0dca\u0db8 \u0d89\u0db1\u0dca\u0db1\u0da7 \u0db8\u0da7 \u0dc0\u0dbb\u0db8\u0dca \u0db1\u0dd0\u0dad\u0dd2 \u0dc0\u0dd9\u0dbd\u0dcf\n\r\n\u0d94\u0db6 \u0db1\u0ddc\u0daf\u0dd0\u0d9a \u0d89\u0db1\u0dca\u0db1 \u0db6\u0dd0\u0dc4\u0dd0\u0db1\u0dda \u0dad\u0db1\u0dd2\u0d9a\u0db8\u0dd9\u0db1\u0dca \u0db8\u0dcf \u0dc0\u0dd9\u0dbd\u0dd9\u0db1\u0dca\u0db1\u0dda\r\n\u0d94\u0db6 \u0db1\u0ddc\u0daf\u0dd0\u0d9a \u0d89\u0db1\u0dca\u0db1 \u0dc4\u0dd0\u0db8 \u0db8\u0ddc\u0dc4\u0ddc\u0dad\u0d9a \u0d9a\u0daf\u0dd4\u0dc5\u0dd4 \u0db4\u0dd2\u0dbb\u0dd9\u0db1\u0dc0\u0dcf\r\n\u0db8\u0da7 \u0db1\u0ddc\u0daf\u0dd0\u0d9a \u0d89\u0db1\u0dca\u0db1 \u0db6\u0dd0\u0dc4\u0dd0\u0db1\u0dda \u0dad\u0db1\u0dd2\u0d9a\u0db8\u0dd9\u0db1\u0dca \u0db8\u0dcf \u0dc0\u0dd9\u0dbd\u0dd9\u0db1\u0dca\u0db1\u0dda\r\n\u0d94\u0db6 \u0db1\u0ddc\u0daf\u0dd0\u0d9a \u0d89\u0db1\u0dca\u0db1 \u0dc4\u0dd0\u0db8 \u0db8\u0ddc\u0dc4\u0ddc\u0dad\u0d9a \u0d9a\u0daf\u0dd4\u0dc5\u0dd4 \u0db4\u0dd2\u0dbb\u0dd9\u0db1\u0dc0\u0dcf\r\n\u0dc3\u0dd2\u0dad  \u0d94\u0db6\u0da7 \u0daf\u0dd3\u0dbd\u0dcf \u0db8\u0d9c\u0dda \u0dad\u0dd4\u0dbb\u0dd4\u0dbd\u0dda \u0dbb\u0dd0\u0daf\u0dd9\u0db1\u0dca\u0db1 \u0d95\u0db1\u0dda\r\n\u0dc4\u0dd0\u0db8\u0daf\u0dcf\u0db8 \u0d91\u0dc4\u0dd9\u0db8 \u0d89\u0db1\u0dca\u0db1\u0da7 \u0db8\u0db8 \u0db4\u0dd9\u0dbb\u0dd4\u0db8\u0dca \u0db4\u0dd4\u0dbb\u0db1\u0dc0\u0dcf\n\r\n\u0d94\u0db6 \u0dbd\u0d9f\u0dd2\u0db1\u0dca \u0d89\u0db1\u0dca\u0db1.....\n\r\n\u0db8\u0da7 \u0d9a\u0dc0\u0dd4\u0dbb\u0dd4\u0dc0\u0dad\u0dca\u0db8 \u0db1\u0dd0\u0dc4\u0dd0\u0db1\u0dda \u0d94\u0db6 \u0dc0\u0dd2\u0dad\u0dbb\u0db8\u0dba\u0dd2\u0db1\u0dda \u0d89\u0db1\u0dca\u0db1\u0dda\r\n\u0d94\u0db6 \u0db1\u0ddc\u0dbd\u0dd0\u0d9b\u0dd9\u0db1 \u0db6\u0dc0 \u0daf\u0dd0\u0db1\u0d9c\u0dd9\u0db1 \u0d86\u0daf\u0dbb\u0dda \u0d9a\u0dbb\u0db1\u0dc0\u0dcf //\r\n\u0db8\u0dd4\u0dbd\u0dd6 \u0dbd\u0ddc\u0dc0\u0db8 \u0db8\u0dcf\u0d9c\u0dda \u0d94\u0db6\u0db1\u0dda \u0db8\u0db8 \u0db1\u0dd9\u0db8\u0dd9\u0dba\u0dd2 \u0d94\u0db6\u0d9c\u0dda \u0dbd\u0ddc\u0d9a\u0dda\r\n\u0db8\u0d9c\u0dda \u0dc4\u0dd4\u0dc3\u0dca\u0db8 \u0dba\u0db1 \u0dad\u0dd4\u0dbb\u0dcf \u0d94\u0db6 \u0dc4\u0da7 \u0d86\u0daf\u0dbb\u0dda\u0db1\u0dda \u0db8\u0dcf\n\r\n\u0d94\u0db6 \u0dbd\u0d9f\u0dd2\u0db1\u0dca \u0d89\u0db1\u0dca\u0db1....."
    },
    {
        "uuid": "36e9a2d4-8a21-11e9-bf8f-3863bb98c88b",
        "song": "Oba Ma Hamuwunada (Oba Es Piya Nohela) ",
        "singer": "Shashika Nisansala ",
        "lyricUnicode": "\u0d94\u0db6 \u0db8\u0dcf \u0dc4\u0db8\u0dd4\u0dc0\u0dd4\u0db1\u0daf\u0dcf \u0daf\u0dd1\u0dad\u0dca \u0daf\u0dbb\u0dcf\r\n\u0db4\u0dd9\u0dbb\u0db7\u0dc0\u0dba\u0d9a \u0db6\u0dd0\u0daf\u0dd4\u0db1\u0dcf \u0db8\u0dd9\u0db1\u0dca \u0db6\u0dd0\u0daf\u0dd4\u0db1\u0dcf\r\n\u0dc3\u0dc0\u0db1\u0da7 \u0dbb\u0dc4\u0dc3\u0dd2\u0db1\u0dca \u0d9a\u0dd3\u0dc0\u0dcf \r\n\u0db8\u0da7 \u0d86\u0daf\u0dbb\u0dd9\u0dba\u0dd2 \u0d9a\u0dd2\u0dba\u0dcf //\n\r\n\u0d94\u0db6 \u0d87\u0dc3\u0dca\u0db4\u0dd2\u0dba \u0db1\u0ddc\u0dc4\u0dd9\u0dbd\u0dcf \u0db6\u0dd0\u0dbd\u0dd4\u0dc0\u0dcf ///\r\n\u0db8\u0d9c\u0dd9 \u0daf\u0dd1\u0dc3\u0dca \u0daf\u0dd2\u0dc4\u0dcf\r\n\u0db8\u0dcf \u0d87\u0dc3\u0dca \u0db4\u0dd2\u0dba \u0db1\u0ddc\u0dc4\u0dd9\u0dbd\u0dcf \u0db6\u0dd0\u0dbd\u0dd4\u0dc0\u0dcf ///\r\n\u0d94\u0d9b\u0dd9 \u0daf\u0dd1\u0dc3\u0dca \u0daf\u0dd2\u0dc4\u0dcf\n\r\n\u0dc3\u0db1\u0dca\u0dc3\u0dd4\u0db1\u0dca \u0dc3\u0dd2\u0dad\u0dd2\u0db1\u0dca \u0dc3\u0dd2\u0dad\u0db8\u0dd2 \u0db8\u0dd4\u0dc5\u0dd4 \u0dbb\u0dd1 \u0db4\u0dd4\u0dbb\u0dcf\r\n\u0daf\u0dd0\u0db1\u0dd9\u0db1\u0dcf \u0dc4\u0dd0\u0d9f=\u0db8\u0dca \u0dc0\u0dd2\u0db3\u0dd2\u0db8\u0dd2 \u0dc3\u0dd2\u0dc4\u0dd2\u0db1\u0dda \u0dc3\u0dbb\u0dcf\r\n\u0daf\u0dd2\u0d9c\u0dd4 \u0dbb\u0dd0\u0dba \u0daf\u0dd2\u0d9c\u0dda \u0d94\u0db6\u0dda \u0dbb\u0dd4\u0dc0 \u0db8\u0dd0\u0dc0\u0dda\r\n\u0db4\u0dc0\u0dc3\u0db1\u0dca\u0db1 \u0dbd\u0d82\u0dc0\u0dd9\u0dbd\u0dcf \u0db8\u0dda \u0dad\u0dbb\u0db8\u0dca \u0d86\u0daf\u0dbb\u0dda\r\n\u0d9a\u0ddc\u0dc4\u0dd9\u0db1\u0dca\u0daf\u0ddd \u0d9a\u0dd2\u0dba\u0dcf\n\r\n\u0d94\u0db6 \u0d87\u0dc3\u0dca\u0db4\u0dd2\u0dba \u0db1\u0ddc\u0dc4\u0dd9\u0dbd\u0dcf.....\n\r\n\u0dc3\u0dd2\u0dad\u0dca\u0db8\u0dbd\u0dca \u0daf\u0dd9\u0d9a\u0d9a\u0dca \u0dbd\u0d82\u0dc0\u0dd3 \u0dc3\u0dd2\u0dad\u0dd0\u0d9f\u0dd2 \u0db4\u0dd4\u0dbb\u0dcf\r\n\u0d9a\u0ddc\u0db3\u0dd4\u0dbb\u0dcf \u0dc0\u0daf\u0db1\u0dca \u0dbb\u0dd0\u0dd9\u0db3\u0db8\u0dd2 \u0dc3\u0d9f\u0dc0\u0dcf \u0db1\u0dd4\u0dbb\u0dcf\r\n\u0dc3\u0db3 \u0daf\u0dd2\u0dba \u0db4\u0dd2\u0dbb\u0dda \u0d87\u0dc3\u0dd2\u0db4\u0dd2\u0dba \u0d87\u0d86\u0daf\u0dbb\u0dda\r\n\u0db4\u0dc0\u0dc3\u0db1\u0dca\u0db1 \u0dbd\u0d82\u0dc0\u0dd9\u0dbd\u0dcf \u0db8\u0dda \u0dad\u0dbb\u0db8\u0dca \u0d86\u0daf\u0dbb\u0dda\r\n\u0d9a\u0ddc\u0dc4\u0dd9\u0db1\u0dca\u0daf\u0ddd \u0d9a\u0dd2\u0dba\u0dcf\n\r\n\u0d94\u0db6 \u0d87\u0dc3\u0dca\u0db4\u0dd2\u0dba \u0db1\u0ddc\u0dc4\u0dd9\u0dbd\u0dcf....."
    },
    {
        "uuid": "3921207e-8a21-11e9-813e-3863bb98c88b",
        "song": "Oba Ma Samaga Athinatha Ganna Dawasa ",
        "singer": "W D Amaradeva ",
        "lyricUnicode": "\u0d94\u0db6 \u0db8\u0dcf \u0dc3\u0db8\u0d9c \u0d85\u0dad\u0dd2\u0db1\u0dad \u0d9c\u0db1\u0dca\u0db1\u0dcf \u0daf\u0dc0\u0dc3\r\n\u0db8\u0dda \u0db8\u0dc4 \u0d9a\u0db1\u0dca\u0daf \u0db6\u0dd0\u0dbd\u0dd4\u0dc0\u0dcf \u0dc4\u0dd2\u0db3 \u0d9c\u0db8 \u0dc3\u0dd2\u0dbb\u0dc3\r\n\u0d94\u0db6 \u0db8\u0dcf \u0d85\u0dad\u0dd0\u0dbb \u0dc0\u0dd9\u0db1 \u0db1\u0dd4\u0dc0\u0dbb\u0d9a \u0d9c\u0dd2\u0dba \u0dc0\u0dd2\u0d9c\u0dc3\r\n\u0db8\u0dda \u0db8\u0dc4 \u0d9a\u0db1\u0dca\u0daf \u0db6\u0dd0\u0dbd\u0dd4\u0dc0\u0dcf \u0dc4\u0ddc\u0dbb\u0dd0\u0dc4\u0dd2\u0db1\u0dca \u0db8\u0daf\u0dd9\u0dc3\n\r\n\u0db4\u0dd1 \u0daf\u0dd2\u0dba \u0db1\u0dd2\u0dbd\u0dca\u0dbd \u0dc3\u0dd4\u0daf\u0dd4 \u0db1\u0dd9\u0dc5\u0dd4\u0db8\u0da7 \u0db8\u0dd2\u0dc4\u0dd2\u0dbb \u0db4\u0ddc\u0dc0\u0dba\u0dd2\r\n\u0db4\u0dcf\u0dc5\u0dd4\u0dc0 \u0dbd\u0dd4\u0dc4\u0dd4 \u0db6\u0db3\u0dd2\u0db1 \u0d9a\u0dd2\u0dbb\u0dbd\u0dcf \u0dc4\u0dac\u0dcf \u0dc0\u0dd0\u0da7\u0dd9\u0dba\u0dd2\r\n\u0db1\u0ddc\u0d9a\u0dd2\u0dba\u0dd6 \u0dbb\u0dc4\u0dc3 \u0dc4\u0daf \u0d8b\u0dad\u0dd4\u0dbb\u0dcf \u0dc0\u0dcf\u0d82 \u0daf\u0db8\u0dba\u0dd2\r\n\u0db8\u0dad\u0d9a\u0dba\u0dd9 \u0dc3\u0dd4\u0dc0\u0db3 \u0dad\u0dc0\u0db8\u0dad\u0dca \u0db8\u0dcf \u0dc3\u0dd2\u0dad\u0da7 \u0daf\u0dd0\u0db1\u0dd9\u0dba\u0dd2"
    },
    {
        "uuid": "473f2f40-8a21-11e9-9938-3863bb98c88b",
        "song": "Oba Nathiwa Oba Ekka Nidana Awasan Rathriye ",
        "singer": "Amarasiri Peiris ",
        "lyricUnicode": "\u0d94\u0db6 \u0db1\u0dd0\u0dad\u0dd2\u0dc0 \u0d94\u0db6 \u0d91\u0d9a\u0dca\u0d9a \u0db1\u0dd2\u0daf\u0db1 \u0d85\u0dc0\u0dc3\u0db1\u0dca \u0dbb\u0dcf\u0dad\u0dca\u200d\u0dbb\u0dd2\u0dba\u0dda\r\n\u0daf\u0ddd\u0dad \u0db4\u0dd4\u0dbb\u0dcf \u0dc3\u0dd9\u0db1\u0dd9\u0dc4\u0dc3 \u0db4\u0dd4\u0dbb\u0dc0\u0dcf\u0d9c\u0dd9\u0db1\r\n\u0d91\u0db1\u0dd4 \u0db8\u0dd0\u0db1 \u0d85\u0dc0\u0dc3\u0dcf\u0db1\u0dba \u0d91\u0db1\u0dca\u0db1\u0da7 \u0db4\u0dd9\u0dbb\r\n\u0db8\u0db1\u0dca\u0daf\u0dc4\u0dcf\u0dc3 \u0db8\u0dd4\u0dc0\u0d9c\u0dda \u0dc3\u0dd4\u0dc3\u0dd4\u0db8\u0dca \u0d9a\u0daf\u0dd4\u0dc5\u0dd4 \u0d85\u0dad\u0dd4\u0dbb\u0dcf\n\r\n\u0dbb\u0dc4\u0dc3\u0d9a\u0dca \u0d9a\u0ddc\u0db3\u0dd4\u0dbb\u0dcf \u0db1\u0dd4\u0db9\u0da7 \u0d9a\u0dd2\u0dba\u0db1\u0dca\u0db1\u0daf\r\n\u0d8a\u0dba\u0dd9\u0dad\u0dca \u0db1\u0dd2\u0db1\u0dca\u0daf\u0d9a\u0dca \u0db1\u0ddc\u0d9c\u0dd2\u0dba \u0dad\u0dbb\u0db8\u0dca\r\n\u0d8b\u0dc4\u0dd4\u0dbd\u0db1\u0dca\u0db1\u0da7 \u0db6\u0dd0\u0dbb\u0dd2 \u0daf\u0dd4\u0d9a\u0dca\u0db6\u0dbb \u0dc4\u0dd3\u0db1\u0dd9\u0d9a\r\n\u0db8\u0dd2\u0dba\u0d9c\u0dd2\u0dba \u0db4\u0dca\u200d\u0dbb\u0dda\u0db8\u0dba\u0daf\u0ddd \u0db1\u0dd4\u0db9 \u0db8\u0dcf \u0dbd\u0daf\n\r\n\u0db4\u0dc0\u0db1\u0da7 \u0db8\u0dd4\u0db8\u0dd4\u0dab\u0dcf \u0dbd\u0ddc\u0dc0\u0da7 \u0d9a\u0dd2\u0dba\u0db1\u0dca\u0db1\u0daf\r\n\u0db1\u0dd4\u0db9 \u0db8\u0dcf \u0d9c\u0dd9\u0db1 \u0d9c\u0dd2\u0dba \u0daf\u0dd4\u0dbb\u0d9a \u0dad\u0dbb\u0db8\u0dca\r\n\u0d86\u0db4\u0dc3\u0dd4 \u0d91\u0db1\u0dca\u0db1\u0da7 \u0db6\u0dd0\u0dbb\u0dd2 \u0daf\u0dd4\u0dbb \u0d88\u0dad\u0d9a\r\n\u0dba\u0db1 \u0db8\u0da7 \u0dc4\u0db8\u0dd4\u0dc0\u0dda\u0daf\u0ddd \u0db1\u0dd4\u0db9 \u0d9a\u0dd9\u0daf\u0dd2\u0db1\u0d9a\n\r\n\u0d94\u0db6 \u0db1\u0dd0\u0dad\u0dd2\u0dc0 \u0d94\u0db6 \u0d91\u0d9a\u0dca\u0d9a.....\n"
    },
    {
        "uuid": "4c82d07a-8a21-11e9-af70-3863bb98c88b",
        "song": "Oba Nodaka Hidina Nisa Paluwak Danuna ",
        "singer": "Shahil Himansa ",
        "lyricUnicode": "\u0d94\u0db6 \u0db1\u0ddc\u0daf\u0dd0\u0d9a \u0dc4\u0dd2\u0db3\u0dd2\u0db1\u0dcf \u0db1\u0dd2\u0dc3\u0dcf \u0db4\u0dcf\u0dc5\u0dd4\u0dc0\u0d9a\u0dca \u0daf\u0dd0\u0db1\u0dd4\u0dab\u0dcf\r\n\u0dc3\u0dad\u0dca\u0dad\u0db8\u0dba\u0dd2 \u0d94\u0db6 \u0db8\u0da7 \u0db8\u0dd0\u0dc0\u0dd6 \u0d9a\u0dd9\u0db1\u0dcf\u0db8\u0dba\u0dd2 \u0dc4\u0dd2\u0dad\u0dd4\u0dab\u0dcf\r\n\u0dc4\u0dd0\u0dbb\u0daf\u0dcf \u0d9c\u0dd2\u0dba\u0dad\u0dca \u0d94\u0dba\u0dcf \u0db8\u0dcf\u0dc0 \u0d85\u0db8\u0dad\u0d9a \u0d9a\u0dbb\u0dbd\u0dcf\r\n\u0dc3\u0dad\u0dd4\u0da7\u0dd2\u0db1\u0dca\u0db8 \u0d89\u0db1\u0dca\u0db1 \u0d94\u0dba\u0dcf \u0d85\u0db4\u0dda \u0db8\u0dad\u0d9a \u0d85\u0dad\u0dc4\u0dd0\u0dbb\u0daf\u0dcf\n\r\n\u0db8\u0dad\u0dd4 \u0daf\u0dd2\u0db1\u0dd9\u0d9a \u0d94\u0db6\u0dda \u0dc0\u0dd9\u0db1\u0dca\u0db1 \u0db4\u0dd9\u0dbb\u0dd4\u0db8\u0db1\u0dca \u0db4\u0dd4\u0dbb\u0dcf \u0db8\u0dd9\u0db8\u0dcf\r\n\u0daf\u0dd0\u0d9a \u0d9c\u0db1\u0dca\u0db1 \u0daf\u0dd2\u0db1 \u0d9c\u0db1\u0dd2\u0db1 \u0db6\u0dc0 \u0daf\u0db1\u0dca\u0db1\u0dda \u0db1\u0dd1 \u0d94\u0dba\u0dcf\r\n\u0d9a\u0dc0\u0daf\u0dcf\u0d9a \u0dc4\u0ddd \u0dbd\u0dd0\u0db6\u0dd4\u0dab\u0ddc\u0dad\u0dca \u0d94\u0dba\u0dcf\r\n\u0db4\u0dab \u0dc0\u0dcf\u0d9c\u0dda \u0db8\u0d82 \u0dbb\u0dd0\u0d9a \u0d9c\u0db1\u0dca\u0db1\u0dc0\u0dcf\n\r\n\u0d94\u0db6 \u0db1\u0ddc\u0daf\u0dd0\u0d9a \u0dc4\u0dd2\u0db3\u0dd2\u0db1\u0dcf \u0db1\u0dd2\u0dc3\u0dcf \u0db4\u0dcf\u0dc5\u0dd4\u0dc0\u0d9a\u0dca \u0daf\u0dd0\u0db1\u0dd4\u0dab\u0dcf\r\n\u0dc3\u0dad\u0dca\u0dad\u0db8\u0dba\u0dd2 \u0d94\u0db6 \u0db8\u0da7 \u0db8\u0dd0\u0dc0\u0dd6 \u0d9a\u0dd9\u0db1\u0dcf\u0db8\u0dba\u0dd2 \u0dc4\u0dd2\u0dad\u0dd4\u0dab\u0dcf\n\r\n\u0dc4\u0dd2\u0dad \u0dbb\u0dd2\u0daf\u0dd9\u0db1 \u0db6\u0dc0 \u0db1\u0ddc\u0daf\u0dd0\u0db1 \u0dbb\u0dd2\u0daf\u0dc0\u0db1\u0dca\u0db1\u0dda \u0d87\u0dba\u0dd2 \u0d94\u0dba\u0dcf\r\n\u0dad\u0dc0 \u0d8b\u0dab\u0db1 \u0d9a\u0db3\u0dd4\u0dc5\u0d9a\u0da7 \u0d89\u0da9 \u0dad\u0dd2\u0db6\u0dca\u0db6\u0dda \u0d87\u0dba\u0dd2 \u0d94\u0dba\u0dcf\r\n\u0d9a\u0dc0\u0daf\u0dcf\u0d9a \u0dc4\u0ddd \u0dbd\u0dd0\u0db6\u0dd4\u0dab\u0ddc\u0dad\u0dca \u0d94\u0dba\u0dcf\r\n\u0db4\u0dab \u0dc0\u0dcf\u0d9c\u0dda \u0db8\u0d82 \u0dbb\u0dd0\u0d9a \u0d9c\u0db1\u0dca\u0db1\u0dc0\u0dcf\n\r\n\u0d94\u0db6 \u0db1\u0ddc\u0daf\u0dd0\u0d9a...\n"
    },
    {
        "uuid": "4da864be-8a21-11e9-9712-3863bb98c88b",
        "song": "Oba Pawa Sina Kan  ",
        "singer": "Nirosha Virajini ",
        "lyricUnicode": "\u0d94\u0db6 \u0db4\u0dd1\u0dc0 \u0dc3\u0dd2\u0db1\u0dcf\u0d9a\u0dd0\u0db1\u0dca \u0daf\u0dd0\u0db1\u0dca \u0d88 \u0dc0\u0dd9\u0dad \u0d9c\u0dd9\u0db1\u0dd2\u0dba\u0db1\u0dca\u0db1\r\n\u0d9a\u0ddd\u0dbd \u0dc3\u0dd4\u0db8\u0dd4\u0daf\u0dd4 \u0dc0\u0daf\u0db1\u0dd2\u0db1\u0dca \u0d88 \u0dc3\u0dd2\u0dad \u0dc3\u0db1\u0dc3\u0db1\u0dca\u0db1\r\n\u0d86\u0daf\u0dbb\u0dda \u0db8\u0dd2\u0dba\u0dd4\u0dbb\u0dd4 \u0d9c\u0dd3 \u0dc0\u0dd0\u0dbd\u0dca \u0d88 \u0dc3\u0db8\u0d9f \u0d9c\u0dba\u0db1\u0dca\u0db1\r\n\u0d92 \u0dad\u0db1\u0dd4\u0dc0 \u0db8\u0d9c\u0dda \u0db6\u0dc0 \u0db1\u0db8\u0dca \u0d87\u0dba \u0dc4\u0da7 \u0db1\u0ddc\u0d9a\u0dd2\u0dba\u0db1\u0dca\u0db1\n\r\n\u0dc3\u0dd2\u0dad \u0db4\u0dd2\u0dbb\u0dd4\u0dab\u0dd4 \u0dc3\u0dd9\u0db1\u0dd9\u0dc4\u0dd9 \u0d9c\u0d9f\u0dd4\u0dbd\u0dd0\u0dbd\u0dca \u0d88 \u0d9c\u0dd2\u0db8\u0db1\u0dca \u0db1\u0dd2\u0dc0\u0db1\u0dca\u0db1\r\n\u0db8\u0dbd\u0dca \u0db4\u0dd2\u0db4\u0dd4\u0dab\u0dd4 \u0dc3\u0ddc\u0db3\u0dd4\u0dbb\u0dd4 \u0daf\u0dc3\u0dd4\u0db1\u0dd2\u0db1\u0dca \u0d88 \u0db1\u0dd4\u0dc0\u0db1\u0dca \u0db4\u0dd2\u0db1\u0db1\u0dca\u0db1\r\n\u0d91\u0d9a\u0da7 \u0daf\u0dd9\u0db4\u0dcf \u0dad\u0db6\u0db8\u0dd2\u0db1\u0dca \u0db4\u0dd9\u0db8\u0dca \u0d9a\u0dd0\u0db3\u0dbd\u0dd2 \u0dad\u0db1\u0db1\u0dca\u0db1\r\n\u0dc3\u0ddc\u0db3\u0dd4\u0dbb\u0dd4 \u0db8\u0dad\u0d9a \u0dc0\u0dc5\u0dbd\u0dcf \u0d88 \u0dc0\u0dd9\u0dad \u0dba\u0db1\u0dca\u0db1 \u0dba\u0db1\u0dca\u0db1\n\r\n\u0dad\u0db6\u0db1 \u0dad\u0db6\u0db1 \u0db4\u0dd2\u0dba\u0dc0\u0dbb \u0db8\u0dbd\u0dca \u0db4\u0ddc\u0d9a\u0dd4\u0dbb\u0dd4 \u0db4\u0dd2\u0db4\u0dd9\u0db1\u0dca\u0db1\r\n\u0daf\u0dd9\u0db1\u0dd9\u0dad \u0dad\u0dd9\u0db8\u0db1 \u0d9a\u0db3\u0dd4\u0dbd\u0d9a\u0dca \u0d9a\u0dd2\u0dc3\u0dd2 \u0daf\u0dd2\u0db1\u0d9a \u0db1\u0ddc\u0dba\u0dd9\u0db1\u0dca\u0db1\r\n\u0dc3\u0dd2\u0dad\u0dd2\u0db1\u0dca \u0d9c\u0dad\u0dd2\u0db1\u0dca \u0db6\u0dd0\u0db3\u0dd2\u0dbd\u0dcf \u0dba\u0dd4\u0d9c \u0d9c\u0dd3\u0dba \u0d9c\u0dba\u0db1\u0dca\u0db1\r\n\u0db8\u0dd4\u0daf\u0db8\u0dd2 \u0d94\u0db6\u0dc0 \u0daf\u0dd1\u0dad\u0dd2\u0db1\u0dca \u0d88 \u0dc0\u0dd9\u0dad \u0dba\u0db1\u0dca\u0db1 \u0dba\u0db1\u0dca\u0db1\n\r\n\u0d94\u0db6 \u0db4\u0dd1\u0dc0 \u0dc3\u0dd2\u0db1\u0dcf\u0d9a\u0dd0\u0db1\u0dca....."
    },
    {
        "uuid": "512bc794-8a21-11e9-9191-3863bb98c88b",
        "song": "Oba Sadak Mai Sada Mage Mai ",
        "singer": "Nirosha Virajini ",
        "lyricUnicode": "\u0d94\u0db6 \u0dc3\u0db3\u0d9a\u0dca \u0db8\u0dd0\u0dba\u0dd2 \r\n\u0dc3\u0db3 \u0db8\u0d9c\u0dda \u0db8\u0dd0\u0dba\u0dd2 \r\n\u0dc0\u0dd2\u0db3\u0dc0\u0db1\u0dcf \u0d9a\u0db3\u0dd4\u0dc5\u0dd2\u0db1\u0dca \r\n\u0dbd\u0dad\u0dc0\u0dd9\u0db1\u0dcf \u0dc3\u0dd4\u0dc3\u0dd4\u0db8\u0dd2\u0db1\u0dca \r\n\u0db8\u0dd4\u0daf\u0dc0\u0db1\u0dcf\r\n\u0d94\u0db6 \u0dc3\u0db3\u0d9a\u0dca \u0db8\u0dd0\u0dba\u0dd2\r\n\u0dc3\u0db3 \u0db8\u0d9c\u0dda \u0db8\u0dd0\u0dba\u0dd2\n\r\n\u0dc0\u0dbd\u0dcf \u0db4\u0dd3\u0dbb\u0dcf \u0db1\u0dd0\u0d9f\u0dd9\u0db1\u0dd4 \u0db1\u0ddc\u0dc0\r\n\u0dad\u0dcf\u0dbb\u0d9a\u0dcf \u0db8\u0dd0\u0daf \u0daf\u0dd2\u0dbd\u0dd9\u0db1\u0dd4 \u0db1\u0ddc\u0dc0\r\n\u0d9c\u0dd2\u0db8\u0dca\u0dc4\u0dcf\u0db1 \u0dbb\u0dcf\u0dad\u0dca\u200d\u0dbb\u0dd2\u0dba\u0dda\r\n\u0dc0\u0dd2\u0dc3\u0dbd\u0dca \u0d9c\u0db8\u0dca \u0db6\u0dd2\u0db8\u0dca \u0db1\u0dd2\u0dc0\u0db1\u0dd4 \u0db1\u0ddc\u0dc0\r\n\u0d94\u0db6 \u0db4\u0dca\u200d\u0dbb\u0dda\u0db8\u0dba\u0dda\r\n\u0db1\u0dc0\u0dcf\u0dad\u0dd0\u0db1 \u0dc5\u0d9f \u0dc4\u0dd2\u0db3\u0dd2\u0db1\u0dd4 \u0db8\u0dd0\u0db1\n\r\n\u0d94\u0db6 \u0dc3\u0db3\u0d9a\u0dca \u0db8\u0dd0\u0dba\u0dd2 \r\n\u0dc3\u0db3 \u0db8\u0d9c\u0dda \u0db8\u0dd0\u0dba\u0dd2 \r\n\u0dc0\u0dd2\u0db3\u0dc0\u0db1\u0dcf \u0d9a\u0db3\u0dd4\u0dc5\u0dd2\u0db1\u0dca \r\n\u0dbd\u0dad\u0dc0\u0dd9\u0db1\u0dcf \u0dc3\u0dd4\u0dc3\u0dd4\u0db8\u0dd2\u0db1\u0dca \r\n\u0db8\u0dd4\u0daf\u0dc0\u0db1\u0dcf\r\n\u0d94\u0db6 \u0dc3\u0db3\u0d9a\u0dca \u0db8\u0dd0\u0dba\u0dd2\r\n\u0dc3\u0db3 \u0db8\u0d9c\u0dda \u0db8\u0dd0\u0dba\u0dd2\n\r\n\u0d9a\u0dc5\u0dbd\u0dca \u0daf\u0dd2\u0dba \u0db8\u0dad \u0dbb\u0db3\u0db1\u0dd4 \u0db1\u0ddc\u0dc0\r\n\u0d9a\u0dd4\u0db8\u0dd4\u0daf\u0d9a\u0da7 \u0db4\u0dd9\u0db8\u0dca \u0db6\u0db3\u0dd2\u0db1\u0dd4 \u0db1\u0ddc\u0dc0\r\n\u0dc4\u0dd4\u0daf\u0d9a\u0dbd\u0dcf \u0dbb\u0dcf\u0dad\u0dca\u200d\u0dbb\u0dd2\u0dba\u0dda\r\n\u0d85\u0dbb\u0dd4\u0dad\u0dca \u0dc3\u0dd4\u0db1\u0dca \u0dc3\u0dd2\u0dad\u0dca \u0dad\u0dd0\u0dc0\u0dd9\u0db1\u0dd4 \u0db1\u0ddc\u0dc0\r\n\u0d94\u0db6 \u0db4\u0dca\u200d\u0dbb\u0dda\u0db8\u0dba\u0dda\r\n\u0db1\u0dc0\u0dcf\u0dad\u0dd0\u0db1 \u0dc5\u0d9f \u0dc4\u0dd2\u0db3\u0dd2\u0db1\u0dd4 \u0db8\u0dd0\u0db1\r\n\u0d94\u0db6 \u0dc3\u0db3\u0d9a\u0dca \u0db8\u0dd0\u0dba\u0dd2 \r\n\u0dc3\u0db3 \u0db8\u0d9c\u0dda \u0db8\u0dd0\u0dba\u0dd2 \n\r\n\u0dc0\u0dd2\u0db3\u0dc0\u0db1\u0dcf \u0d9a\u0db3\u0dd4\u0dc5\u0dd2\u0db1\u0dca \r\n\u0dbd\u0dad\u0dc0\u0dd9\u0db1\u0dcf \u0dc3\u0dd4\u0dc3\u0dd4\u0db8\u0dd2\u0db1\u0dca \r\n\u0db8\u0dd4\u0daf\u0dc0\u0db1\u0dcf\r\n\u0d94\u0db6 \u0dc3\u0db3\u0d9a\u0dca \u0db8\u0dd0\u0dba\u0dd2\n\r\n\u0dc3\u0db3 \u0db8\u0d9c\u0dda \u0db8\u0dd0\u0dba\u0dd2"
    },
    {
        "uuid": "51b7fb40-8a21-11e9-bba3-3863bb98c88b",
        "song": "Oba Samanaliyak Wela Awith ",
        "singer": "Waradaththa Aravinda ",
        "lyricUnicode": "\u0d94\u0db6 \u0dc3\u0db8\u0db1\u0dc5\u0dd2\u0dba\u0d9a\u0dca \u0dc0\u0dd9\u0dbd\u0dcf \u0d87\u0dc0\u0dd2\u0dad\u0dca \u0db8\u0d9c\u0dda \u0d85\u0dad\u0dda \u0dc0\u0dd0\u0dc4\u0dd4\u0dc0\u0ddd\u0dad\u0dd2\u0db1\u0dca\r\n\u0dc3\u0dd4\u0dc0\u0db3 \u0dc4\u0dd2\u0dad\u0da7 \u0daf\u0dd0\u0db1\u0dda\u0dc0\u0dd2 \u0dc3\u0dad\u0dd4\u0da7 \u0db1\u0dd9\u0dad\u0da7 \u0db4\u0dd9\u0db1\u0dda\u0dc0\u0dd2 //\r\n\u0dc3\u0dd4\u0db4\u0dd9\u0db8\u0dca \u0db1\u0dd2\u0db8\u0dd2\u0dad\u0dd2 \u0dbb\u0ddc\u0db1\u0dca \u0d8b\u0dad\u0dd4\u0dbb\u0db1 \u0db8\u0dbd\u0d9a\u0dca \u0db4\u0dd2\u0db4\u0dda\u0dc0\u0dd2\r\n\u0dbb\u0db1\u0dca \u0db8\u0dbd\u0d9a\u0dca \u0db4\u0dd2\u0db4\u0dda\u0dc0\u0dd2\n\r\n\u0d94\u0db6 \u0dc3\u0dd2\u0dad\u0dd2\u0dc0\u0dd2\u0dbd\u0dca\u0dbd\u0d9a\u0dca \u0dc0\u0dd9\u0dbd\u0dcf \u0d89\u0dad\u0dd2\u0db1\u0dca \u0d87\u0dc3\u0dd2\u0dbd\u0dca\u0dbd\u0d9a\u0dd2\u0db1\u0dca \u0d9c\u0dd2\u0dbd\u0dd2\u0dc4\u0dd4\u0db1\u0ddc\u0dad\u0dd2\u0db1\u0dca\r\n\u0db4\u0dd0\u0dad\u0dd4\u0db8 \u0dc3\u0dd4\u0dc3\u0dd4\u0db8\u0d9a\u0dca \u0dc0\u0dda\u0dc0\u0dd2 \u0dc3\u0dd4\u0dc3\u0dd4\u0db8 \u0dc3\u0dd4\u0dc5\u0d9f\u0d9a\u0dca \u0dc0\u0dda\u0dc0\u0dd2 //\r\n\u0d92 \u0dc3\u0dd4\u0dc5\u0d9f\u0da7 \u0d94\u0db6 \u0d85\u0dc4\u0dd4\u0dc0\u0dd4\u0db1\u0ddc\u0dad\u0dd2\u0db1\u0dca\r\n\u0dc0\u0dd2\u0dc3\u0dd2\u0dc0\u0dd3 \u0dba\u0dcf\u0dc0\u0dd3 \u0daf\u0dd4\u0dbb\u0da7 \u0dc0\u0dd2\u0dc3\u0dc0\u0dd3 \u0dba\u0dcf\u0dc0\u0dd3\n\r\n\u0d94\u0db6 \u0dc3\u0db8\u0db1\u0dc5\u0dd2\u0dba\u0d9a\u0dca \u0dc0\u0dd9\u0dbd\u0dcf \u0d87\u0dc0\u0dd2\u0dad\u0dca...\n\r\n\u0d94\u0db6 \u0dc4\u0dc3\u0dbb\u0dd0\u0dbd\u0dca\u0dbd\u0d9a\u0dca \u0dc0\u0dd9\u0dbd\u0dcf \u0dc4\u0dd9\u0db8\u0dd2\u0db1\u0dca \u0d9a\u0db3\u0dd4\u0dbd\u0dd0\u0dbd\u0dca\u0dbd\u0da7 \u0db4\u0dd9\u0dbb\u0dc5\u0dd4\u0db1\u0ddc\u0dad\u0dd2\u0db1\u0dca\r\n\u0d9a\u0db3\u0dd4\u0dc5\u0dd4 \u0d9c\u0d9f\u0dd4\u0dbd\u0d9a\u0dca \u0dc0\u0dda\u0dc0\u0dd2 \u0d9c\u0d9f\u0dd4\u0dbd \u0dc3\u0dba\u0dd4\u0dbb\u0d9a\u0dca \u0dc0\u0dda\u0dc0\u0dd2 //\r\n\u0d92 \u0dc3\u0dba\u0dd4\u0dbb\u0db8 \u0d9c\u0ddc\u0da9\u0d9c\u0dd0\u0dbd\u0dd6\u0dc0\u0ddd\u0dad\u0dd2\u0db1\u0dca \u0d9c\u0dc4\u0d9c\u0dd9\u0db1 \u0dba\u0dcf\u0dc0\u0dd3\r\n\u0db8\u0dcf\u0dc0 \u0d9c\u0dc4\u0d9c\u0dd9\u0db1 \u0dba\u0dcf\u0dc0\u0dd3\n\r\n\u0d94\u0db6 \u0dc3\u0db8\u0db1\u0dc5\u0dd2\u0dba\u0d9a\u0dca \u0dc0\u0dd9\u0dbd\u0dcf \u0d87\u0dc0\u0dd2\u0dad\u0dca..."
    },
    {
        "uuid": "56174ca6-8a21-11e9-bc22-3863bb98c88b",
        "song": "Oba Wenuwen Ma Gayu Gee Perada ",
        "singer": "Milton Mallawaarachchi ",
        "lyricUnicode": "\u0d94\u0db6 \u0dc0\u0dd9\u0db1\u0dd4\u0dc0\u0dd9\u0db1\u0dca \u0db8\u0dcf \u0d9c\u0dd0\u0dba\u0dd6 \u0d9c\u0dd3 \u0db4\u0dd9\u0dbb\u0daf\u0dcf\r\n\u0dba\u0dc5\u0dd2 \u0d94\u0db6 \u0dc3\u0dc0\u0db1\u0dda \u0db1\u0ddc\u0dbb\u0dd0\u0db3\u0dd3 \u0db1\u0ddc\u0d9c\u0dd0\u0da7\u0dd3\r\n\u0dc3\u0dd4\u0dc5\u0d9f\u0dda \u0db8\u0dd2\u0dbd\u0dd2\u0db1 \u0dc0\u0dd4\u0dab\u0dcf\u0dc0\u0dda\n\r\n\u0daf\u0dc0\u0db1\u0dd4 \u0daf\u0dd0\u0db1\u0dda \u0dc3\u0dd2\u0dc3\u0dd2 \u0d9a\u0dd2\u0dbb\u0dab \u0db4\u0dc0\u0dcf\r\n\u0dc3\u0dd2\u0dc3\u0dd2\u0dbd \u0db1\u0ddc\u0daf\u0dda \u0db8\u0db3 \u0db4\u0dc0\u0db1 \u0db4\u0dc0\u0dcf\r\n\u0d94\u0db6\u0dd9 \u0db8\u0dd4\u0dc0 \u0db4\u0dd2\u0dba\u0dd4\u0db8\u0dda \u0dad\u0ddc\u0dbd\u0dca \u0db4\u0dd9\u0dad\u0dd2 \u0d85\u0dad\u0dbb\u0dda\r\n\u0d94\u0dc4\u0dd4\u0d9c\u0dda \u0db1\u0db8 \u0dbb\u0dd0\u0db3\u0dd4\u0dab\u0dcf\u0dc0\u0dda\n\r\n\u0dc3\u0dd4\u0dc0\u0db3 \u0daf\u0dd0\u0db1\u0dda \u0d94\u0db6\u0dd9 \u0d8b\u0daf\u0dba \u0dc4\u0dc0\u0dcf\r\n\u0d9a\u0db3\u0dd4\u0dc5\u0dd4 \u0db1\u0dd0\u0d9c\u0dda \u0db1\u0dd9\u0dad \u0dbb\u0dd0\u0dba\u0daf \u0daf\u0dd2\u0dc0\u0dcf\r\n\u0d94\u0db6\u0dd9 \u0db8\u0dd4\u0dc0 \u0db4\u0dd2\u0dba\u0dd4\u0db8\u0dda \u0dad\u0ddc\u0dbd\u0dca \u0db4\u0dd9\u0dad\u0dd2 \u0d85\u0dad\u0dbb\u0dda\r\n\u0d94\u0dc4\u0dd4\u0d9c\u0dda \u0db1\u0db8 \u0dbb\u0dd0\u0db3\u0dd4\u0dab\u0dcf\u0dc0\u0dda"
    },
    {
        "uuid": "57d75748-8a21-11e9-911c-3863bb98c88b",
        "song": "Oba Witharamai Unne Es Deka Wage ",
        "singer": "Kalum Hettiarachchi ",
        "lyricUnicode": "\u0d94\u0db6 \u0dc0\u0dd2\u0dad\u0dbb\u0db8\u0dba\u0dd2 \u0d8b\u0db1\u0dca\u0db1\u0dda \u0d87\u0dc3\u0dca \u0daf\u0dd9\u0d9a \u0dc0\u0d9c\u0dda\r\n\u0dc0\u0dd9\u0db1 \u0d9a\u0dc0\u0dd4\u0dbb\u0dd4\u0dc0\u0dad\u0dca \u0db1\u0dd1 \u0db8\u0da7 \u0db1\u0dd4\u0db9 \u0dc0\u0d9c\u0dda //\r\n\u0d94\u0dba \u0daf\u0dd1\u0dc3\u0da7\u0dad\u0dca \u0db8\u0dcf \u0db1\u0dd0\u0dad\u0dd2\u0db1\u0db8\u0dca \u0d85\u0d9c\u0dda\r\n\u0db8\u0dda \u0d87\u0dc3\u0dca \u0db4\u0dd2\u0dba\u0dcf\u0d9c\u0db8\u0dd2 \u0dc3\u0daf\u0dc4\u0da7 \u0db8\u0d9c\u0dda\n\r\n\u0db8\u0d9f\u0dad\u0ddc\u0da7\u0daf\u0dd2 \u0db8\u0dd4\u0dab\u0d9c\u0dd0\u0dc4\u0dd9\u0db1 \u0dc4\u0dd0\u0db8 \u0dc0\u0dcf\u0dbb\u0dba\u0dda\r\n\u0d85\u0db4\u0dd9 \u0db8\u0dad\u0d9a \u0dc3\u0dd2\u0dad \u0db4\u0dd1\u0dbb\u0dd4\u0dc0\u0dcf \u0db4\u0dca\u0dbb\u0dda\u0db8\u0dd2\u0dba\u0dda //\r\n\u0d85\u0daf\u0dc4\u0db1\u0dca\u0db1 \u0db6\u0dd1 \u0dc0\u0dd9\u0db1\u0dca\u0dc0\u0dd4\u0dab\u0dda \u0d87\u0dba\u0dd2 \u0db8\u0dd9\u0dc3\u0dda\r\n\u0dad\u0dcf\u0db8\u0dad\u0dca \u0d91\u0daf\u0dcf \u0dc0\u0dcf\u0d9c\u0dda \u0db8\u0dcf \u0d86\u0daf\u0dbb\u0dda\n\r\n\u0db1\u0dd2\u0db8 \u0db1\u0ddc\u0dc0\u0dd9\u0db1 \u0d85\u0db4\u0dd9 \u0db8\u0dad\u0d9a \u0dc0\u0dd2\u0dad\u0dbb\u0d9a\u0dca \u0dc4\u0daf\u0dda\r\n\u0dbb\u0dd1 \u0dad\u0dd4\u0db1\u0dca\u0dba\u0db8\u0dda \u0d87\u0dad \u0dad\u0db1\u0dd2\u0dba\u0da7 \u0db8\u0d9c\u0dda //\r\n\u0db8\u0dad\u0d9a\u0daf \u0d85\u0db4\u0dd2 \u0d85\u0db4\u0dd9 \u0dc0\u0dd9\u0dbd\u0dcf \u0d86\u0daf\u0dbb\u0dd9\u0db1\u0dca\r\n\u0dc3\u0dd2\u0da7\u0dd2\u0dba\u0dcf \u0dad\u0dd4\u0dbb\u0dd4\u0dbd\u0dca \u0dc0\u0dd3 \u0dc5\u0d82\u0dc0\u0dd3 \u0dc4\u0ddc\u0dbb\u0dd9\u0db1\u0dca\n\r\n\u0d94\u0db6 \u0dc0\u0dd2\u0dad\u0dbb\u0db8\u0dba\u0dd2 \u0d8b\u0db1\u0dca\u0db1\u0dda..."
    },
    {
        "uuid": "594f261a-8a21-11e9-ab9c-3863bb98c88b",
        "song": "Obada Ma Epa Kee Adare (Sanda Savi) ",
        "singer": "Shihan Mihiranga ",
        "lyricUnicode": "\u0d94\u0db6\u0daf \u0db8\u0dcf \u0d91\u0db4\u0dcf \u0d9a\u0dd3 \u0d86\u0daf\u0dbb\u0dda   //\r\n\u0d85\u0daf \u0d94\u0db6 \u0db8\u0d9c\u0dd9 \u0dc3\u0db3 \u0dc3\u0dcf\u0dc0\u0dd2\u0dba \u0dc0\u0dd3\u0dbd\u0dcf\r\n\u0db8\u0d9c\u0dd9 \u0dc0\u0dd6 \u0dad\u0ddc\u0dbd\u0dca \u0db4\u0dd9\u0dad\u0dd2 \u0d85\u0daf \u0dc0\u0dd9\u0db1\u0d9a\u0dd9\u0d9a\u0dd4 \u0dc4\u0da7 \u0daf\u0dd3\u0dbd\u0dcf //\r\n\u0d94\u0db6\u0da7 \u0db8\u0dcf \u0dad\u0dc0\u0db8\u0dad\u0dca \u0d86\u0daf\u0dbb\u0dd9\u0dba\u0dd2   //\n\r\n\u0d85\u0daf \u0d94\u0db6 \u0db8\u0d9c\u0dd9 \u0dc3\u0db3 \u0dc3\u0dcf\u0dc0\u0dd2\u0dba \n\r\n\u0d94\u0db6\u0da7 \u0d86\u0daf\u0dbb\u0dd9\u0dba\u0dd2 \u0d9a\u0dd3 \u0daf\u0dc0\u0dc3\u0dda\r\n\u0db8\u0dad\u0d9a\u0dba\u0dd2 \u0d94\u0dba \u0d87\u0dc3\u0dca \u0db1\u0dd0\u0da7\u0dd4\u0dc0\u0dcf \u0dc4\u0ddc\u0dbb \u0dbb\u0dc4\u0dc3\u0dda //\r\n\u0db8\u0da7 \u0d86\u0daf\u0dbb\u0dd9\u0dba\u0dd2 \u0d9a\u0dd2\u0dba\u0dcf \u0dad\u0ddc\u0dbd\u0dca \u0db8\u0dad \u0dc4\u0dcf\u0daf\u0dd4\u0dc0\u0d9a\u0dca \u0dad\u0dd2\u0dba\u0dcf\r\n\u0db4\u0dc0\u0dc3\u0db1\u0dca\u0db1 \u0d92 \u0d86\u0daf\u0dbb\u0dda\n\r\n\u0d94\u0db6\u0daf \u0db8\u0dcf....\n\r\n\u0d85\u0daf \u0d94\u0db6 \u0db8\u0d9c\u0dd9 \u0dc3\u0db3 \u0dc3\u0dcf\u0dc0\u0dd2\u0dba \u0dc0\u0dd3\u0dbd\u0dcf\r\n\u0db8\u0d9c\u0dd9 \u0dc0\u0dd6 \u0dad\u0ddc\u0dbd\u0dca \u0db4\u0dd9\u0dad\u0dd2 \u0d85\u0daf \u0dc0\u0dd9\u0db1\u0d9a\u0dd9\u0d9a\u0dd4 \u0dc4\u0da7 \u0daf\u0dd3\u0dbd\u0dcf //\n"
    },
    {
        "uuid": "59e59b90-8a21-11e9-bff0-3863bb98c88b",
        "song": "Obage Dethol Pethi Matha Ma ",
        "singer": "Dushyanth Weeraman ",
        "lyricUnicode": "\u0d94\u0db6\u0d9c\u0dda \u0daf\u0dd9\u0dad\u0ddc\u0dbd\u0dca \u0db4\u0dd9\u0dad\u0dd2 \u0db8\u0dad \u0db8\u0dcf \r\n\u0daf\u0dd9\u0dad\u0ddc\u0dbd\u0dd2\u0db1\u0dca \u0db4\u0dd9\u0db8\u0dca \u0dc4\u0dd0\u0d9f\u0dd4\u0db8\u0dca \u0dbd\u0dd2\u0dba\u0db1\u0dcf \r\n\u0db8\u0ddc\u0dc4\u0ddc\u0dad\u0dda \u0d94\u0dba \u0daf\u0dd9\u0db1\u0dd9\u0dad\u0dca \u0dad\u0dd4\u0dbd \u0db8\u0dcf \r\n\u0dc3\u0dd9\u0db1\u0dc4\u0dda \u0db8\u0dcf \u0db1\u0db8\u0dd2\u0db1\u0dca \u0daf\u0dd4\u0da7\u0dd4\u0dc0\u0dcf //\n\r\n\u0db4\u0dd9\u0db1\u0dd9\u0db1\u0dcf \u0daf\u0dd4\u0dbb\u0dd2\u0db1\u0dca \u0dc4\u0dd2\u0db3\u0dd2\u0db1\u0dcf \r\n\u0d87\u0dc3\u0dd9\u0db1\u0dcf \u0daf\u0dd4\u0dbb\u0dd2\u0db1\u0dca \u0dbb\u0dd0\u0db3\u0dd9\u0db1\u0dcf \r\n\u0d8b\u0db1\u0dd4\u0dc3\u0dd4\u0db8\u0dca \u0db4\u0dd9\u0db8\u0dd2\u0db1\u0dca \u0db6\u0dd0\u0db3\u0dd2\u0dbd\u0dcf \r\n\u0d94\u0db6 \u0db8\u0dcf \u0dad\u0dd4\u0dbb\u0dd4\u0dbd\u0dda \u0dc4\u0dd2\u0db3\u0dd2\u0db1\u0dcf \r\n\u0d94\u0db6\u0d9c\u0dda \u0db4\u0dd9\u0db8\u0dca \u0db8\u0dc4\u0daf\u0dda \u0dbb\u0dd0\u0db3\u0dd2\u0dbd\u0dcf \r\n\u0dbd\u0db3\u0dd4\u0db1\u0dda \u0d85\u0db4\u0dd2 \u0d85\u0db4\u0dda \u0dc3\u0dd0\u0db8\u0daf\u0dcf \n\r\n\u0d94\u0db6\u0d9c\u0dda \u0daf\u0dd9\u0dad\u0ddc\u0dbd\u0dca......\n\r\n\u0d9c\u0dba\u0db1\u0dcf \u0d9c\u0dd3\u0dba\u0dda \u0dbb\u0dd0\u0db3\u0dd9\u0db1\u0dcf\r\n\u0dc4\u0dd0\u0d9f\u0dd4\u0db8\u0db1\u0dca \u0d94\u0d9b\u0dd9\u0db1\u0dca \u0daf\u0dd0\u0db1\u0dd4\u0db1\u0dcf \r\n\u0d94\u0db6\u0d9c\u0dda \u0d9a\u0ddc\u0db4\u0dd4\u0dbd\u0dca \u0db8\u0dad \u0db8\u0dcf \r\n\u0daf\u0dd9\u0dad\u0ddc\u0dbd\u0dd2\u0db1\u0dca \u0db4\u0dd9\u0db8\u0dca \u0d9a\u0dc0\u0d9a\u0dca \u0dbd\u0dd3\u0dc0\u0dcf \r\n\u0d94\u0db6\u0d9c\u0dda \u0db4\u0dd9\u0db8\u0dca \u0dc3\u0dd2\u0dc4\u0dd2\u0db1\u0dda \u0dbd\u0d9f \u0db8\u0dcf \r\n\u0dbd\u0db3\u0dd4\u0db1\u0dda \u0db4\u0dda\u0dc0\u0dd3 \u0dc3\u0dd0\u0db8\u0daf\u0dcf \u0dbb\u0dd0\u0dd9\u0db3\u0db1\u0dcf\n\r\n\u0d94\u0db6\u0d9c\u0dda \u0daf\u0dd9\u0dad\u0ddc\u0dbd\u0dca......"
    },
    {
        "uuid": "5b9109b8-8a21-11e9-9934-3863bb98c88b",
        "song": "Obage Mathaken Mata Yannata Baa Kisida ",
        "singer": "Shihan Mihiranga ",
        "lyricUnicode": "\u0d94\u0db6\u0d9c\u0dda \u0db8\u0dad\u0d9a\u0dd9\u0db1\u0dca \u0db8\u0da7 \u0dba\u0db1\u0dca\u0db1\u0da7 \u0db6\u0dd1 \u0d9a\u0dd2\u0dc3\u0dd2\u0daf\u0dcf\r\n\u0daf\u0dd9\u0db1\u0dd9\u0dad\u0dda \u0d9a\u0db3\u0dd4\u0dc5\u0dd0\u0dbd\u0dca \u0d85\u0da9\u0dd4 \u0dc0\u0dd9\u0db1\u0dca\u0db1\u0dd9 \u0db1\u0dd0\u0dad\u0dd2 \u0dc4\u0dd2\u0db1\u0dca\u0daf\u0dcf\r\n\u0dc4\u0dd2\u0db3\u0dd2\u0db1\u0dcf \u0dad\u0dd0\u0db1\u0dd2\u0db1\u0dca \u0db8\u0dd9\u0dbd\u0ddc\u0dc0\u0dda \u0d94\u0db6 \u0d91\u0db1\u0dca\u0db1 \u0dba\u0dc5\u0dd2 \u0db8\u0dcf \u0d9a\u0dd9\u0dbb\u0dda\r\n\u0d94\u0db6\u0d9c\u0dda \u0db8\u0dad\u0d9a\u0dd9\u0db1\u0dca \u0db8\u0da7 \u0dba\u0db1\u0dca\u0db1\u0da7 \u0db6\u0dd1 \u0d9a\u0dd2\u0dc3\u0dd2\u0daf\u0dcf\r\n\u0daf\u0dd9\u0db1\u0dd9\u0dad\u0dda \u0d9a\u0db3\u0dd4\u0dc5\u0dd0\u0dbd\u0dca \u0d85\u0da9\u0dd4 \u0dc0\u0dd9\u0db1\u0dca\u0db1\u0dd9 \u0db1\u0dd0\u0dad\u0dd2 \u0dc4\u0dd2\u0db1\u0dca\u0daf\u0dcf\n\r\n\u0dc5\u0d82\u0dc0\u0dd9\u0dbd\u0dcf \u0d9a\u0dd3 \u0d9a\u0dad\u0dcf \u0db4\u0dcf\u0dc0\u0dd9\u0dbd\u0dcf \u0db8\u0dcf \u0daf\u0db8\u0dcf\r\n\u0db4\u0dd1 \u0dc3\u0dd2\u0db1\u0dcf \u0db4\u0dd1\u0dbb\u0dd2\u0dbd\u0dcf \u0dba\u0dcf\u0dc0\u0dd9\u0dbd\u0dcf \u0dc0\u0dda\u0daf\u0db1\u0dcf\r\n\u0dc4\u0dd0\u0db8\u0da7\u0dad\u0dca \u0dc0\u0da9\u0dcf \u0dc0\u0dd0\u0da9\u0dd2\u0dba\u0dd9\u0db1\u0dca \u0dc0\u0dd2\u0dc1\u0dca\u0dc0\u0dcf\u0dc3 \u0d9a\u0dd9\u0dbb\u0dd4\u0dc0\u0dda \u0d94\u0dba\u0dcf\r\n\u0dc0\u0dd2\u0dc1\u0dca\u0dc0\u0dcf\u0dc3\u0dd9 \u0d9a\u0da9\u0d9a\u0dbd \u0d94\u0dba\u0dcf\u0da7 \u0db8\u0d82 \u0d86\u0daf\u0dbb\u0dd9\u0dba\u0dd2 \u0dc3\u0daf\u0dcf\n\r\n\u0dc0\u0dd9\u0db1\u0dca \u0d9a\u0dc5\u0dcf \u0dba\u0dd0\u0dba\u0dd2 \u0d9a\u0dd2\u0dba\u0dcf \u0db8\u0dcf \u0dbb\u0dd0\u0dc0\u0da7\u0dd4\u0dc0\u0dad\u0dca \u0d94\u0dba\u0dcf\r\n\u0dc3\u0dd1\u0db8\u0daf\u0dcf \u0db4\u0dad\u0db1\u0dca\u0db1\u0dda \u0db8\u0dcf \u0dc0\u0dd9\u0db1\u0dca\u0db1\u0dd9\u0db4\u0dcf \u0daf\u0dd4\u0d9a\u0d9a\u0dca \u0d9a\u0dd2\u0dba\u0dcf\r\n\u0d87\u0dad\u0dd2\u0db1\u0db8\u0dca \u0dc4\u0dd2\u0dad\u0dda \u0d85\u0db1\u0dd4\u0d9a\u0db8\u0dca\u0db4\u0dcf \u0d94\u0db6 \u0d91\u0db1\u0dca\u0db1 \u0db1\u0dd0\u0dc0\u0dad\u0dad\u0dca \u0dc3\u0ddc\u0dba\u0dcf\r\n\u0dbb\u0dc0\u0da7\u0dcf\u0dbd\u0dcf \u0dc0\u0dd9\u0db1\u0dca\u0dc0\u0dd3 \u0d9c\u0dd2\u0dba\u0dcf\u0da7 \u0db8\u0d82 \u0d86\u0daf\u0dbb\u0dd9\u0dba\u0dd2 \u0dc3\u0daf\u0dcf\n\r\n\u0d94\u0db6\u0d9c\u0dda \u0db8\u0dad\u0d9a\u0dd9\u0db1\u0dca....."
    },
    {
        "uuid": "5dffa29c-8a21-11e9-9fb6-3863bb98c88b",
        "song": "Obage Ruwa Magemai ",
        "singer": "M S Fernando ",
        "lyricUnicode": "\u0d94\u0db6\u0d9c\u0dda \u0dbb\u0dd4\u0dc0 \u0db8\u0dcf\u0d9c\u0dda\u0db8\u0dba\u0dd2\r\n\u0dc3\u0dad\u0dd4\u0da7\u0dda \u0db8\u0dbd\u0dca \u0db4\u0dd3\u0daf\u0dda\u0db8\u0dba\u0dd2\r\n\u0db4\u0dd9\u0dbb \u0db8\u0d9c \u0db8\u0dd4\u0dad\u0dd4 \u0db4\u0dd1\u0daf\u0dda\u0db8\u0dba\u0dd2\r\n\u0d95.. \u0d95.. \u0d9a\u0dd2\u0dbb\u0dd2 \u0db4\u0dd0\u0dab\u0dd2 \u0dc3\u0dda \u0db4\u0dd1\u0dc4\u0dda\u0db8\u0dba\u0dd2\r\n\u0d94\u0db6\u0d9c\u0dda \u0dc4\u0daf \u0db8\u0dcf\u0d9c\u0dda\u0db8\u0dba\u0dd2\r\n\u0d9a\u0dad\u0dbb\u0dda \u0db8\u0dbd\u0dca \u0db4\u0dd3\u0daf\u0dda\u0db8\u0dba\u0dd2\r\n\u0db1\u0ddc\u0dc0\u0dd2\u0db3\u0db4\u0dd4 \u0dc3\u0dd4\u0dc0 \u0dc3\u0dd1\u0daf\u0dda\u0db8\u0dba\u0dd2\r\n\u0d95.. \u0d95.. \u0dbb\u0db1\u0dca \u0dbb\u0dc3 \u0dc3\u0dda \u0db4\u0dd1\u0dc4\u0dd9\u0db8\u0dba\u0dd2\n\r\n\u0db4\u0dd9\u0db8\u0dca \u0dc3\u0dd3\u0db1\u0dda \u0dbd\u0ddc\u0dc0 \u0daf\u0dd0\u0db1 \u0d9c\u0db1\u0dd2 \u0d9a\u0dd2\u0dba\u0dcf \u0db6\u0dd2\u0dba\u0dda \u0dc3\u0dd0\u0d9a\u0dda \u0db8\u0dcf \r\n\u0dc4\u0daf \u0d9c\u0ddc\u0dc5\u0dd4 \u0dc0\u0dd9\u0dbd\u0dcf\r\n\u0dc3\u0db1\u0dca\u0dad\u0ddd\u0dc3\u0dda \u0d89\u0db1\u0dca\u0db1\u0d9a\u0ddc \u0d94\u0dba\u0dcf \u0db1\u0dd2\u0dc3\u0dcf \u0daf\u0dd2\u0dc0\u0dcf \u0dbb\u0dd0\u0dba\u0dda \u0db8\u0dcf \r\n\u0d8b\u0db8\u0dad\u0dd4\u0dc0 \u0d9c\u0dd2\u0dba\u0dcf\r\n\u0dc3\u0dd2\u0dbb \u0d9c\u0dd9\u0dba \u0db6\u0dd2\u0db1\u0dca\u0daf\u0dda \u0d94\u0db6\u0dba\u0dd2\r\n\u0db8\u0dcf \u0dc3\u0dd2\u0dad \u0daf\u0db1\u0dca\u0db1\u0dda \u0d94\u0db6\u0dba\u0dd2\r\n\u0db4\u0dd9\u0db8\u0dca \u0dc3\u0dd2\u0dbd\u0dd2\u0dbd\u0dcf\u0dbb\u0dda \u0db8\u0dcf \u0db8\u0dad\u0dca \u0dc0\u0dd4\u0dab\u0dcf\n\r\n\u0d94\u0db6\u0d9c\u0dda \u0dc4\u0daf...\n"
    },
    {
        "uuid": "61bdcc64-8a21-11e9-bc91-3863bb98c88b",
        "song": "Obata Mathakada ",
        "singer": "Mohan Darshana ",
        "lyricUnicode": "\u0d94\u0db6\u0da7 \u0db8\u0dad\u0d9a\u0daf \u0d86\u0daf\u0dbb\u0dd9\u0db1\u0dca \u0db8\u0d82 \u0dbd\u0dd2\u0dba\u0dd6 \u0db8\u0dd4\u0dbd\u0dca \u0dbd\u0dd2\u0dba\u0dd4\u0db8\r\n\u0db8\u0dad\u0d9a \u0db1\u0db8\u0dca \u0d92 \u0dc4\u0dd0\u0d9f=\u0db8\u0dca \u0d86\u0dba\u0dd9\u0dad\u0dca \u0db8\u0da7\u0db8 \u0dbd\u0dd2\u0dba\u0db1\u0dc0\u0daf \r\n\u0dbd\u0dd2\u0dba\u0dcf \u0d91\u0dc0\u0db1\u0dc0\u0daf... \u0dbd\u0dd2\u0dba\u0dcf \u0d91\u0dc0\u0db1\u0dc0\u0daf...\n\r\n\u0d94\u0db6\u0da7 \u0db8\u0dad\u0d9a\u0daf \u0dc4\u0db8\u0dd4\u0dc0\u0dd9\u0dbd\u0dcf \u0d85\u0db4\u0dd2 \u0dc4\u0dd2\u0da7\u0dd2\u0dba \u0db8\u0dd4\u0dbd\u0dca \u0daf\u0dc0\u0dc3\r\n\u0d87\u0dc3\u0dd9\u0db1 \u0db1\u0dd1\u0dc3\u0dd9\u0db1 \u0dc4\u0dac\u0dd2\u0db1\u0dca \u0db8\u0dd2\u0db8\u0dd2\u0dab\u0dd6 \u0d86\u0daf\u0dbb\u0dda \u0dc0\u0da0\u0db1\r\n\u0db8\u0dad\u0d9a \u0db1\u0db8\u0dca \u0d92 \u0dc4\u0dd0\u0d9f=\u0db8\u0dca \u0d86\u0dba\u0dd9\u0dad\u0dca \u0db8\u0da7\u0db8 \u0dbd\u0dd2\u0dba\u0db1\u0dc0\u0daf\r\n\u0dbd\u0dd2\u0dba\u0dcf \u0d91\u0dc0\u0db1\u0dc0\u0daf... \u0dbd\u0dd2\u0dba\u0dcf \u0d91\u0dc0\u0db1\u0dc0\u0daf...\n\r\n\u0d94\u0db6\u0da7 \u0db8\u0dad\u0d9a\u0daf \u0db8\u0dcf\u0dc0 \u0dc4\u0db8\u0dd4\u0dc0\u0dd4\u0dab\u0dd4 \u0d85\u0dc0\u0dc3\u0db1\u0dca\u0db8 \u0daf\u0dc0\u0dc3\r\n\u0d86\u0dba\u0dd9\u0db8\u0dad\u0dca \u0d85\u0db4\u0dd2 \u0dc4\u0db8\u0dd4\u0db1\u0ddc\u0dc0\u0dd9\u0db1 \u0db6\u0dc0 \u0dc4\u0dd2\u0dad\u0dd4\u0dc0\u0dda \u0db1\u0dd1 \u0db1\u0dda\u0daf\r\n\u0d92 \u0dc0\u0dd2\u0dbb\u0dc4\u0dc0\u0dda \u0db8\u0dad\u0d9a \u0dc3\u0dd2\u0dc4\u0dd2\u0d9a\u0dbb \u0db8\u0da7\u0db8 \u0dbd\u0dd2\u0dba\u0db1\u0dc0\u0daf\r\n\u0dbd\u0dd2\u0dba\u0dcf \u0d91\u0dc0\u0db1\u0dc0\u0daf... \u0dbd\u0dd2\u0dba\u0dcf \u0d91\u0dc0\u0db1\u0dc0\u0daf...\n\r\n\u0d94\u0db6\u0da7 \u0db8\u0dad\u0d9a\u0daf......"
    },
    {
        "uuid": "63583d02-8a21-11e9-8852-3863bb98c88b",
        "song": "Obata Thibena Adare Mama Kiyala Denna ",
        "singer": "M S Fernando ",
        "lyricUnicode": "\u0d94\u0db6\u0da7 \u0dad\u0dd2\u0d9b\u0dd9\u0db1 \u0d86\u0daf\u0dbb\u0dd9 \u0db8\u0db8 \u0d9a\u0dd2\u0dba\u0dcf\u0dbd\u0dcf \u0daf\u0dd9\u0db1\u0dca\u0db1\r\n\u0d9c\u0dc3\u0d9a \u0dad\u0dd2\u0d9b\u0dd9\u0db1 \u0dad\u0dbd\u0dca \u0d9a\u0ddc\u0dbd \u0db8\u0daf\u0dd2 \u0dbd\u0dd2\u0dba\u0dcf\u0dbd\u0dcf \u0daf\u0dd9\u0db1\u0dca\u0db1\r\n\u0d94\u0db6\u0dda \u0dbd\u0dc3\u0dca\u0dc3\u0db1 \u0dc3\u0dd2\u0db1\u0dc4\u0dc0 \u0db8\u0ddc\u0dc4\u0ddc\u0dad\u0d9a\u0da7 \u0daf\u0d9a\u0dd2\u0db1\u0dca\u0db1\r\n\u0d9a\u0dd4\u0dbb\u0dd4\u0dbd\u0dca\u0dbd\u0dd9\u0d9a\u0dca \u0dc0\u0dd9\u0dbd\u0dcf \u0dc4\u0dd2\u0dad\u0dd9\u0db1\u0dc0\u0dcf \u0d89\u0d9c\u0dd2\u0dbd\u0dd2\u0dbd\u0dcf \u0d91\u0db1\u0dca\u0db1\n\r\n\u0d94\u0db6 \u0dad\u0db1\u0dd2\u0d9a\u0dbb \u0daf\u0dd4\u0dbb \u0d9c\u0db8\u0db1\u0d9a\u0dca \u0dba\u0db1\u0dca\u0da9 \u0dc4\u0dd2\u0dad\u0dd4\u0dc0\u0dd9 \u0db1\u0dd1\r\n\u0d9c\u0dd2\u0dba \u0d9c\u0db8\u0db1\u0dad\u0dca \u0db8\u0dd9\u0da0\u0dca\u0da0\u0dbb \u0d9a\u0dbd\u0dca \u0d89\u0db1\u0dca\u0da9 \u0dc4\u0dd2\u0dad\u0dd4\u0dc0\u0dd9 \u0db1\u0dd1\r\n\u0db8\u0dd9\u0dc4\u0dd9 \u0dbd\u0dc3\u0dca\u0dc3\u0db1 \u0dc3\u0dd4\u0dbb\u0db4\u0dd4\u0dbb\u0dba\u0dd9\u0d9a\u0dd2 \u0db8\u0da7 \u0dbd\u0dc3\u0dca\u0dc3\u0db1 \u0db1\u0dd1\r\n\u0d94\u0db6 \u0d91\u0d9a\u0dca\u0d9a\u0dbd\u0dcf \u0dad\u0ddc\u0da7\u0dd4\u0db4\u0ddc\u0dbd\u0dd9 \u0d94\u0dbb\u0dd4 \u0db4\u0daf\u0dd2\u0db1\u0dc0\u0dcf \u0dc0\u0d9c\u0dd9 \u0db1\u0dd1\n\r\n\u0d85\u0dc4\u0dc3 \u0d8b\u0dc3\u0da7 \u0db8\u0dcf\u0dbd\u0dd2\u0d9c\u0dcf \u0d87\u0dad \u0d89\u0db1\u0dca \u0d85\u0da9\u0dd4\u0dc0\u0d9a\u0dca \u0db1\u0dd1\r\n\u0d9c\u0dba\u0db1 \u0dc0\u0dba\u0db1 \u0dbb\u0d9f\u0db1 \u0dbd\u0db3\u0dd4\u0db1\u0dca \u0db1\u0ddc\u0daf\u0dd0\u0d9a \u0dc4\u0dd2\u0da7\u0dd2\u0dba\u0dd9 \u0db1\u0dd1\r\n\u0d9c\u0db8\u0dca\u0db6\u0daf \u0dc0\u0d9c\u0dd9 \u0d9a\u0dbb\u0dad\u0dca\u0dad \u0db1\u0dd1 \u0dc0\u0dcf\u0dc4\u0db1 \u0d85\u0da9\u0dd4 \u0db1\u0dd1\r\n\u0d94\u0db6 \u0d91\u0d9a\u0dca\u0d9a\u0dbd\u0dcf \u0dad\u0ddc\u0da7\u0dd4\u0db4\u0ddc\u0dbd\u0dd9 \u0d94\u0dbb\u0dd4 \u0db4\u0daf\u0dd2\u0db1\u0dc0\u0dcf \u0dc0\u0d9c\u0dd9 \u0db1\u0dd1\n\r\n\u0d94\u0db6\u0da7 \u0dad\u0dd2\u0d9b\u0dd9\u0db1 \u0d86\u0daf\u0dbb\u0dd9 \u0db8\u0db8 \u0d9a\u0dd2\u0dba\u0dcf\u0dbd\u0dcf \u0daf\u0dd9\u0db1\u0dca\u0db1\r\n\u0d9c\u0dc3\u0d9a \u0dad\u0dd2\u0d9b\u0dd9\u0db1 \u0dad\u0dbd\u0dca \u0d9a\u0ddc\u0dbd \u0db8\u0daf\u0dd2 \u0dbd\u0dd2\u0dba\u0dcf\u0dbd\u0dcf \u0daf\u0dd9\u0db1\u0dca\u0db1\n\r\n\u0dc4\u0db3 \u0daf\u0dc0\u0dc3\u0da7 \u0d85\u0dc4\u0dc3 \u0daf\u0dd2\u0dc4\u0dcf \u0db8\u0d82 \u0db6\u0dbd\u0db1\u0dca\u0db1\u0dd9 \u0db1\u0dd1\r\n\u0db6\u0dbd\u0db1\u0dca\u0db1 \u0db6\u0dd0\u0dbb\u0dd2 \u0dc0\u0dda\u0daf\u0db1\u0dcf\u0dc0 \u0d94\u0db6 \u0db1\u0ddc\u0daf\u0db1\u0dca\u0db1\u0dd9 \u0db1\u0dd1\r\n\u0d92 \u0db8\u0dd6\u0db1\u0dd9\u0dba\u0dd2 \u0d94\u0d9b\u0dd9 \u0db8\u0dd6\u0db1\u0dd9\u0dba\u0dd2 \u0dc0\u0dd0\u0da9\u0dd2 \u0dc0\u0dd9\u0db1\u0dc3\u0d9a\u0dca \u0db1\u0dd1\r\n\u0d94\u0db6 \u0d91\u0d9a\u0dca\u0d9a\u0dbd\u0dcf \u0dad\u0ddc\u0da7\u0dd4\u0db4\u0ddc\u0dbd\u0dd9 \u0d94\u0dbb\u0dd4 \u0db4\u0daf\u0dd2\u0db1\u0dc0\u0dcf \u0dc0\u0d9c\u0dd9 \u0db1\u0dd1\n\r\n\u0db8\u0d9c\u0dda \u0d9c\u0dad\u0dd2\u0db1\u0dca \u0db8\u0dd9\u0dc4\u0dd9 \u0dc4\u0dd2\u0da7\u0dd2\u0dba\u0da7 \u0dc4\u0dd2\u0dad \u0db1\u0db8\u0dca \u0db8\u0dd9\u0dc4\u0dd9 \u0db1\u0dd1\r\n\u0db8\u0db8 \u0d91\u0db1\u0d9a\u0ddc\u0da7 \u0d86\u0db4\u0dc3\u0dd4 \u0d91\u0dba \u0d94\u0db6 \u0db8\u0da7 \u0daf\u0dd4\u0db1\u0dca\u0db1\u0dd1\r\n\u0dc3\u0dd2\u0dbb\u0dd2\u0dba\u0dcf\u0dc0\u0dd2\u0dba \u0daf\u0dd0\u0d9a \u0d9c\u0db1\u0dca\u0db1\u0da7 \u0d91\u0db1 \u0daf\u0dd2\u0db1 \u0daf\u0dd4\u0dbb \u0db1\u0dd1\r\n\u0d94\u0db6 \u0d91\u0d9a\u0dca\u0d9a\u0dbd \u0dad\u0ddc\u0da7\u0dd4\u0db4\u0ddc\u0dbd\u0dd9 \u0d94\u0dbb\u0dd4 \u0db4\u0daf\u0dd2\u0db1\u0dc0\u0dcf \u0dc0\u0d9c\u0dd9 \u0db1\u0dd1\n\r\n\u0d94\u0db6\u0da7 \u0dad\u0dd2\u0d9b\u0dd9\u0db1 \u0d86\u0daf\u0dbb\u0dd9...."
    },
    {
        "uuid": "662c99c2-8a21-11e9-99db-3863bb98c88b",
        "song": "Obath Giya Mata Pitupa ",
        "singer": "Jude Rogance ",
        "lyricUnicode": "\u0d94\u0db6\u0dad\u0dca \u0d9c\u0dd2\u0dba\u0dcf \u0db8\u0da7 \u0db4\u0dd2\u0da7\u0dd4\u0db4\u0dcf \r\n\u0dc3\u0daf\u0dcf\u0dad\u0db1\u0dba\u0dd2 \u0d9a\u0dd3 \u0db4\u0dd9\u0db8 \u0db6\u0dd2\u0db3\u0daf\u0dcf \r\n\u0db8\u0dad\u0d9a\u0dca \u0dc0\u0dd9\u0dbd\u0dcf \u0daf\u0dd4\u0d9a \u0dc4\u0dd2\u0dad\u0dd4\u0db1\u0dcf \r\n\u0dc4\u0daf \u0dbd\u0d9c\u0dd2\u0db1\u0dca \u0db1\u0dd0\u0dad\u0dd2 \u0db1\u0dd2\u0dc3\u0dcf //\n\r\n\u0daf\u0dd9\u0db1\u0dd9\u0dad \u0db1\u0dd2\u0daf\u0dd2 \u0db1\u0dd1 \u0dc4\u0daf\u0dcf \u0d9c\u0db1\u0dd4 \u0db6\u0dd1 \r\n\u0d94\u0dba\u0dcf \u0db8\u0da7 \u0dc4\u0dd2\u0db8\u0dd2 \u0db1\u0dd1 \u0d9a\u0dd2\u0dba\u0dbd\u0dcf \r\n\u0daf\u0dbb\u0dcf \u0d9c\u0db1\u0dd4 \u0db6\u0dd1 \u0dc4\u0daf\u0dda \u0d89\u0da9 \u0db1\u0dd1 \r\n\u0dc4\u0dd2\u0db1\u0dcf\u0dc0\u0dd9\u0db1\u0dca\u0db1\u0da7 \u0d89\u0da9 \u0dad\u0dd2\u0dba\u0dbd\u0dcf \r\n\u0db1\u0dd2\u0d9a\u0dbd\u0dd0\u0dbd\u0dca \u0db4\u0dd2\u0dbb\u0dd2 \u0dad\u0dbb\u0dc4\u0dcf \u0db1\u0ddc\u0dc0\u0dd2 \r\n\u0db8\u0dd0\u0dbb\u0dd9\u0db1\u0dca\u0db1 \u0db8\u0ddc\u0dc4\u0ddc\u0dad\u0d9a\u0dca \u0d9a\u0dbd\u0dd2\u0db1\u0dca \r\n\u0d94\u0db6 \u0d91\u0db1\u0dca\u0db1 \u0db4\u0dd9\u0dbb\u0daf\u0dcf \u0dbd\u0dd9\u0dc3\u0dd2\u0db1\u0dca \n\r\n\u0d94\u0db6\u0dad\u0dca \u0d9c\u0dd2\u0dba\u0dcf.... \n\r\n\u0d9a\u0daf\u0dd4\u0dc5\u0dd4 \u0db4\u0ddc\u0da9\u0dd2 \u0db1\u0dd1 \u0d8b\u0dc4\u0dd4\u0dbd \u0d9c\u0db1\u0dd4 \u0db6\u0dd1 \r\n\u0db1\u0dd9\u0dad\u0dda \u0daf\u0ddc\u0dbb\u0d9c\u0dd4\u0dc5\u0dd4 \u0db6\u0dd2\u0db3 \u0dc0\u0dd0\u0da7\u0dd2\u0dbd\u0dcf \r\n\u0d94\u0db6\u0da7 \u0db8\u0db8 \u0db1\u0dd1 \u0db8\u0da7\u0daf \u0d94\u0db6 \u0db1\u0dd1 \r\n\u0d85\u0daf\u0dd2\u0db1\u0dca \u0db4\u0dc3\u0dd4 \u0d85\u0db4\u0dd2 \u0daf\u0dd9\u0daf\u0dd9\u0db1\u0dd9\u0d9a\u0dca \u0dc0\u0dd9\u0dbd\u0dcf\r\n\u0db1\u0dd2\u0d9a\u0dbd\u0dd0\u0dbd\u0dca \u0db4\u0dd2\u0dbb\u0dd2 \u0dad\u0dbb\u0dc4\u0dcf \u0db1\u0ddc\u0dc0\u0dd2 \r\n\u0db8\u0dd0\u0dbb\u0dd9\u0db1\u0dca\u0db1 \u0db8\u0ddc\u0dc4\u0ddc\u0dad\u0d9a\u0dca \u0d9a\u0dbd\u0dd2\u0db1\u0dca \r\n\u0d94\u0db6 \u0d91\u0db1\u0dca\u0db1 \u0db4\u0dd9\u0dbb\u0daf\u0dcf \u0dbd\u0dd9\u0dc3\u0dd2\u0db1\u0dca\n\r\n\u0d94\u0db6\u0dad\u0dca \u0d9c\u0dd2\u0dba\u0dcf.... //"
    },
    {
        "uuid": "67315714-8a21-11e9-9f88-3863bb98c88b",
        "song": "Obe Adare Maha Sagare ",
        "singer": "Somasiri Madagedara ",
        "lyricUnicode": "\u0d94\u0db6\u0dda \u0d86\u0daf\u0dbb\u0dda \u0db8\u0dc4\u0dcf \u0dc3\u0dcf\u0d9c\u0dbb\u0dda \r\n\u0dc4\u0dcf \u0dc3\u0db8\u0dcf\u0db1\u0dba\u0dd2 \u0d9a\u0dd2\u0dba\u0dd6\u0dc0\u0dad\u0dca \u0dbd\u0db3\u0dda\r\n\u0dc3\u0dd0\u0dbd\u0dd3 \u0dba\u0dba\u0dd2 \u0d87\u0db3\u0dd3\u0dbd\u0dcf \u0db1\u0dd2\u0dc0\u0dcf\u0dbd\u0dba\u0dd2 \u0db6\u0dd0\u0db3\u0dd3\u0dbd\u0dcf \r\n\u0dc3\u0dd2\u0dad\u0dcf\u0d9c\u0db1\u0dca\u0db1\u0dda \u0db8\u0dcf \u0d9a\u0dd9\u0dbd\u0dd9\u0dc3\u0daf\u0ddd //\n\r\n\u0daf\u0dd4\u0d9a\u0dda\u0daf\u0dd3 \u0dc4\u0da9\u0dcf\u0dc0\u0dd3 \u0dc3\u0dd0\u0db4\u0dda\u0daf\u0dd3 \u0dc3\u0dd2\u0db1\u0dcf\u0dc0\u0dd3\r\n\u0dbb\u0dd0\u0daf\u0dda\u0dc0\u0dd2 \u0db8\u0d9c\u0dda \u0da2\u0dd3\u0dc0\u0dd2\u0dad\u0dda //\r\n\u0db8\u0dcf \u0dc4\u0dd3\u0db1\u0dd9\u0d9a\u0dd2\u0db1\u0dca\u0dc0\u0dad\u0dca \u0db1\u0ddc\u0d9a\u0dd3 \u0daf\u0dda \u0db8\u0dc0\u0dcf\u0dbd\u0dcf\r\n\u0d87\u0db3\u0dd3 \u0dba\u0db1\u0dca\u0db1\u0dd9 \u0d87\u0dba\u0dd2 \u0db8\u0dda \u0dbd\u0dd9\u0dc3\u0dda\n\r\n\u0d94\u0db6\u0dda \u0d86\u0daf\u0dbb\u0dda......\n\r\n\u0db1\u0dd1 \u0db8\u0dcf \u0d94\u0db6\u0dda \u0dbd\u0ddd\u0d9a\u0dba\u0dda \u0dc4\u0dd3 \u0dc3\u0daf\u0dcf\r\n\u0dc0\u0dda\u0daf\u0db1\u0dcf\u0dc0\u0db1\u0dca \u0db8\u0dc0\u0dcf \u0d86\u0daf\u0dbb\u0dda //\r\n\u0d9a\u0db8\u0dca\u0db4\u0dcf \u0db1\u0ddc\u0dc0\u0dd3 \u0dc4\u0dd2\u0db3\u0dd3\u0db8\u0dd4 \u0d9a\u0dd3\u0dc0\u0dcf\u0da7 \u0dbd\u0ddc\u0dc0\u0db8 \u0d9a\u0dbb\u0dd4\u0dab\u0dd4\r\n\u0d88\u0dad\u0dd2\u0db1\u0dca \u0dc4\u0dd9\u0dbd\u0dcf \u0da0\u0ddd\u0daf\u0db1\u0dcf\n\r\n\u0d94\u0db6\u0dda \u0d86\u0daf\u0dbb\u0dda......"
    },
    {
        "uuid": "6b43ecd2-8a21-11e9-af92-3863bb98c88b",
        "song": "Obe Lowe Ada Ma Randila ",
        "singer": "Namal Udugama ",
        "lyricUnicode": "\u0d94\u0db6\u0dda \u0dbd\u0ddc\u0dc0\u0dda \u0d85\u0daf \u0db8\u0dcf \u0dbb\u0dd0\u0db3\u0dd2\u0dbd\u0dcf\r\n\u0db6\u0dbd\u0dcf \u0d89\u0db8\u0dd3 \u0dc3\u0dd0\u0db1\u0dc3\u0dd4\u0db8\u0dca \u0db4\u0dad\u0dbd\u0dcf\r\n\u0dc3\u0dd9\u0db1\u0dda\u0dc4\u0dba\u0dda \u0dc3\u0dd2\u0dc4\u0dd2\u0dbd\u0dd0\u0dbd\u0dca \u0dc3\u0ddc\u0dba\u0dbd\u0dcf //\r\n\u0d94\u0db6\u0dda \u0dbd\u0ddc\u0dc0\u0dda \u0d85\u0daf \u0db8\u0dcf \u0dbb\u0dd0\u0db3\u0dd2\u0dbd\u0dcf \n\r\n\u0dc3\u0dd1\u0db6\u0dd1 \u0dc3\u0dd9\u0db1\u0dda \u0dc3\u0dd2\u0dad\u0dd2\u0db1\u0dca \u0daf\u0dbb\u0dcf \u0dbd\u0d9f\u0dd2\u0db1\u0dca \u0dc4\u0dd2\u0daf\u0dd2\u0db1\u0dca\u0db1\u0dda \u0db8\u0dcf\r\n\u0d94\u0dc4\u0dd4\u0d9c\u0dda \u0dbd\u0ddc\u0dc0\u0dda \u0d94\u0db6 \u0dbb\u0dd0\u0db3\u0dd2\u0dbd\u0dcf \u0db8\u0dd4\u0dbd\u0dcf \u0db1\u0ddc\u0dc0\u0db1\u0dd4 \u0d9a\u0dd2\u0dc3\u0dd2\u0daf\u0dcf\r\n\u0d85\u0dba\u0dcf\u0dbd\u0dba\u0dda \u0db1\u0ddc\u0dba\u0db1\u0dca\u0db1\u0dd9 \u0db8\u0dcf \u0d94\u0dc4\u0dd4 \u0db8\u0dd9\u0db1\u0dca \u0d94\u0db6 \u0dbb\u0dd2\u0daf\u0dc0\u0dcf\r\n\u0d94\u0db6\u0d9c\u0dd9 \u0dc3\u0dd9\u0db1\u0dda \u0db8\u0dcf \u0dc3\u0db1\u0dc3\u0dcf \u0d9a\u0dd2\u0dba\u0dcf \u0daf\u0dd9\u0db1\u0dca\u0db1 \u0db8\u0dad\u0dd4\u0daf\u0dcf\n\r\n\u0d94\u0db6\u0dda \u0dbd\u0ddc\u0dc0\u0dda......\n\r\n\u0daf\u0dd2\u0dc0\u0dcf \u0dbb\u0dd0\u0dba\u0dda \u0db4\u0dd9\u0dbb\u0dd4\u0db8\u0dca \u0db4\u0dd4\u0dbb\u0dcf \u0db4\u0dd0\u0dad\u0dd4\u0db8\u0dca \u0db4\u0dad\u0db1\u0dca\u0db1\u0dda \u0db8\u0dcf\r\n\u0db4\u0dd9\u0db8\u0dca \u0dc3\u0dd2\u0dc4\u0dd2\u0db1\u0dda \u0db8\u0dbd\u0dca \u0db4\u0dd4\u0db6\u0dd4\u0daf\u0dcf \u0d94\u0db6\u0dda \u0dbd\u0d9f\u0da7 \u0d91\u0db1\u0daf\u0dcf\r\n\u0db8\u0d9c\u0dda \u0dc4\u0daf\u0dda \u0db1\u0dd0\u0dc0\u0dd4\u0db8\u0dca \u0d85\u0db8\u0dcf \u0dc4\u0dd0\u0d9f\u0dd4\u0db8\u0dca \u0d9a\u0dd2\u0dba\u0db1\u0dca\u0db1\u0dda \u0db8\u0dcf\r\n\u0dbb\u0db1\u0dca \u0dbb\u0dc3 \u0dc3\u0dda \u0d85\u0dad\u0dca \u0db6\u0dd0\u0db3\u0dd2\u0dbd\u0dcf \u0dc0\u0dd9\u0db1\u0dc3\u0dca \u0db1\u0ddc\u0dc0\u0dd3 \u0d9a\u0dd2\u0dc3\u0dd2\u0daf\u0dcf\n\r\n\u0d94\u0db6\u0dda \u0dbd\u0ddc\u0dc0\u0dda......"
    },
    {
        "uuid": "6db51292-8a21-11e9-876c-3863bb98c88b",
        "song": "Obe Nil Nuwan Thalawe Sale Kandulu Midila ",
        "singer": "Milton Mallawaarachchi ",
        "lyricUnicode": "\u0d94\u0db6\u0dd9 \u0db1\u0dd2\u0dbd\u0dca \u0db1\u0dd4\u0dc0\u0db1\u0dca \u0dad\u0dbd\u0dcf\u0dc0\u0dda \r\n\u0dc3\u0dd0\u0dbd\u0dda \u0d9a\u0db3\u0dd4\u0dc5\u0dd4 \u0db8\u0dd2\u0daf\u0dd2\u0dbd\u0dcf \r\n\u0db8\u0da7 \u0d92 \u0db8\u0dd0\u0daf\u0dd2\u0db1\u0dca \u0db4\u0dd9\u0db1\u0dd9\u0db1\u0dca\u0db1\u0dda\r\n\u0d85\u0db4\u0dda \u0db8\u0dad\u0d9a \u0db8\u0dd0\u0dc0\u0dd2\u0dbd\u0dcf\n\r\n\u0d94\u0dba \u0daf\u0dd1\u0dad \u0db8\u0dcf\u0d9c\u0dd9 \u0daf\u0dd1\u0dad\u0dda \r\n\u0dc3\u0dad\u0db4\u0dcf \u0d9c\u0dd9\u0dc0\u0dd6 \u0d85\u0dad\u0dd3\u0dad\u0dda// \r\n\u0daf\u0dd9\u0daf\u0dd9\u0db1\u0dcf \u0db1\u0ddc\u0dc0\u0dda \u0daf \u0daf\u0db1\u0dca\u0db1\u0dda \r\n\u0dc3\u0dd2\u0dad \u0daf\u0dd0\u0db1\u0dca \u0dad\u0db8\u0dba\u0dd2 \u0dc3\u0dd2\u0dad\u0db1\u0dca\u0db1\u0dda\n\r\n\u0d94\u0db6\u0dd9 \u0db1\u0dd2\u0dbd\u0dca \u0db1\u0dd4\u0dc0\u0db1\u0dca....\n\r\n\u0db8\u0dd4\u0dbd\u0daf\u0dd3 \u0dc0\u0dd4\u0db1\u0dda \u0db8\u0dd4\u0dbd\u0dcf\u0dc0\u0dba\u0dd2 \r\n\u0dc0\u0dd0\u0dbb\u0daf\u0dd3\u0db8 \u0db8\u0dcf \u0d85\u0dad\u0dda\u0db8\u0dba\u0dd2// \r\n\u0db1\u0ddc\u0dc3\u0dd0\u0dbd\u0dd3 \u0db6\u0dbd\u0dcf \u0d91\u0daf\u0dcf \u0db8\u0dd9\u0db1\u0dca \r\n\u0dc4\u0dd2\u0db3\u0dd2\u0db8\u0dd3 \u0d94\u0db6\u0dda \u0db8\u0db1\u0dcf\u0db4\u0dd9\u0db1\u0dca\n\r\n\u0d94\u0db6\u0dd9 \u0db1\u0dd2\u0dbd\u0dca \u0db1\u0dd4\u0dc0\u0db1\u0dca...."
    },
    {
        "uuid": "769b964a-8a21-11e9-83de-3863bb98c88b",
        "song": "Ohu Aithi Matai Ayata Nowei ",
        "singer": "Nelu Adikari ",
        "lyricUnicode": "\u0d94\u0dc4\u0dd4 \u0d85\u0dba\u0dd2\u0dad\u0dd2 \u0db8\u0da7\u0dba\u0dd2 \u0d87\u0dba\u0da7 \u0db1\u0ddc\u0dc0\u0dd9\u0dba\u0dd2\r\n\u0d85\u0db4 \u0dc5\u0d82 \u0d9a\u0dc5\u0dda \u0daf\u0dd9\u0dc0\u0dd2\u0dba\u0db1\u0dd2 \u0d94\u0db6\u0db8\u0dba\u0dd2\r\n\u0d94\u0dc4\u0dd4 \u0dc0\u0dc3\u0d9f \u0dc0\u0dd4\u0dab\u0dda \u0db8\u0dd2\u0dbb\u0dd2\u0d9f\u0dd4\u0dc0\u0da7\u0dba\u0dd2\r\n\u0daf\u0dd9\u0dc0\u0dd2\u0dba\u0db1\u0dd2 \u0db8\u0dcf \u0dc4\u0dd2\u0db8\u0dd2 \u0db1\u0dd9\u0dad\u0dd4 \u0dc0\u0dd0\u0dc3\u0dd4\u0dc0\u0dda \u0d87\u0dba\u0dd2\r\n\u0d94\u0dc4\u0dd4 \u0d85\u0dba\u0dd2\u0dad\u0dd2 \u0db8\u0da7\u0dba\u0dd2 \u0d87\u0dba\u0da7 \u0db1\u0ddc\u0dc0\u0dd9\u0dba\u0dd2\n\r\n\u0dc3\u0dd9\u0db1\u0dd9\u0dc4\u0dc3 \u0d9c\u0dd0\u0db9\u0dd4\u0dbb\u0dd4\u0dba\u0dd2 \u0db4\u0dbb\u0dad\u0dd9\u0dbb \u0db1\u0ddc\u0db4\u0dd9\u0db1\u0dd9\u0dba\u0dd2\r\n\u0db4\u0dab\u0db1\u0dbd \u0dc0\u0dd2\u0dbd\u0dc3\u0dd2\u0db1\u0dca \u0daf\u0dd2\u0dc0\u0dd2 \u0dc3\u0dc0\u0dd2 \u0dbb\u0dd0\u0d9a \u0daf\u0dd9\u0dba\u0dd2 //\r\n\u0d9c\u0dd2\u0dbd\u0dd2\u0dc4\u0dd4\u0dab\u0dd4 \u0dc3\u0dd9\u0db1\u0dd9\u0dc4\u0dc3 \u0dc3\u0dd2\u0dad \u0d8b\u0db8\u0dad\u0dd4 \u0d9a\u0dbb\u0dba\u0dd2\r\n\u0d9c\u0dad \u0dc3\u0db8\u0dca \u0db8\u0dc3\u0dca \u0dbd\u0dda \u0dc0\u0dd2\u0db1\u0dd2\u0dc0\u0dd2\u0daf \u0daf\u0dd4\u0d9a \u0daf\u0dd9\u0dba\u0dd2\r\n\u0d94\u0dc4\u0dd4 \u0d85\u0dba\u0dd2\u0dad\u0dd2 \u0db8\u0da7\u0dba\u0dd2 \u0d87\u0dba\u0da7 \u0db1\u0ddc\u0dc0\u0dd9\u0dba\u0dd2 \n\r\n\u0d85\u0dc3\u0dbb\u0dab\u0dd2\u0dba \u0db8\u0db8\u0dba\u0dd2 \u0db8\u0d9c\u0dd9 \u0dbd\u0ddc\u0dc0\u0db8 \u0d94\u0dc4\u0dd4\u0dba\u0dd2\r\n\u0d94\u0dc4\u0dd4 \u0db4\u0dcf\u0db8\u0dd4\u0dbd \u0db8\u0dcf \u0db4\u0dd0\u0dad\u0dd4 \u0dad\u0dd4\u0dc3\u0dd3\u0dad\u0dba\u0dba\u0dd2 //\r\n\u0db8\u0dda \u0dc0\u0dd2\u0dbb\u0dc4 \u0daf\u0dd4\u0d9a\u0dd2\u0db1\u0dca \u0db8\u0dcf \u0daf\u0dd2\u0dc0\u0dd2 \u0db1\u0ddc\u0dbb\u0dd0\u0dd9\u0db3\u0dba\u0dd2\r\n\u0daf\u0dd9\u0dc0\u0dd2\u0dba\u0db1\u0dd2 \u0d94\u0db6 \u0d85\u0db4 \u0dc0\u0dd9\u0db1\u0dca \u0d9a\u0dd9\u0dbb\u0dd4\u0dc0\u0dda \u0d87\u0dba\u0dd2\n\r\n\u0d94\u0dc4\u0dd4 \u0d85\u0dba\u0dd2\u0dad\u0dd2 \u0db8\u0da7\u0dba\u0dd2...... \n"
    },
    {
        "uuid": "7a2e3ff6-8a21-11e9-96d5-3863bb98c88b",
        "song": "Oya Danne Na Oya Ganama Man Hithana Tharam ",
        "singer": "Manjula Dilrukshi ",
        "lyricUnicode": "\u0d94\u0dba\u0dcf \u0daf\u0db1\u0dca\u0db1\u0dda \u0db1\u0dd1 \u0d94\u0dba\u0dcf \u0d9c\u0dd0\u0db1\u0db8 \u0db8\u0d82 \u0dc4\u0dd2\u0dad\u0db1 \u0dad\u0dbb\u0db8\u0dca\r\n\u0d94\u0dba\u0dcf \u0daf\u0db1\u0dca\u0db1\u0dda \u0db1\u0dd1 \u0d94\u0dba\u0dcf\u0dc0 \u0db8\u0d9c\u0dda \u0dc4\u0dd2\u0dad \u0dc4\u0ddc\u0dba\u0db1 \u0dad\u0dbb\u0db8\u0dca\r\n\u0dc4\u0dd2\u0dad\u0dcf\u0d9c\u0db1\u0dca\u0db1 \u0db6\u0dd1 \u0db8\u0d9c\u0dda \u0dc4\u0dd2\u0dad\u0da7 \u0d94\u0db6 \u0daf\u0dd0\u0db1\u0dd9\u0db1 \u0dad\u0dbb\u0db8\u0dca\r\n\u0d9a\u0dd2\u0dba\u0dcf\u0d9c\u0db1\u0dca\u0db1 \u0db6\u0dd1 \u0d94\u0dba\u0dcf\u0da7 \u0d87\u0dad\u0dd2 \u0d86\u0daf\u0dbb\u0dda \u0dad\u0dbb\u0db8\u0dca //\n\r\n\u0d94\u0db6 \u0dc3\u0ddc\u0dba\u0dcf \u0d91\u0db1\u0dca\u0db1 \u0dc4\u0dd2\u0dad \u0dc4\u0dd0\u0db8 \u0db8\u0ddc\u0dc4\u0ddc\u0dad\u0dd9\u0db8 \u0dc0\u0daf \u0daf\u0dd9\u0db1\u0dc0\u0dcf\r\n\u0d85\u0db4\u0dd2 \u0d85\u0db4\u0dda \u0dc0\u0dd9\u0dbd\u0dcf \u0d89\u0db1\u0dca\u0db1\u0da7 \u0dc4\u0dd2\u0dad \u0dc4\u0dd3\u0db1 \u0daf\u0d9a\u0dd2\u0db1\u0dc0\u0dcf\r\n\u0d94\u0dba \u0dc3\u0dd2\u0db1\u0dc4\u0dc0 \u0dc4\u0dd0\u0db8 \u0db8\u0ddc\u0dc4\u0ddc\u0dad\u0dd9\u0db8 \u0db8\u0da7 \u0dc3\u0dd2\u0dc4\u0dd2\u0dc0\u0dd9\u0db1\u0dc0\u0dcf\r\n\u0dad\u0dc0 \u0d91\u0d9a \u0dc3\u0dd0\u0dbb\u0dba\u0d9a\u0dca\r\n\u0dad\u0dc0 \u0d91\u0d9a \u0dc3\u0dd0\u0dbb\u0dba\u0d9a\u0dca \u0db8\u0da7 \u0daf\u0d9a\u0dd2\u0db1\u0dca\u0db1 \u0d86\u0dc3 \u0dc4\u0dd2\u0dad\u0dd9\u0db1\u0dc0\u0dcf\r\n\u0daf\u0d9a\u0dd2\u0db1\u0dca\u0db1 \u0d86\u0dc3\u0dcf \u0dc4\u0dd2\u0dad\u0dd9\u0db1\u0dc0\u0dcf\n\r\n\u0db8\u0da7 \u0dc0\u0d9c\u0dda \u0d94\u0dba\u0dcf\u0da7\u0dad\u0dca \u0db8\u0dcf\u0dc0 \u0db8\u0dad\u0d9a\u0dca \u0dc0\u0dd9\u0db1\u0dc0\u0dcf\u0daf\r\n\u0d91\u0d9a \u0db6\u0dd0\u0dbd\u0dca\u0db8\u0dd9\u0db1\u0dca \u0db8\u0da7 \u0dc0\u0d9c\u0dda \u0d86\u0daf\u0dbb\u0dba\u0d9a\u0dca \u0daf\u0dd0\u0db1\u0dd4\u0dab\u0dcf\u0daf\r\n\u0db8\u0d9c\u0dda \u0dc4\u0dd2\u0dad\u0da7 \u0dc0\u0dd9\u0dbd\u0dcf \u0dc4\u0dd0\u0db8\u0daf\u0dcf\u0db8 \u0db8\u0dd9\u0dc4\u0dd9\u0db8 \u0d89\u0db1\u0dca\u0db1\u0dc0\u0daf\r\n\u0dad\u0dc0 \u0d91\u0d9a \u0dc3\u0dd0\u0dbb\u0dba\u0d9a\u0dca \r\n\u0dad\u0dc0 \u0d91\u0d9a \u0dc3\u0dd0\u0dbb\u0dba\u0d9a\u0dca \u0db8\u0da7 \u0daf\u0d9a\u0dd2\u0db1\u0dca\u0db1\u0dc0\u0dad\u0dca \u0d91\u0db1\u0dc0\u0dcf\u0daf \r\n\u0daf\u0d9a\u0dd2\u0db1\u0dca\u0db1\u0dc0\u0dad\u0dca \u0d91\u0db1\u0dc0\u0dcf\u0daf \n\r\n\u0d94\u0dba\u0dcf \u0daf\u0db1\u0dca\u0db1\u0dda \u0db1\u0dd1..."
    },
    {
        "uuid": "7c879946-8a21-11e9-9ce2-3863bb98c88b",
        "song": "Oya Dunna Duka Mey Papuwe ",
        "singer": "Noel Raj ",
        "lyricUnicode": "\u0d94\u0dba\u0dcf \u0daf\u0dd4\u0db1\u0dca\u0db1 \u0daf\u0dd4\u0d9a \u0db8\u0dda \u0db4\u0db4\u0dd4\u0dc0\u0dda \u0db8\u0d82 \u0dad\u0dcf\u0db8 \u0dc4\u0dd2\u0dbb\u0d9a\u0dbb\u0db1\u0dca\r\n\u0db8\u0dd0\u0dbb\u0dd2 \u0db8\u0dd0\u0dbb\u0dd2 \u0d8b\u0db4\u0daf\u0dd2\u0db1\u0dc0\u0dcf \u0db8\u0d82 \u0dad\u0dc0 \u0d9a\u0dbd\u0dca\u0db4 \u0d9a\u0dcf\u0dbd\u0dba\u0d9a\u0dca\r\n\u0dc4\u0dd2\u0db8\u0dd2 \u0dc0\u0dd9\u0db1\u0dca\u0db1\u0dda \u0db1\u0dd1 \u0db8\u0da7 \u0d86\u0dba\u0dda \u0d94\u0db6 \u0d9a\u0dc0\u0db8\u0daf\u0dcf\u0d9a\u0dc0\u0dad\u0dca\r\n\u0d94\u0db6 \u0d91\u0db1\u0dca\u0db1 \u0d89\u0db1\u0dca\u0db1\u0dc0\u0dcf \u0db8\u0d82 \u0dba\u0dc5\u0dd2 \u0db8\u0d9f \u0db6\u0dbd\u0db1\u0dca\n\r\n\u0daf\u0dd4\u0d9a \u0dc0\u0dd0\u0da9\u0dd2 \u0dc0\u0dd9\u0dbd\u0dcf \u0db8\u0dda \u0daf\u0dd9\u0db1\u0dd9\u0dad\u0dda \u0dad\u0dc0 \u0dc4\u0dac\u0db1\u0dc0\u0dcf\r\n\u0d85\u0dc4\u0dc3\u0d9a\u0dca \u0dad\u0dbb\u0db8\u0dca \u0db4\u0dd9\u0db8\u0dca \u0d9a\u0dbd \u0d94\u0db6 \u0db1\u0dd0\u0dad\u0dd2 \u0dc0\u0dd4\u0db1\u0dcf\r\n\u0dc0\u0dd9\u0db1\u0dca \u0dc0\u0dd9\u0db1\u0dca\u0db1 \u0db6\u0dd1 \u0db8\u0da7 \u0db1\u0db8\u0dca \u0db8\u0d9c\u0dda \u0db4\u0dab \u0dc0\u0d9c\u0dda \u0d94\u0dba\u0dcf\r\n\u0d89\u0dc3\u0dca\u0dc3\u0dbb \u0dc0\u0d9c\u0dda \u0d91\u0db1\u0d9a\u0dbd\u0dca \u0db8\u0d82 \u0d89\u0db1\u0dca\u0db1\u0dc0\u0dcf \u0db6\u0dbd\u0dcf\n\r\n\u0d94\u0dba\u0dcf \u0daf\u0dd4\u0db1\u0dca\u0db1 \u0daf\u0dd4\u0d9a \u0db8\u0dda \u0db4\u0db4\u0dd4\u0dc0\u0dda \u0db8\u0d82 \u0dad\u0dcf\u0db8 \u0dc4\u0dd2\u0dbb\u0d9a\u0dbb\u0db1\u0dca\r\n\u0db8\u0dd0\u0dbb\u0dd2 \u0db8\u0dd0\u0dbb\u0dd2 \u0d8b\u0db4\u0daf\u0dd2\u0db1\u0dc0\u0dcf \u0db8\u0d82 \u0dad\u0dc0 \u0d9a\u0dbd\u0dca\u0db4 \u0d9a\u0dcf\u0dbd\u0dba\u0d9a\u0dca\n\r\n\u0d9c\u0dd0\u0dc3\u0dca\u0db8\u0db1\u0dca \u0db4\u0dc0\u0dcf \u0dc4\u0daf\u0dc0\u0dad\u0dda \u0d94\u0db6 \u0db4\u0dad\u0db1\u0dc0\u0dcf\r\n\u0dc3\u0dad\u0dd4\u0da7\u0dd2\u0db1\u0dca\u0db8 \u0d89\u0db1\u0dca\u0db1 \u0dc4\u0dd0\u0db8\u0daf\u0dcf \u0daf\u0dd2\u0dc0\u0dd2 \u0d87\u0dad\u0dd2\u0dad\u0dd4\u0dbb\u0dcf\r\n\u0dc0\u0dd9\u0db1\u0dca \u0dc0\u0dd9\u0db1\u0dca\u0db1 \u0db6\u0dd1 \u0db8\u0da7\u0db1\u0db8\u0dca \u0db8\u0dcf\u0d9c\u0dda \u0db4\u0dab \u0dc0\u0d9c\u0dda \u0d94\u0dba\u0dcf\r\n\u0d89\u0dc3\u0dca\u0dc3\u0dbb \u0dc0\u0d9c\u0dda \u0d91\u0db1\u0d9a\u0dbd\u0dca \u0db8\u0d82 \u0d89\u0db1\u0dca\u0db1\u0dc0\u0dcf \u0db6\u0dbd\u0dcf\n\r\n\u0d94\u0dba\u0dcf \u0daf\u0dd4\u0db1\u0dca\u0db1 \u0daf\u0dd4\u0d9a....."
    },
    {
        "uuid": "8b798a0a-8a21-11e9-94a3-3863bb98c88b",
        "song": "Oyata Amathaka Wela Gihin ",
        "singer": "Noel Raj ",
        "lyricUnicode": "\u0d94\u0dba\u0dcf\u0da7 \u0d85\u0db8\u0dad\u0d9a \u0dc0\u0dd9\u0dbd\u0dcf \u0d9c\u0dd2\u0dc4\u0dd2\u0db1\u0dca\r\n\u0dc4\u0dd0\u0daf\u0dd4\u0dc0\u0dda \u0dc0\u0dd9\u0db1\u0dca\u0dc0\u0dd3 \u0dba\u0db1\u0dca\u0db1 \u0db8\u0d9c\u0dd9\u0db1\u0dca\r\n\u0db8\u0d9c\u0dda \u0dc4\u0dd2\u0dad \u0dad\u0dc0\u0db8\u0dad\u0dca \u0d94\u0dba\u0dcf\u0da7 \u0db1\u0db8\u0dca \u0dc4\u0dbb\u0dd2 \u0d86\u0daf\u0dbb\u0dd9\u0dba\u0dd2\n\r\n\u0d9a\u0dd2\u0dba\u0dcf \u0daf\u0dd9\u0db1\u0dca\u0db1 \u0db8\u0da7 \u0d86\u0dba\u0dd9\u0db8\u0dad\u0dca\r\n\u0d8b\u0db1\u0dcf \u0db1\u0db8\u0dca \u0db8\u0d9c\u0dd9\u0db1\u0dca \u0dc0\u0dd0\u0dbb\u0dd0\u0daf\u0dca\u0daf\u0d9a\u0dca\r\n\u0dc0\u0dd9\u0db1\u0dca\u0dc0\u0dd9\u0dbd\u0dcf \u0dba\u0db1\u0dca\u0db1 \u0dc3\u0dd2\u0daf\u0dd4 \u0dc0\u0dd4\u0dab\u0dcf\r\n\u0db8\u0dd9\u0da0\u0dca\u0da0\u0dbb\u0d9a\u0dca \u0d86\u0daf\u0dbb\u0dda \u0d9a\u0dbb\u0dc0\u0dbd\u0dcf\n\r\n\u0dbb\u0dd1 \u0db4\u0dd4\u0dbb\u0dcf \u0dc3\u0dd2\u0dc4\u0dd2\u0db1\u0dba\u0dda \u0d94\u0db6 \u0dc3\u0d9f\u0dc0\u0dcf\u0dbd\u0dcf\r\n\u0dad\u0dd4\u0dbb\u0dd4\u0dbd\u0dda \u0db8\u0d9c\u0dda \u0db4\u0dd9\u0db8\u0dca \u0d9a\u0dc5 \u0d94\u0dba\u0dcf\r\n\u0dc0\u0dd9\u0db1\u0dca \u0dc0\u0dd3 \u0d9c\u0dd2\u0dba\u0dcf\u0daf\u0ddd \u0d9a\u0dcf\u0da7\u0dad\u0dca \u0dc4\u0ddc\u0dbb\u0dcf\r\n\u0db8\u0d9c\u0dda \u0dc4\u0dd2\u0dad \u0db4\u0dd4\u0dbb\u0dcf \u0d86\u0daf\u0dbb\u0dda \u0d9a\u0dc5 \u0d94\u0dba\u0dcf\n\r\n\u0d9a\u0dd2\u0dba\u0dcf \u0daf\u0dd9\u0db1\u0dca\u0db1 \u0db8\u0da7...\n\r\n\u0dc4\u0dd2\u0db1\u0dd0\u0dc4\u0dd4\u0dab\u0dd4 \u0daf\u0dd9\u0dad\u0ddc\u0dbd\u0dca \u0d85\u0daf \u0db8\u0dd2\u0dba\u0dd0\u0daf\u0dd2\u0dbd\u0dcf\r\n\u0db4\u0dd9\u0db8\u0dca \u0d9a\u0dc5 \u0dc3\u0dd2\u0dad\u0dda \u0d9c\u0dd2\u0db1\u0dd2 \u0daf\u0dbd\u0dca\u0dc0\u0dbd\u0dcf\r\n\u0db4\u0dd4\u0dc5\u0dd4\u0dc0\u0db1\u0dca \u0dc0\u0dd4\u0dab\u0dcf \u0db1\u0db8\u0dca \u0dba\u0db1\u0dca\u0db1\u0da7 \u0daf\u0db8\u0dcf\r\n\u0d87\u0dba\u0dd2 \u0dc4\u0dd3\u0db1 \u0db8\u0dd0\u0dc0\u0dca\u0dc0\u0dda \u0db8\u0da7 \u0dc5\u0d82 \u0dc0\u0dd9\u0dbd\u0dcf\n\r\n\u0d9a\u0dd2\u0dba\u0dcf \u0daf\u0dd9\u0db1\u0dca\u0db1 \u0db8\u0da7...\r\n\u0d94\u0dba\u0dcf\u0da7 \u0d85\u0db8\u0dad\u0d9a \u0dc0\u0dd9\u0dbd\u0dcf..."
    },
    {
        "uuid": "8bf6009e-8a21-11e9-99a9-3863bb98c88b",
        "song": "Oyata Mawa Epa Nam ",
        "singer": "Viraj Perera ",
        "lyricUnicode": "\u0d94\u0dba\u0dcf\u0da7 \u0db8\u0dcf\u0dc0 \u0d91\u0db4\u0dcf \u0db1\u0db8\u0dca \u0d9a\u0dbd\u0dd2\u0db1\u0dca \u0d9a\u0dd2\u0dba\u0db1\u0dca\u0db1\u0da7 \u0dad\u0dd2\u0db6\u0dd4\u0db1\u0dcf \r\n\u0db8\u0dda \u0dad\u0dbb\u0db8\u0dca \u0daf\u0dd4\u0dbb \u0d91\u0d9a\u0dca\u0d9a \u0db1\u0dd1\u0dc0\u0dd2\u0dad\u0dca \u0db8\u0d9c\u0dd2\u0db1\u0dca \u0dc4\u0dd0\u0dbb\u0dd9\u0db1\u0dca\u0db1\u0da7 \u0dad\u0dd2\u0db6\u0dd4\u0db1\u0dcf \r\n\u0d94\u0db6 \u0d9c\u0dd2\u0dba\u0dcf\u0da7 \u0db8\u0dcf \u0dc4\u0dd0\u0dbb\u0daf\u0dcf \u0db1\u0dd1 \u0d85\u0db8\u0db1\u0dcf\u0db4 \u0dc3\u0daf\u0dcf \r\n\u0d94\u0db6\u0dda \u0dc3\u0dad\u0dd4\u0da7 \u0d87\u0dad\u0dca\u0dad\u0dda \u0d91\u0dad\u0db1 \u0db1\u0db8\u0dca \u0dc0\u0dbb\u0daf\u0d9a\u0dca \u0db1\u0ddc\u0d9a\u0dd2\u0dba\u0db8\u0dd2 \u0db8\u0dcf \n\r\n\u0d89\u0d9a\u0dca\u0db8\u0db1\u0dca \u0dc0\u0dd9\u0dbd\u0dcf \u0d86 \u0daf\u0dd4\u0dbb \u0daf\u0dd2\u0dc4\u0dcf \r\n\u0db6\u0dd0\u0dbd\u0dd6\u0dc0\u0dad\u0dca \u0dc4\u0dd0\u0dbb\u0dd2 \u0db1\u0dd0\u0dc0\u0dad\u0dd2 \u0dc3\u0dd4\u0dc3\u0dd4\u0db8\u0d9a\u0dca \u0dc4\u0dd9\u0dbd\u0dcf \r\n\u0d9a\u0daf\u0dd4\u0dbd\u0d9a\u0dca \u0daf\u0dbb\u0dcf \u0d8b\u0db1\u0dca\u0db1\u0da7 \u0dc0\u0da9\u0dcf \r\n\u0dad\u0db1\u0dd2\u0d9a\u0db8 \u0dc3\u0dd0\u0db4\u0dba\u0dd2 \u0db1\u0dd4\u0dc4\u0dd4\u0dbb\u0dd4 \u0dc3\u0dd9\u0db1\u0dd9\u0dc4\u0dd9\u0db1\u0dca \u0dc3\u0daf\u0dcf \r\n\u0db8\u0dcf\u0dc0 \u0dc4\u0dd0\u0dbb\u0daf\u0dcf \u0d87\u0dba\u0dd2 \u0d9c\u0dd2\u0dba\u0dda \u0d9a\u0dd2\u0dba\u0dcf \u0d85\u0dc4\u0db1\u0dc0\u0dcf \u0dc4\u0daf\u0dc0\u0dad \u0db8\u0d9c\u0dda \r\n\u0dc4\u0dda\u0dad\u0dd4\u0dc0\u0d9a\u0dca \u0db1\u0ddc\u0daf\u0db1\u0dd3 \u0db8\u0dcf\u0db1\u0dda \u0d94\u0dba\u0dcf \u0dba\u0db1\u0dca\u0db1\u0db8 \u0d9c\u0dd2\u0dba\u0dcf \n\r\n\u0d94\u0dba\u0dcf\u0da7 \u0db8\u0dcf\u0dc0 \u0d91\u0db4\u0dcf \u0db1\u0db8\u0dca \u0d9a\u0dbd\u0dd2\u0db1\u0dca \u0d9a\u0dd2\u0dba\u0db1\u0dca\u0db1\u0da7 \u0dad\u0dd2\u0db6\u0dd4\u0db1\u0dcf \r\n\u0db8\u0dda \u0dad\u0dbb\u0db8\u0dca \u0daf\u0dd4\u0dbb \u0d91\u0d9a\u0dca\u0d9a \u0db1\u0dd1\u0dc0\u0dd2\u0dad\u0dca \u0db8\u0d9c\u0dd2\u0db1\u0dca \u0dc4\u0dd0\u0dbb\u0dd9\u0db1\u0dca\u0db1\u0da7 \u0dad\u0dd2\u0db6\u0dd4\u0db1\u0dcf\n\r\n\u0d9a\u0dbd\u0db6\u0dbd \u0dc0\u0dd9\u0dbd\u0dcf \u0dc3\u0dd2\u0dbb \u0d9a\u0ddc\u0da7 \u0dad\u0db6\u0dcf \r\n\u0db4\u0dbd \u0db1\u0dd1 \u0db6\u0dbd\u0dd9\u0db1\u0dca \u0d94\u0db6\u0dc0 \u0db8\u0dcf \u0dbd\u0d9c \u0dad\u0dd2\u0dba\u0dcf \r\n\u0d94\u0db6\u0dda \u0dc4\u0daf\u0dc0\u0dad\u0dda \u0daf\u0dd0\u0db1\u0dca \u0d87\u0dad\u0dd2 \u0d9a\u0dd9\u0db1\u0dcf \r\n\u0d91\u0d9a\u0dca\u0d9a\u0db8 \u0dc4\u0ddc\u0daf\u0dd2\u0db1\u0dca \u0d89\u0db1\u0dca\u0db1 \u0db8\u0dd2\u0dba\u0dd0\u0daf\u0dd9\u0db1 \u0dad\u0dd4\u0dbb\u0dcf\r\n\u0db8\u0dcf\u0dc0 \u0dc4\u0dd0\u0dbb\u0daf\u0dcf \u0d87\u0dba\u0dd2 \u0d9c\u0dd2\u0dba\u0dda \u0d9a\u0dd2\u0dba\u0dcf \u0d85\u0dc4\u0db1\u0dc0\u0dcf \u0dc4\u0daf\u0dc0\u0dad \u0db8\u0d9c\u0dda \r\n\u0dc4\u0dda\u0dad\u0dd4\u0dc0\u0d9a\u0dca \u0db1\u0ddc\u0daf\u0db1\u0dd3 \u0db8\u0dcf\u0db1\u0dda \u0d94\u0dba\u0dcf \u0dba\u0db1\u0dca\u0db1\u0db8 \u0d9c\u0dd2\u0dba\u0dcf \n\r\n\u0d94\u0dba\u0dcf\u0da7 \u0db8\u0dcf\u0dc0 \u0d91\u0db4\u0dcf \u0db1\u0db8\u0dca..... "
    }
]