[
    {
        "uuid": "90722a7e-8a21-11e9-a6b3-3863bb98c88b",
        "song": "Pabasara Ran Pabalu Minimuthu Kan Pabalu ",
        "singer": "Mervin Perera ",
        "lyricUnicode": "\u0db4\u0db6\u0dc3\u0dbb \u0dbb\u0db1\u0dca \u0db4\u0db6\u0dc5\u0dd4 \u0db8\u0dd2\u0dab\u0dd2\u0db8\u0dd4\u0dad\u0dd4 \u0d9a\u0dd0\u0db1\u0dca \u0d94\u0db4\u0dbd\u0dd6\r\n\u0dbb\u0da2 \u0d9a\u0dd2\u0dbb\u0dd4\u0dc5\u0dd4 \u0d85\u0d9c\u0dba \u0db1\u0dd0\u0dad\u0dda\r\n\u0d94\u0d9b\u0dd9 \u0dc4\u0daf \u0db8\u0dbd\u0dca \u0d8b\u0dba\u0db1\u0dda \u0db1\u0dd0\u0dc5\u0dc0\u0dd9\u0db1 \u0db8\u0dbd\u0dca \u0db4\u0dc0\u0db1\u0dda\r\n\u0daf\u0dd2\u0dc5\u0dd2\u0db3\u0dd4 \u0db4\u0dd0\u0dbd\u0dda \u0d91\u0dc5\u0dd2\u0dba \u0d87\u0dad\u0dda\n\r\n\u0d9c\u0d9f \u0db6\u0dd0\u0dc3 \u0d92 \u0dc3\u0dba\u0dd4\u0dbb \u0db6\u0dbd\u0dcf\r\n\u0dc4\u0dd2\u0dbb\u0dd4 \u0dc4\u0dd2\u0db1\u0dd0\u0dc4\u0dda \u0db1\u0dd9\u0dc5\u0dd4\u0db8 \u0db1\u0dd9\u0dbd\u0dcf\r\n\u0db1\u0dd9\u0dad \u0dc3\u0dd2\u0dad \u0dc4\u0dcf \u0d91\u0d9a\u0dad\u0dd4 \u0dc0\u0dd9\u0dbd\u0dcf\r\n\u0d94\u0db6 \u0daf\u0dd0\u0d9a\u0dd4\u0db8\u0dd9\u0db1\u0dca \u0d8b\u0db8\u0dad\u0dd4 \u0dc0\u0dd9\u0dbd\u0dcf\n\r\n\u0db4\u0db6\u0dc3\u0dbb \u0dbb\u0db1\u0dca \u0db4\u0db6\u0dc5\u0dd4.....\n\r\n\u0d9a\u0dc5\u0dd4\u0dc0\u0dbb \u0dbb\u0dd1 \u0dbb\u0dc5\u0dd4 \u0d85\u0dc4\u0dc3\u0dda\r\n\u0dad\u0dbb\u0dd4\u0dc0\u0dd0\u0dbd \u0dc4\u0dcf \u0d85\u0da9 \u0dc3\u0db3 \u0dc3\u0dda\r\n\u0db1\u0ddc\u0db4\u0dd2\u0dbb\u0dd4\u0dab\u0dd4 \u0db8\u0dda \u0dc3\u0dd2\u0dad\u0da7 \u0db8\u0d9c\u0dda\r\n\u0d94\u0db6 \u0d9c\u0dd9\u0db1 \u0d91\u0dba\u0dd2 \u0dc3\u0dad\u0dd4\u0da7 \u0d85\u0d9c\u0dda\n\r\n\u0db4\u0db6\u0dc3\u0dbb \u0dbb\u0db1\u0dca \u0db4\u0db6\u0dc5\u0dd4....."
    },
    {
        "uuid": "944b34ae-8a21-11e9-b8bb-3863bb98c88b",
        "song": "Paluwata Thanikamata ",
        "singer": "Indika Liyanage Indika Liyanage ",
        "lyricUnicode": "\u0db4\u0dcf\u0dc5\u0dd4\u0dc0\u0da7 \u0dad\u0db1\u0dd2\u0d9a\u0db8\u0da7 \u0dc3\u0db8\u0dd4 \u0daf\u0dd9\u0db8\u0dd2\u0db1\u0dca \u0dc4\u0dd2\u0db1\u0dd0\u0dc4\u0dd9\u0db8\u0dd2\u0db1\u0dca\r\n\u0db1\u0dd4\u0db9\u0dda \u0d94\u0dba \u0db8\u0dd4\u0daf\u0dd4 \u0dc0\u0daf\u0db1\u0dca \u0db8\u0dcf \u0dc3\u0dc0\u0db1\u0dca \u0dad\u0dc0\u0dbb\u0db8\u0dd2\u0db1\u0dca\r\n\u0dc3\u0dd9\u0db1\u0dd9\u0dc4\u0dc3\u0dba\u0dd2 \u0d8b\u0dab\u0dd4\u0dc3\u0dd4\u0db8\u0dba\u0dd2 \u0dc4\u0daf\u0dc0\u0dad\u0dda \u0db4\u0dd4\u0dbb\u0dc0\u0db8\u0dd2\u0db1\u0dca\r\n\u0d87\u0dc0\u0dd2\u0dad\u0dca \u0dba\u0db1\u0dca\u0db1\u0da7 \u0d91\u0db1\u0dca\u0db1 \u0db8\u0d9c\u0dda \u0dc4\u0dd2\u0dad \u0dc3\u0db1\u0dc3\u0db8\u0dd2\u0db1\u0dca\n\r\n\u0dbb\u0dd0\u0dba\u0dd9\u0db1\u0dca \u0dbb\u0dd0\u0dba \u0d9c\u0dd9\u0dc0\u0dd2\u0dbd\u0dcf \u0dc0\u0dc3\u0db1\u0dca\u0dad\u0dba \u0d91\u0dba\u0dd2 \u0d9a\u0dd2\u0dba\u0dcf\r\n\u0dbb\u0dd2\u0daf\u0dd4\u0db8\u0dca \u0daf\u0dd4\u0db1\u0dca \u0dc4\u0daf\u0dc0\u0dad\u0dd2\u0db1\u0dca \u0db8\u0dcf \u0d89\u0db3\u0db1\u0dca \u0db8\u0d9c \u0db6\u0dbd\u0dcf\r\n\u0d9a\u0dd2\u0dba\u0db1\u0dca\u0db1\u0da7 \u0db6\u0dd0\u0dbb\u0dd2 \u0d9a\u0dc0\u0d9a\u0dca\r\n\u0dc4\u0daf\u0dc0\u0dad\u0dda \u0dc3\u0dd2\u0dbb \u0dc0\u0dd9\u0dbd\u0dcf\n\r\n\u0db7\u0dc0\u0dd9\u0db1\u0dca \u0db7\u0dc0 \u0dc4\u0dd0\u0db3\u0dd2\u0db1\u0dd6\r\n\u0daf\u0dc3\u0dd4\u0db1\u0dca \u0dc5\u0d9f \u0db1\u0dd9\u0dad\u0dca \u0db4\u0dd2\u0dba\u0dcf\r\n\u0db8\u0dd2\u0dba\u0dd0\u0daf\u0dd4\u0db1\u0dad\u0dca \u0d9a\u0db8\u0dca \u0db1\u0ddc\u0dc0\u0dda\r\n\u0d87\u0dad\u0dd4 \u0db4\u0dd0\u0dad\u0dd4\u0db8\u0dca \u0d9c\u0dbd\u0dca \u0dc0\u0dd9\u0dbd\u0dcf\r\n\u0db8\u0db1\u0dd2\u0db1\u0dca\u0db1\u0da7 \u0db6\u0dd0\u0dbb\u0dd2 \u0d89\u0db8\u0d9a\u0dca \u0dc4\u0daf\u0dc0\u0dad\u0dda \u0d9c\u0ddc\u0dc5\u0dd4 \u0dc0\u0dd9\u0dbd\u0dcf\n\r\n\u0db4\u0dcf\u0dc5\u0dd4\u0dc0\u0da7 \u0dad\u0db1\u0dd2\u0d9a\u0db8\u0da7..."
    },
    {
        "uuid": "95c629f6-8a21-11e9-bba1-3863bb98c88b",
        "song": "Pama Wela Muna Gahunu Nisa ",
        "singer": "Damith Asanka ",
        "lyricUnicode": "\u0db4\u0db8\u0dcf \u0dc0\u0dd9\u0dbd\u0dcf \u0db8\u0dd4\u0dab \u0d9c\u0dd0\u0dc4\u0dd4\u0db1\u0dd4 \u0db1\u0dd2\u0dc3\u0dcf\r\n\u0daf\u0dbb\u0dcf\u0d9c\u0db1\u0dca\u0db1 \u0db6\u0dd0\u0dbb\u0dd2 \u0d9a\u0daf\u0dd4\u0dc5\u0dd4 \u0d8b\u0db1\u0dcf\r\n\u0db8\u0d9c\u0dda \u0dc4\u0dd2\u0dad\u0dad\u0dca \u0db8\u0da7 \u0d85\u0dc4\u0dd2\u0db8\u0dd2 \u0dc0\u0dd9\u0dbd\u0dcf\r\n\u0d94\u0dba\u0dcf \u0db8\u0d9c\u0dda \u0db4\u0dab \u0dc0\u0dd9\u0dbd\u0dcf \u0db1\u0dd2\u0dc3\u0dcf\n\r\n\u0d9a\u0dc0\u0dd2\u0d9a\u0dcf\u0dbb \u0d87\u0dc3\u0dca \u0daf\u0dd9\u0d9a\u0dda \u0db4\u0dd9\u0db8 \u0dc4\u0d82\u0d9c\u0dbd\u0dcf\r\n\u0db8\u0da7 \u0d86\u0dba\u0dda \u0d94\u0db6 \u0dc0\u0dcf\u0d9c\u0dda \u0dad\u0dc0\u0d9a\u0dd9\u0d9a\u0dca \u0d91\u0db4\u0dcf //\r\n\u0dad\u0dc0\u0db8 \u0db8\u0d82 \u0d94\u0dba \u0dbb\u0dd4\u0dc0\u0dda \u0d85\u0dad\u0dbb\u0db8\u0d82 \u0dc0\u0dd9\u0dbd\u0dcf\r\n\u0db6\u0dbd\u0dcf \u0d89\u0db1\u0dca\u0db1\u0dda \u0db8\u0d9c\u0dda \u0dc0\u0dd9\u0db1\u0d9a\u0db1\u0dca \u0dc4\u0dd4\u0dc3\u0dca\u0db8 \u0db8\u0d9c\u0dda \u0d94\u0dba\u0dcf\n\r\n\u0db4\u0db8\u0dcf \u0dc0\u0dd9\u0dbd\u0dcf.....\n\r\n\u0db4\u0dd2\u0da7\u0dd4 \u0db4\u0dcf\u0dbd\u0dcf \u0dba\u0db1 \u0daf\u0dd2\u0dc4\u0dcf \u0dc4\u0ddc\u0dbb\u0dc4\u0dd2\u0db1\u0dca \u0db6\u0dbd\u0dcf \r\n\u0daf\u0dd4\u0dbb \u0d89\u0daf\u0db1\u0dca \u0dc4\u0dac\u0db1\u0dca\u0db1\u0db8\u0dca \u0d94\u0db6 \u0dc3\u0dad\u0dd4\u0da7\u0dd2\u0db1\u0dca \u0dc3\u0dd2\u0dad\u0dcf //\r\n\u0db8\u0dad\u0dd4 \u0db7\u0dc0\u0dda \u0dc4\u0db8\u0dd4\u0dc0\u0dd9\u0dbd\u0dcf \u0dba\u0dbd\u0dd2 \u0dbd\u0d82 \u0dc0\u0dd9\u0dbd\u0dcf \r\n\u0dad\u0dd4\u0dbb\u0dd4\u0dbd\u0da7 \u0d9a\u0dbb\u0db1\u0dca \u0dc4\u0dac\u0db1\u0dca\u0db1\u0db8\u0dca \u0dc0\u0dd2\u0db3\u0dd2 \u0daf\u0dd4\u0d9a \u0d9a\u0dd2\u0dba\u0dcf\n\r\n\u0db4\u0db8\u0dcf \u0dc0\u0dd9\u0dbd\u0dcf....."
    },
    {
        "uuid": "9e497946-8a21-11e9-8962-3863bb98c88b",
        "song": "Paramitha Bala Poojitha Poojitha ",
        "singer": "W D Amaradeva ",
        "lyricUnicode": "\u0db4\u0dcf\u0dbb\u0db8\u0dd2\u0dad\u0dcf \u0db6\u0dbd \u0db4\u0dd6\u0da2\u0dd2\u0dad \u0db4\u0dd6\u0da2\u0dd2\u0dad\r\n\u0db6\u0dd4\u0daf\u0dca\u0db0 \u0daf\u0dd2\u0dc0\u0dcf\u0d9a\u0dbb\u0dba\u0dcf\u0dab\u0ddd\r\n\u0dc0\u0dd9\u0dc3\u0d9a\u0dca \u0db4\u0ddc\u0dc4\u0ddd \u0daf\u0dd2\u0db1 \u0daf\u0dd2\u0db1\u0dd6 \u0dc3\u0dda\u0d9a \u0dbd\u0ddc\u0dc0\r\n\u0db6\u0dd4\u0daf\u0dca\u0db0 \u0daf\u0dd2\u0dc0\u0dcf\u0d9a\u0dbb\u0dba\u0dcf\u0dab\u0ddd //\r\n\u0dc3\u0dd0\u0db1\u0dc3\u0dd9\u0db8\u0dd4 \u0db4\u0dd4\u0daf \u0daf\u0dd3 \u0db8\u0dd4\u0db1\u0dd2 \u0dc3\u0dd2\u0dbb\u0dd2\u0db4\u0dcf\u0daf\u0dda\r\n\u0db4\u0dd2\u0dc4\u0dd2\u0db1\u0db8\u0dd4 \u0db4\u0dd2\u0dc4\u0dd2\u0db1\u0db8\u0dd4 \u0db6\u0dd4\u0daf\u0dd4 \u0d9c\u0dd4\u0dab \u0db8\u0dd4\u0dc4\u0dd4\u0daf\u0dda\n\r\n\u0db4\u0dcf\u0dbb\u0db8\u0dd2\u0dad\u0dcf \u0db6\u0dbd \u0db4\u0dd6\u0da2\u0dd2\u0dad...\n\r\n\u0dc3\u0db1\u0dc3\u0dcf \u0db8\u0dd4\u0dc5\u0dd4 \u0dbd\u0ddc\u0dc0 \u0db1\u0dd2\u0dc0\u0db1\u0dca \u0dbd\u0db6\u0dcf \u0daf\u0dd3\r\n\u0db4\u0dd4\u0dab\u0dca\u0dca\u200d\u0dba \u0db8\u0dc4\u0ddd\u0daf\u0db0\u0dd2 \u0dc1\u0dcf\u0db1\u0dca\u0dad \u0dc3\u0db8\u0dcf\u0db0\u0dd2 //\r\n\u0dc3\u0dab\u0dbb\u0dcf\u0db8\u0dbb \u0d9c\u0dd4\u0dbb\u0dd4 \u0dbd\u0ddd\u0d9a \u0dad\u0dd2\u0dc0\u0d82\u0d9a\u0dbb\r\n\u0db6\u0dd4\u0daf\u0dca\u0db0 \u0daf\u0dd2\u0dc0\u0dcf\u0d9a\u0dbb\u0dba\u0dcf\u0dab\u0ddd //\n\r\n\u0db8\u0dcf\u0dbb \u0db4\u0dbb\u0dcf\u0da2\u0dba \u0d9a\u0dc5 \u0db8\u0dd4\u0db1\u0dd2\u0db3\u0dd4\u0db1\u0dca\u0d9c\u0dda //\r\n\u0d9a\u0dbb\u0dd4\u0dab\u0dcf \u0dc3\u0dd3\u0dad\u0dbd \u0db8\u0dd9\u0dad\u0dca \u0db0\u0dcf\u0dbb\u0dcf\r\n\u0d9c\u0dbd\u0dcf \u0db6\u0dc3\u0dd2\u0dba\u0dd2 \u0dad\u0dd4\u0db1\u0dca \u0dbd\u0ddd \u0dad\u0dbd\u0dba\u0dda\r\n\u0daf\u0dd4\u0d9a\u0dca \u0d9c\u0dd2\u0db8\u0db1\u0dca \u0db1\u0dd2\u0dc0\u0dcf \u0d85\u0db8 \u0dc3\u0dd9\u0dad \u0dc3\u0dcf\u0daf\u0dcf\r\n\u0db6\u0dd4\u0daf\u0dd4\u0dbb\u0dd0\u0dc3\u0dca \u0d9a\u0dd0\u0da7\u0dd2 \u0dc0\u0dd3 \u0db1\u0dd0\u0d9c\u0dd2 \u0d86\u0dbd\u0ddd\u0d9a\u0dda\r\n\u0db4\u0dd2\u0dc3\u0dba\u0dba\u0dd2 \u0daf\u0dd4\u0d9a\u0db3\u0dd4\u0dbb \u0db8\u0dd4\u0dc5\u0dd4 \u0dad\u0dd4\u0db1\u0dca \u0dbd\u0ddd\u0d9a\u0dda\n\r\n\u0db4\u0dcf\u0dbb\u0db8\u0dd2\u0dad\u0dcf \u0db6\u0dbd \u0db4\u0dd6\u0da2\u0dd2\u0dad..."
    },
    {
        "uuid": "aa9f5f1c-8a21-11e9-ab2c-3863bb98c88b",
        "song": "Pawela Yana Sandak ",
        "singer": "Shashika Nisansala ",
        "lyricUnicode": "\u0db4\u0dcf\u0dc0\u0dd9\u0dbd\u0dcf \u0dba\u0db1 \u0dc3\u0db3\u0d9a\u0dca \u0db8\u0dd2\u0dc3 \u0db8\u0db8\r\n\u0d85\u0dc4\u0dc3 \u0dba\u0da7 \u0db1\u0dc0\u0dad\u0dd2\u0db1\u0dca\u0db1\u0dd9 \u0db1\u0dd1\r\n\u0d86\u0dba\u0dd9 \u0daf\u0dc0\u0dc3\u0d9a \u0dc4\u0db8\u0dd4\u0dc0\u0dd9\u0db1\u0dca\u0db1 \u0db8\u0da7\r\n\u0db1\u0dd1\u0dc0\u0dd2\u0db3\u0dd2\u0db1\u0dca \u0db1\u0db8\u0dca \u0d89\u0db1\u0dca\u0db1 \u0db6\u0dd1 //\n\r\n\u0dbb\u0dd0\u0dba\u0d9a\u0dca \u0dad\u0db1\u0dd2\u0dba\u0db8 \u0d9c\u0dd9\u0dc0\u0dd6 \u0daf\u0dc0\u0dc3\u0da7\r\n\u0db8\u0d9c\u0dd9 \u0dc4\u0dd2\u0dad\u0dda \u0dc3\u0dd0\u0db1\u0dc3\u0dd4\u0db8\u0d9a\u0dca \u0db1\u0dd1\r\n\u0db1\u0dd4\u0db9\u0dad\u0dca \u0db8\u0da7 \u0db8\u0d9c \u0dc4\u0dd0\u0dbb\u0dd4\u0dab\u0dd4 \u0daf\u0dc0\u0dc3\u0da7\r\n\u0da2\u0dd3\u0dc0\u0dd2\u0dad\u0dda \u0d8b\u0dc4\u0dd4\u0dbd\u0db1\u0dca\u0db1 \u0db6\u0dd1\n\r\n\u0db4\u0dcf\u0dc0\u0dd9\u0dbd\u0dcf \u0dba\u0db1 \u0dc3\u0db3\u0d9a\u0dca...\n\r\n\u0dc0\u0dc5\u0dcf\u0d9a\u0dd4\u0dc5\u0dd4 \u0dc5\u0d82\u0dc0\u0dd9\u0dbd\u0dcf \u0d85\u0dc4\u0dc3\u0da7\r\n\u0dc4\u0dd2\u0da7\u0dd2\u0dba\u0ddc\u0dad\u0dd2\u0db1\u0dca \u0db8\u0da7 \u0d89\u0db1\u0dca\u0db1 \u0db6\u0dd1\r\n\u0d85\u0db4\u0dd2\u0da7 \u0d85\u0db4\u0dd2 \u0d86\u0daf\u0dbb\u0dda \u0dad\u0dbb\u0db8\u0da7 \r\n\u0d85\u0db4\u0dd2\u0da7 \u0d85\u0db4\u0dd2 \u0dc4\u0db8\u0dd4\u0dc0\u0dd9\u0db1\u0dca\u0db1 \u0db6\u0dd1\n\r\n\u0db4\u0dcf\u0dc0\u0dd9\u0dbd\u0dcf \u0dba\u0db1 \u0dc3\u0db3\u0d9a\u0dca..."
    },
    {
        "uuid": "ad5624b6-8a21-11e9-90df-3863bb98c88b",
        "song": "Pawii Aatha Sagare Oruwe Neela Dupathe ",
        "singer": "Anton Rodrigo ",
        "lyricUnicode": "\u0db4\u0dcf\u0dc0\u0dd3 \u0d88\u0dad \u0dc3\u0dcf\u0d9c\u0dbb\u0dda \u0d94\u0dbb\u0dd4\u0dc0\u0dda \u0db1\u0dd3\u0dbd \u0daf\u0dd6\u0db4\u0dad\u0dda\r\n\u0dc3\u0dd3\u0dad\u0dbd \u0dbb\u0dc5 \u0dc0\u0dd0\u0dbd\u0dca \u0dad\u0dbb\u0d82\u0d9c\u0dda \u0daf\u0dd2\u0dbd\u0dd3 \u0dc3\u0dda\u0dbd\u0dba\u0dda //\r\n\u0db4\u0dcf\u0dc0\u0dd3 \u0d88\u0dad \u0dc3\u0dcf\u0d9c\u0dbb\u0dda\n\r\n\u0dbd\u0dcf \u0dc3\u0db3 \u0d9a\u0dd2\u0dbb\u0dab\u0dda \u0dbb\u0dd1 \u0dad\u0dbb\u0dd4 \u0d91\u0dc5\u0dd2\u0dba\u0dda\r\n\u0d85\u0db4 \u0dba\u0db1 \u0d9c\u0db8\u0db1\u0dda \u0db4\u0dc0\u0db1\u0dda \u0dc3\u0dd2\u0dc3\u0dd2\u0dbd \u0daf\u0dd0\u0db1\u0dda //\r\n\u0dbb\u0dd0\u0dba\u0dda \u0dc3\u0dcf\u0d9c\u0dbb\u0dda \u0db4\u0dcf\u0dc5\u0dd4\u0dc0\u0dda\r\n\u0dc3\u0dd2\u0dc4\u0dd2\u0dc0\u0dda \u0db4\u0dd0\u0dbd\u0dda \u0dc0\u0dd2\u0db3\u0dd2 \u0d92 \u0dc3\u0dd4\u0dc0\u0dda\n\r\n\u0db4\u0dcf\u0dc0\u0dd3 \u0d88\u0dad \u0dc3\u0dcf\u0d9c\u0dbb\u0dda \u0d94\u0dbb\u0dd4\u0dc0\u0dda \u0db1\u0dd3\u0dbd \u0daf\u0dd6\u0db4\u0dad\u0dda\r\n\u0dc3\u0dd3\u0dad\u0dbd \u0dbb\u0dc5 \u0dc0\u0dd0\u0dbd\u0dca \u0dad\u0dbb\u0d82\u0d9c\u0dda \u0daf\u0dd2\u0dbd\u0dd3 \u0dc3\u0dda\u0dbd\u0dba\u0dda //\r\n\u0db4\u0dcf\u0dc0\u0dd3 \u0d88\u0dad \u0dc3\u0dcf\u0d9c\u0dbb\u0dda\n\r\n\u0dc3\u0dd4\u0daf\u0dd4 \u0db8\u0dd4\u0daf\u0dd4 \u0dc3\u0dd1\u0dba\u0dda \u0db1\u0dd2\u0dbd\u0dca \u0daf\u0dd2\u0dba \u0daf\u0ddd\u0dbb\u0dda\r\n\u0db8\u0dbd\u0dca \u0db4\u0dd9\u0dad\u0dd2 \u0daf\u0dd4\u0dc4\u0dd4\u0dbd\u0dda \u0db4\u0dd2\u0dc4\u0dd2\u0db1\u0dcf \u0db4\u0dc3\u0dd4\u0d9a\u0dbd \u0d92 //\r\n\u0db1\u0dd2\u0dc0\u0dd3 \u0da2\u0dd3\u0dc0\u0dd2\u0dad\u0dda \u0dc0\u0dda\u0daf\u0db1\u0dcf\r\n\u0d8b\u0daf\u0dcf \u0dc3\u0dd6\u0dbb\u0dca\u0dba\u0dba\u0dcf \u0db4\u0dd1\u0dba\u0dd6 \u0dc0\u0dd9\u0dbd\u0dda\n\r\n\u0db4\u0dcf\u0dc0\u0dd3 \u0d88\u0dad \u0dc3\u0dcf\u0d9c\u0dbb\u0dda \u0d94\u0dbb\u0dd4\u0dc0\u0dda \u0db1\u0dd3\u0dbd \u0daf\u0dd6\u0db4\u0dad\u0dda\r\n\u0dc3\u0dd3\u0dad\u0dbd \u0dbb\u0dc5 \u0dc0\u0dd0\u0dbd\u0dca \u0dad\u0dbb\u0d82\u0d9c\u0dda \u0daf\u0dd2\u0dbd\u0dd3 \u0dc3\u0dda\u0dbd\u0dba\u0dda //\r\n\u0db4\u0dcf\u0dc0\u0dd3 \u0d88\u0dad \u0dc3\u0dcf\u0d9c\u0dbb"
    },
    {
        "uuid": "add2fe3e-8a21-11e9-95be-3863bb98c88b",
        "song": "Pawurak Se Maha Deera ",
        "singer": "Sunil Edirisinghe ",
        "lyricUnicode": "\u0db4\u0dc0\u0dd4\u0dbb\u0d9a\u0dca\u0dc3\u0dda \u0db8\u0dc4\u0dcf \u0db0\u0dd3\u0dbb\r\n\u0dc3\u0dba\u0dd4\u0dbb\u0d9a\u0dca\u0dc0\u0db1\u0dca \u0dad\u0dda\u0da2 \u0db8\u0dcf\u0db1\r\n\u0d85\u0db4 \u0daf\u0dd4\u0da7\u0dd4 \u0d92 \u0db8\u0dc4\u0dcf \u0dc0\u0dd3\u0dbb \r\n\u0db4\u0dd2\u0dba\u0dcf\u0dab\u0db1\u0dd2 \u0d94\u0db6\u0dba\u0dd2 \u0dbb\u0dcf\u0da2\n\r\n\u0db4\u0dd4\u0dbb \u0dc3\u0db3\u0dc0\u0db1\u0dca \u0daf\u0dd2\u0daf\u0dd4\u0dbd \u0d9a\u0dd4\u0dc3\u0dd4\u0db8 \r\n\u0dc3\u0dd9\u0db1\u0dd9\u0dc4\u0dda \u0dc0\u0dd2\u0dbd\u0d9a \u0db4\u0dd2\u0db4\u0dd4\u0db1\u0dd4 \u0db4\u0dd2\u0dba\u0dd4\u0db8 \r\n\u0d94\u0db6 \u0d87\u0dad\u0dd2\u0daf\u0dcf \u0daf\u0dd4\u0dbb\u0dba\u0dd2 \u0dc3\u0dd4\u0dc3\u0dd4\u0db8\r\n\u0db4\u0dd2\u0dba\u0dcf\u0dab\u0db1\u0dd2 \u0d94\u0db6\u0dba\u0dd2 \u0db4\u0dd0\u0dad\u0dd4\u0db8\n\r\n\u0db4\u0dc0\u0dd4\u0dbb\u0d9a\u0dca\u0dc3\u0dda..... \n\r\n\u0d9c\u0dd4\u0dab \u0dc3\u0dd2\u0dc3\u0dd2\u0dbd\u0dc3 \u0db4\u0dc4\u0dc3 \u0dbd\u0dd0\u0db6\u0dd4\u0db1\r\n\u0d94\u0db6\u0dda \u0d94\u0dc0\u0daf\u0db1 \u0db8\u0dd2\u0dba\u0dd4\u0dbb\u0dd4 \u0db6\u0dc3\u0dd2\u0db1\r\n\u0da2\u0dd3\u0dc0\u0dd2\u0dad\u0dba\u0da7 \u0d85\u0dbb\u0dd4\u0dad \u0d9c\u0dd9\u0db1\u0dd9\u0db1\r\n\u0db4\u0dd2\u0dba\u0dcf\u0dab\u0db1\u0dd2 \u0d94\u0db6\u0dba\u0dd2 \u0d85\u0dbb\u0dd4\u0dab\n\r\n\u0db4\u0dc0\u0dd4\u0dbb\u0d9a\u0dca\u0dc3\u0dda..... "
    },
    {
        "uuid": "ae5213e8-8a21-11e9-8e20-3863bb98c88b",
        "song": "Paya Aa Sanda Aduru Walawen ",
        "singer": "Milton Mallawaarachchi ",
        "lyricUnicode": "\u0db4\u0dcf\u0dba\u0dcf \u0d86 \u0dc3\u0db3 \u0d85\u0db3\u0dd4\u0dbb\u0dd4 \u0dc0\u0dc5\u0dcf\u0dc0\u0dd9\u0db1\u0dca\r\n\u0db8\u0dcf \u0d89\u0daf\u0dd2\u0dbb\u0dd2\u0dba\u0dd9\u0daf\u0dd2\u0db8 \u0dc0\u0dd0\u0dc3\u0dd4\u0db1\u0dcf\r\n\u0dc3\u0ddd\u0d9a\u0dba \u0dad\u0dcf\u0db4\u0dba \u0db4\u0dcf\u0dc5\u0dd4\u0dc0 \u0d85\u0dad\u0dbb\u0dda\r\n\u0d89\u0d9a\u0dd2\u0db6\u0dd2\u0db3 \u0dc4\u0dd0\u0dac\u0dd4\u0dc0\u0dcf \u0d87\u0dc3\u0dd4\u0dab\u0dcf\r\n\u0db4\u0dcf\u0dba\u0dcf \u0d86 \u0dc3\u0db3 \u0d85\u0db3\u0dd4\u0dbb\u0dd4 \u0dc0\u0dc5\u0dcf\u0dc0\u0dd9\u0db1\u0dca\r\n\u0db8\u0dcf \u0d89\u0daf\u0dd2\u0dbb\u0dd2\u0dba\u0dd9\u0daf\u0dd2\u0db8 \u0dc0\u0dd0\u0dc3\u0dd4\u0db1\u0dcf\n\r\n\u0dc4\u0daf \u0dc0\u0dd2\u0db8\u0db1\u0dda \u0db6\u0dd2\u0dad\u0dd4 \u0dc3\u0dd2\u0dad\u0dd4\u0dc0\u0db8\u0dca \r\n\u0d9a\u0dd2\u0dbd\u0dd2\u0da7\u0dd2 \u0d9a\u0dc5\u0dda \u0d94\u0db6\u0dd9 \u0daf\u0dd1\u0dad\u0dba\u0dd2 //\r\n\u0db1\u0ddc\u0db4\u0dd0\u0dad\u0dd4 \u0dc0\u0dd2\u0dba\u0ddd\u0d9c\u0dba\u0dd9 \u0db8\u0dc4 \u0dc0\u0dbb\u0dd4\u0dc3\u0dcf\u0dc0\u0dd9\u0db1\u0dca\r\n\u0daf\u0dd1\u0dad \u0daf\u0dd9\u0db4\u0dba \u0db8\u0d9c\u0dd9 \u0dc3\u0dd3\u0dad\u0dba\u0dd2\r\n\u0daf\u0dd1\u0dad \u0daf\u0dd9\u0db4\u0dba \u0db8\u0d9c\u0dd9 \u0dc3\u0dd3\u0dad\u0dba\u0dd2\n\r\n\u0db4\u0dcf\u0dba\u0dcf \u0d86 \u0dc3\u0db3 \u0d85\u0db3\u0dd4\u0dbb\u0dd4 \u0dc0\u0dc5\u0dcf\u0dc0\u0dd9\u0db1\u0dca\r\n\u0db8\u0dcf \u0d89\u0daf\u0dd2\u0dbb\u0dd2\u0dba\u0dd9\u0daf\u0dd2\u0db8 \u0dc0\u0dd0\u0dc3\u0dd4\u0db1\u0dcf\n\r\n\u0d94\u0db6 \u0db4\u0dd0\u0db8\u0dd2\u0dab\u0dd3 \u0d94\u0db6\u0db8 \u0d9c\u0dd2\u0dba\u0dcf \r\n\u0db1\u0dd0\u0dc0\u0dad\u0dd4\u0dab \u0dad\u0dd0\u0db1 \u0db8\u0db8 \u0d89\u0db1\u0dca\u0db1\u0db8\u0dca //\r\n\u0db8\u0d9c\u0dd9 \u0dc3\u0dc4\u0dba\u0ddd\u0d9c\u0dba \u0db4\u0dad\u0db1 \u0dc0\u0dd9\u0dbd\u0dcf\u0dc0\u0dda\r\n\u0d9a\u0ddc\u0dc4\u0dd2 \u0dc3\u0dd2\u0da7 \u0dc4\u0ddd \u0dba\u0dc5\u0dd2 \u0d91\u0db1\u0dca\u0db1\u0db8\u0dca\r\n\u0d9a\u0ddc\u0dc4\u0dd2 \u0dc3\u0dd2\u0da7 \u0dc4\u0ddd \u0dba\u0dc5\u0dd2 \u0d91\u0db1\u0dca\u0db1\u0db8\u0dca\n\r\n\u0db4\u0dcf\u0dba\u0dcf \u0d86 \u0dc3\u0db3 \u0d85\u0db3\u0dd4\u0dbb\u0dd4 \u0dc0\u0dc5\u0dcf\u0dc0\u0dd9\u0db1\u0dca\r\n\u0db8\u0dcf \u0d89\u0daf\u0dd2\u0dbb\u0dd2\u0dba\u0dd9\u0daf\u0dd2\u0db8 \u0dc0\u0dd0\u0dc3\u0dd4\u0db1\u0dcf\r\n\u0dc3\u0ddd\u0d9a\u0dba \u0dad\u0dcf\u0db4\u0dba \u0db4\u0dcf\u0dc5\u0dd4\u0dc0 \u0d85\u0dad\u0dbb\u0dda\r\n\u0d89\u0d9a\u0dd2\u0db6\u0dd2\u0db3 \u0dc4\u0dd0\u0dac\u0dd4\u0dc0\u0dcf \u0d87\u0dc3\u0dd4\u0dab\u0dcf\r\n\u0db4\u0dcf\u0dba\u0dcf \u0d86 \u0dc3\u0db3 \u0d85\u0db3\u0dd4\u0dbb\u0dd4 \u0dc0\u0dc5\u0dcf\u0dc0\u0dd9\u0db1\u0dca\r\n\u0db8\u0dcf \u0d89\u0daf\u0dd2\u0dbb\u0dd2\u0dba\u0dd9\u0daf\u0dd2\u0db8 \u0dc0\u0dd0\u0dc3\u0dd4\u0db1\u0dcf"
    },
    {
        "uuid": "b14210da-8a21-11e9-8254-3863bb98c88b",
        "song": "Payala Tharu Nil Akasa Pura ",
        "singer": "Athula Adikari ",
        "lyricUnicode": "\u0db4\u0dcf\u0dba\u0dbd\u0dcf \u0dad\u0dbb\u0dd4 \u0db1\u0dd2\u0dbd\u0dca \u0d86\u0d9a\u0dcf\u0dc3 \u0db4\u0dd4\u0dbb\u0dcf\r\n\u0db1\u0dd2\u0db1\u0dca\u0daf \u0db1\u0ddc\u0dba\u0dd9\u0db1 \u0dba\u0dcf\u0db8\u0dda\r\n\u0db1\u0dd2\u0db1\u0dca\u0daf \u0db1\u0ddc\u0dba\u0dd9\u0db1 \u0dba\u0dcf\u0db8\u0dda //\n\r\n\u0dc0\u0db1 \u0db4\u0dd2\u0dba\u0dc3\u0dda \u0db4\u0dd2\u0db1\u0dd2 \u0dbb\u0d9f\u0db1\u0dcf \u0dba\u0dcf\u0db8\u0dda.. \u0db4\u0dd2\u0db1\u0dd2 \u0dbb\u0d9f\u0db1\u0dcf \u0dba\u0dcf\u0db8\u0dda\r\n\u0dc3\u0dd4\u0dbb\u0d9c\u0db1\u0dd2\u0dba\u0ddd \u0d9c\u0dd3\u0dad \u0d9c\u0dba\u0db1 \u0dc0\u0dda\u0dbd\u0dda.. \u0d9c\u0dd3\u0dad \u0d9c\u0dba\u0db1 \u0dc0\u0dda\u0dbd\u0dda\r\n\u0dc0\u0dd2\u0dc4\u0d9f\u0dd4\u0db1\u0dca \u0dc3\u0dd0\u0d9f\u0dc0\u0dd2\u0dbd\u0dcf \u0db1\u0dd2\u0daf\u0db1\u0dcf \u0dad\u0dd4\u0dbb\u0dd4\u0dbd\u0dad\u0dcf \u0dad\u0dd4\u0dbb\u0dda\r\n\u0d9c\u0dd3\u0dad \u0d85\u0dc3\u0db1 \u0dba\u0dcf\u0db8\u0dda.. \u0d9c\u0dd3\u0dad \u0d85\u0dc3\u0db1 \u0dba\u0dcf\u0db8\u0dda\n\r\n\u0db4\u0dcf\u0dba\u0dbd\u0dcf \u0dad\u0dbb\u0dd4 \u0db1\u0dd2\u0dbd\u0dca.... \n\r\n\u0dc3\u0dba\u0dd4\u0dbb \u0d89\u0db8\u0dda \u0db4\u0dc0\u0db1 \u0db1\u0dd2\u0dc3\u0dbd \u0dba\u0dcf\u0db8\u0dda.. \u0db4\u0dc0\u0db1 \u0db1\u0dd2\u0dc3\u0dbd \u0dba\u0dcf\u0db8\u0dda\r\n\u0d9a\u0dd2\u0daf\u0dd4\u0dbb\u0dd4\u0dbd\u0dad\u0dcf \u0db4\u0dd9\u0db8\u0dd2\u0db1\u0dca \u0db6\u0dd0\u0daf\u0dd9\u0db1\u0dc0\u0dcf\u0daf\u0ddd.. \u0db4\u0dd9\u0db8\u0dd2\u0db1\u0dca \u0db6\u0dd0\u0daf\u0dd9\u0db1\u0dc0\u0dcf\u0daf\u0ddd\r\n\u0db8\u0dd4\u0dad\u0dd4 \u0db8\u0dad \u0dc0\u0dd0\u0dad\u0dd2\u0dbb\u0dd2\u0dbd\u0dcf \u0db8\u0dd2\u0db1\u0dca\u0db4\u0dd9\u0dbd \u0db8\u0dd4\u0daf\u0dd4 \u0dc0\u0dbb\u0dbd\u0dca \u0dc3\u0dbd\u0dcf\r\n\u0dc4\u0dd0\u0d9f\u0dd4\u0db8\u0dca \u0dc3\u0dbd\u0db1 \u0dba\u0dcf\u0db8\u0dda.. \u0dc4\u0dd0\u0d9f\u0dd4\u0db8\u0dca \u0dc3\u0dbd\u0db1 \u0dba\u0dcf\u0db8\u0dda\n\r\n\u0db4\u0dcf\u0dba\u0dbd\u0dcf \u0dad\u0dbb\u0dd4 \u0db1\u0dd2\u0dbd\u0dca.... //\r\n\u0db1\u0dd2\u0db1\u0dca\u0daf \u0db1\u0ddc\u0dba\u0dd9\u0db1 \u0dba\u0dcf\u0db8\u0dda ////// \n"
    },
    {
        "uuid": "b3af8db0-8a21-11e9-b7e6-3863bb98c88b",
        "song": "Payannam Divithura Adare Denawanam ",
        "singer": "Theekshana Anuradha ",
        "lyricUnicode": "\u0db4\u0dcf\u0dba\u0db1\u0dca\u0db1\u0db8\u0dca \u0daf\u0dd2\u0dc0\u0dd2\u0dad\u0dd4\u0dbb\u0dcf \u0d86\u0daf\u0dbb\u0dda \u0daf\u0dd9\u0db1\u0dc0\u0dcf\u0db1\u0db8\u0dca\r\n\u0db8\u0dd4\u0db8\u0dd4\u0dab\u0db1\u0dca\u0db1\u0db8\u0dca \u0dc3\u0db1\u0dc3\u0db1\u0dca\u0db1\u0db8\u0dca \u0db4\u0dcf\u0dc0\u0dd9\u0dbd\u0dcf \u0db1\u0ddc\u0dba\u0db1\u0dc0\u0db1\u0db8\u0dca\r\n\u0d9c\u0dd2\u0dbd\u0dd2\u0dc4\u0dd9\u0db1\u0dca\u0db1\u0db8\u0dca \u0db1\u0dd4\u0db9 \u0dc5\u0d9f\u0dd2\u0db1\u0dca \u0d88\u0dad\u0da7 \u0dba\u0db1\u0dc0\u0dcf\u0db1\u0db8\u0dca\r\n\u0db4\u0dcf\u0dba\u0db1\u0dca\u0db1\u0db8\u0dca \u0daf\u0dd2\u0dc0\u0dd2\u0dad\u0dd4\u0dbb\u0dcf \u0d86\u0daf\u0dbb\u0dda \u0daf\u0dd9\u0db1\u0dc0\u0dcf\u0db1\u0db8\u0dca\n\r\n\u0daf\u0dd4\u0dbb \u0dba\u0db1\u0dc0\u0dcf\u0db1\u0db8\u0dca \u0d88\u0dad\u0da7 \u0dc5\u0d9f\u0dd2\u0db1\u0dca \u0d89\u0db1\u0dca\u0db1\u0dd9\u0db4\u0dcf\r\n\u0dc4\u0dd2\u0dad \u0dad\u0dc0\u0db1\u0dcf \u0db4\u0dd9\u0db8\u0dca \u0dc3\u0dd9\u0db1\u0dd9\u0dc4\u0dc3 \u0dba\u0dc5\u0dd2\u0dad\u0dca \u0daf\u0dd9\u0db1\u0dca\u0db1\u0dd9\u0db4\u0dcf\r\n\u0d9a\u0dc0\u0dd2 \u0d9a\u0dd2\u0dba\u0db1\u0dcf \u0d94\u0dba \u0d87\u0dc3\u0dca \u0daf\u0dd9\u0d9a \u0d89\u0dc0\u0dad \u0d9c\u0db1\u0dca\u0db1\u0dd9\u0db4\u0dcf\r\n\u0db4\u0dcf\u0dba\u0db1\u0dca\u0db1\u0db8\u0dca \u0daf\u0dd2\u0dc0\u0dd2\u0dad\u0dd4\u0dbb\u0dcf \u0d86\u0daf\u0dbb\u0dda \u0daf\u0dd9\u0db1\u0dc0\u0dcf\u0db1\u0db8\u0dca\n\r\n\u0db4\u0dcf\u0dc0\u0dd9\u0db1 \u0dc3\u0dd2\u0dad\u0dd6\u0dc0\u0dd2\u0dbd\u0dd2 \u0d91\u0d9a\u0dca \u0d9a\u0dc5 \u0dc3\u0dd9\u0db1\u0dd9\u0dc4\u0dc3 \u0dc0\u0dd2\u0db3\u0dd2\u0db1\u0dca\u0db1\u0dd9\u0db4\u0dcf\r\n\u0dc4\u0dd0\u0dbb\u0daf\u0dcf \u0dc0\u0dd9\u0db1\u0dad\u0d9a \u0daf\u0dd2\u0dc0\u0d9c\u0dd2\u0dba \u0db8\u0dad\u0d9a\u0dba \u0d9c\u0dd9\u0db1\u0dd9\u0db1\u0dca\u0db1\u0dd9\u0db4\u0dcf\r\n\u0d85\u0dc4\u0dc3\u0d9a\u0dca \u0dad\u0dbb\u0db8\u0da7 \u0db4\u0dd9\u0db8\u0dca \u0d9a\u0dc5 \u0d87\u0dc3\u0dca \u0daf\u0dd9\u0d9a \u0dad\u0dd9\u0db8\u0db1\u0dca\u0db1\u0dd9\u0db4\u0dcf\n\r\n\u0db4\u0dcf\u0dba\u0db1\u0dca\u0db1\u0db8\u0dca \u0daf\u0dd2\u0dc0\u0dd2\u0dad\u0dd4\u0dbb\u0dcf......"
    },
    {
        "uuid": "b8040ef0-8a21-11e9-a86e-3863bb98c88b",
        "song": "Pem Kavi Dahasak (Sansara Deneth Yuga) ",
        "singer": "Nilusha Shamali ",
        "lyricUnicode": "\u0dc3\u0d82\u0dc3\u0dcf\u0dbb \u0daf\u0dd9\u0db1\u0dd9\u0dad\u0dca \u0dba\u0dd4\u0d9c \u0d94\u0db6\u0dc0 \u0dc3\u0ddc\u0dba\u0dcf\u0d9c\u0dd9\u0db1 \r\n\u0db4\u0dc3\u0dd4\u0db4\u0dc3 \u0d91\u0db1\u0dc0\u0dcf \u0dc4\u0ddc\u0dbb\u0dd9\u0db1\u0dca \u0dc4\u0ddc\u0dbb\u0dd9\u0db1\u0dca\r\n\u0daf\u0dd0\u0db1\u0dd9\u0db1 \u0d86\u0daf\u0dbb\u0dda \u0d94\u0db6\u0da7 \u0d9a\u0dd2\u0dba\u0db1\u0dca\u0db1\u0da7 \r\n\u0daf\u0dd9\u0db1\u0dca\u0db1 \u0d89\u0da9\u0d9a\u0dca \u0db8\u0da7 \u0dc4\u0dd9\u0db8\u0dd2\u0db1\u0dca \u0dc4\u0dd9\u0db8\u0dd2\u0db1\u0dca\n\r\n\u0db4\u0dd9\u0db8\u0dca \u0d9a\u0dc0\u0dd2 \u0daf\u0dc4\u0dc3\u0d9a\u0dca \u0d94\u0db6\u0da7 \u0dbd\u0dd2\u0dba\u0dcf\u0d9c\u0dd9\u0db1 \r\n\u0db8\u0dd4\u0db8\u0dd4\u0dab \u0db8\u0dd4\u0db8\u0dd4\u0dab \u0db8\u0dcf \u0dc3\u0dd2\u0dad\u0dd2\u0db1\u0dca \u0dc3\u0dd2\u0dad\u0dd2\u0db1\u0dca\r\n\u0da0\u0dd4\u0da7\u0dca\u0da7\u0d9a\u0dca \u0d85\u0dc4\u0d9c\u0dd9\u0db1 \u0dc4\u0dd2\u0da7\u0dd2\u0dba\u0ddc\u0dad\u0dca \u0d87\u0dad\u0dd2 \u0db8\u0da7 \r\n\u0dc5\u0db8\u0dd0\u0daf\u0da7 \u0dbd\u0d82\u0dc0\u0dd3 \u0d89\u0dad\u0dd2\u0db1\u0dca \u0d89\u0dad\u0dd2\u0db1\u0dca //\n\r\n\u0daf\u0d9f\u0d9a\u0dcf\u0dbb \u0d9a\u0dae\u0dcf \u0db8\u0dd0\u0daf \u0d9a\u0ddd\u0dbd\u0db8\u0dca \u0db6\u0ddd\u0db8 \u0dc0\u0dd0\u0da9\u0dd3\r\n\u0d86\u0da9\u0db8\u0dca\u0db6\u0dbb \u0db8\u0dd4\u0dad\u0dca \u0db8\u0ddc\u0dc4\u0ddc\u0dad\u0d9a\u0dca \u0db8\u0dcf \u0d9c\u0dd0\u0db1 \u0dc4\u0dd2\u0dad\u0db1\u0dc0\u0dcf \u0db8\u0dcf\u0dad\u0dca \u0daf\u0db1\u0dd3\r\n\u0d9c\u0ddc\u0db8\u0dca\u0db8\u0db1\u0dca \u0d9a\u0dc5\u0dd4\u0dc0\u0dbb \u0d88\u0dad \u0d85\u0dc4\u0dc3\u0dda \u0dc3\u0db3\u0dc0\u0dad\u0dd3\u0da7 \u0d89\u0da9\u0daf\u0dd3\r\n\u0db1\u0dd2\u0dbb\u0dd4\u0dc0\u0dad\u0dca \u0daf\u0dd9\u0db1\u0dd9\u0dad\u0dd2\u0db1\u0dca \u0d9a\u0dd2\u0dba\u0db1 \u0d9a\u0dae\u0dcf \u0db6\u0dc4 \u0db8\u0da7 \u0d9a\u0ddc\u0db3\u0dd4\u0dbb\u0db1\u0dc0\u0dcf \u0dc0\u0dd0\u0db1\u0dd2\n\r\n\u0db4\u0dd9\u0db8\u0dca \u0d9a\u0dc0\u0dd2 \u0daf\u0dc4\u0dc3\u0d9a\u0dca....\n\r\n\u0dbd\u0dd2\u0dba\u0dd6 \u0d9a\u0dd4\u0dbb\u0dd4\u0da7\u0dd4 \u0d9c\u0dd3 \u0d9a\u0dd4\u0dbb\u0dd4\u0da7\u0dd4 \u0db1\u0ddc\u0d9c\u0dcf \u0dc4\u0dd2\u0db3\u0dd3\r\n\u0dc0\u0dd2\u0dc3\u0dda\u0d9a\u0dcf\u0dbb \u0d9a\u0db8\u0dca \u0dbb\u0d9f\u0db1\u0dca\u0db1 \u0db8\u0dcf \u0dc4\u0dcf \u0dc3\u0db8\u0dcf\u0db0\u0dd2 \u0dc3\u0dd4\u0dc0\u0dd9\u0db1\u0dca \u0db8\u0dd2\u0daf\u0dd3\r\n\u0dc4\u0daf\u0dc0\u0dad \u0d9c\u0dd0\u0dc4\u0dd9\u0db1\u0dcf \u0dad\u0dcf\u0dbd\u0dda \u0d9c\u0dd3 \u0d9c\u0ddc\u0db8\u0dd4 \u0d8b\u0da2\u0dcf\u0dbb\u0dd4\u0dc0\u0da7 \u0db4\u0dab\u0daf\u0dd3\r\n\u0d85\u0db1\u0d9c\u0dd2 \u0dbb\u0d82\u0d9c\u0db1\u0dda \u0db4\u0dd6\u0da2\u0dcf\u0dc3\u0db1\u0dba\u0dda \u0dc0\u0db1\u0dca\u0daf\u0db1\u0dd3\u0dba \u0d9a\u0dbb\u0daf\u0dd3\n\r\n\u0db4\u0dd9\u0db8\u0dca \u0d9a\u0dc0\u0dd2 \u0daf\u0dc4\u0dc3\u0d9a\u0dca...."
    },
    {
        "uuid": "ba9732b8-8a21-11e9-b5ec-3863bb98c88b",
        "song": "Pem Kindura (Sanda Kalmen Naawa) ",
        "singer": "Waruna Madusanka ",
        "lyricUnicode": "\u0dc3\u0db3 \u0d9a\u0dd0\u0dbd\u0dca\u0db8\u0dd9\u0db1\u0dca \u0db1\u0dcf\u0dc0\u0dcf \u0dc4\u0dd2\u0db8 \u0dba\u0dcf\u0dba\u0dd9\u0db1\u0dca \u0d86\u0dc0\u0dcf \u0d94\u0db6 \u0dc3\u0ddc\u0dba\u0dcf\u0dbd\u0dcf \u0db4\u0dd9\u0db8\u0dca \u0d9a\u0dd2\u0db3\u0dd4\u0dbb\u0dcf \r\n\u0d87\u0dc3\u0dca \u0db8\u0dcf\u0dba\u0dd2\u0db8\u0dca \u0d9c\u0dcf\u0dc0\u0dcf  \u0dc0\u0dd2\u0dad\u0dca \u0d9a\u0db3\u0dd4\u0dbd\u0d9a\u0dca \u0daf\u0dd3\u0dbd\u0dcf \u0d94\u0db6 \u0db1\u0ddc\u0dbb\u0dd2\u0daf\u0dcf \u0dc4\u0dd2\u0db3\u0dd2\u0db8\u0dd3 \u0db8\u0dcf \r\n\u0da2\u0dd3\u0dc0\u0dd2\u0dad\u0dba\u0dda \u0db4\u0dd9\u0db8\u0dca \u0dc3\u0dd4\u0dc0\u0db3 \u0d94\u0db6 \u0db1\u0db8\u0dca \u0d92 \u0dc3\u0dd4\u0dc0\u0db3\u0dd2\u0db1\u0dca \u0db8\u0dcf \u0db8\u0dad\u0dca \u0dc0\u0dd9\u0db1\u0dca\u0db1\u0db8\u0dca \r\n\u0d94\u0dba \u0dc4\u0dd2\u0dad\u0db8 \u0db8\u0dcf \u0dbd\u0d9f\u0db8 \u0d87\u0dad\u0dca\u0db1\u0db8\u0dca \u0d92 \u0dc4\u0dd2\u0dad\u0da7 \u0db8\u0dcf \u0dbd\u0d82 \u0dc0\u0dd9\u0db1\u0dca\u0db1\u0db8\u0dca \n\r\n\u0dc4\u0dd2\u0dad\u0dca \u0d9c\u0d9f\u0dd4\u0dbd\u0dda\u0db8 \u0d9c\u0dd2\u0dbd\u0dd3\u0dbd\u0dcf \u0db8\u0dcf \u0dc3\u0db1\u0dc3\u0db1\u0dca\u0db1 \u0dc3\u0dd4\u0dc4\u0daf\u0dda  \r\n\u0db8\u0dd4\u0dc5\u0dd4 \u0daf\u0dd2\u0dc0\u0dd2\u0dba\u0dda\u0db8 \u0dbb\u0dd0\u0db3\u0dd3\u0dbd\u0dcf \u0dad\u0dc0 \u0dbb\u0dc3 \u0daf\u0dd9\u0db1\u0dca\u0db1 \u0db8\u0dd2\u0dc4\u0dd3\u0dbb\u0dda \r\n\u0db8\u0dda \u0daf\u0dd2\u0dc0\u0dd2\u0dba\u0dda \u0db8\u0dbd\u0dca \u0db4\u0dd2\u0db4\u0dd4\u0db1\u0dda\u0db8 \u0d94\u0db6 \u0dc4\u0dd2\u0db1\u0dca\u0daf\u0dcf\u0daf\u0ddd \r\n\u0dbb\u0dd1 \u0dc3\u0db3 \u0dc3\u0dda \u0db8\u0dda \u0daf\u0dd2\u0dc0\u0dd2\u0dba\u0dda\u0db8 \u0d91\u0dbd\u0dd2\u0dba\u0dba\u0dd2 \u0d94\u0dba\u0dcf \n\r\n\u0dc3\u0db3 \u0d9a\u0dd0\u0dbd\u0dca\u0db8\u0dd9\u0db1\u0dca \u0db1\u0dcf\u0dc0\u0dcf \u0dc4\u0dd2\u0db8 \u0dba\u0dcf\u0dba\u0dd9\u0db1\u0dca \u0d86\u0dc0\u0dcf \u0d94\u0db6 \u0dc3\u0ddc\u0dba\u0dcf\u0dbd\u0dcf \u0db4\u0dd9\u0db8\u0dca \u0d9a\u0dd2\u0db3\u0dd4\u0dbb\u0dcf \r\n\u0d94\u0dba \u0dc4\u0dd2\u0dad\u0db8 \u0db8\u0dcf \u0dbd\u0d9f\u0db8 \u0d87\u0dad\u0dca\u0db1\u0db8\u0dca \u0d92 \u0dc4\u0dd2\u0dad\u0da7 \u0db8\u0dcf \u0dbd\u0d82 \u0dc0\u0dd9\u0db1\u0dca\u0db1\u0db8\u0dca \n\r\n\u0db8\u0dd4\u0dc5\u0dd4 \u0dc3\u0dc3\u0dbb\u0dda\u0db8 \u0db6\u0dd0\u0db3\u0dd2\u0dbd\u0dcf \u0d88 \u0db8\u0d9c\u0dda \u0dc0\u0dd9\u0db1\u0dca\u0db1 \u0db4\u0dd0\u0dad\u0dd4\u0dc0\u0dda \r\n\u0d87\u0dba\u0dd2 \u0dc3\u0dd2\u0dad\u0dd4\u0dc3\u0dda\u0db8 \u0dc3\u0dd2\u0db9\u0dbd\u0dcf \u0d94\u0dba \u0db1\u0dd2\u0dbd\u0dca \u0daf\u0dd1\u0dc3 \u0dc0\u0dd0\u0dc3\u0dd4\u0dc0\u0dda \r\n\u0db8\u0dda \u0daf\u0dd2\u0dc0\u0dd2\u0dba\u0dda \u0db8\u0dbd\u0dca \u0db4\u0dd2\u0db4\u0dd4\u0db1\u0dda\u0db8 \u0d94\u0db6 \u0dc4\u0dd2\u0db1\u0dca\u0daf\u0dcf\u0daf\u0ddd \r\n\u0dbb\u0dd1 \u0dc3\u0db3 \u0dc3\u0dda \u0db8\u0dda \u0daf\u0dd2\u0dc0\u0dd2\u0dba\u0dda\u0db8 \u0d91\u0dbd\u0dd2\u0dba\u0dba\u0dd2 \u0d94\u0dba\u0dcf \n\r\n\u0dc3\u0db3 \u0d9a\u0dd0\u0dbd\u0dca\u0db8\u0dd9\u0db1\u0dca......\n"
    },
    {
        "uuid": "be2f9f22-8a21-11e9-af42-3863bb98c88b",
        "song": "Pem Purane Sihina Dewduwa Do ",
        "singer": "Indika Ruwan (Roony) ",
        "lyricUnicode": "\u0db4\u0dd9\u0db8\u0dca \u0db4\u0dd4\u0dbb\u0dcf\u0dab\u0dda \u0dc3\u0dd2\u0dc4\u0dd2\u0db1 \u0daf\u0dd9\u0dc0\u0dca\u0daf\u0dd4\u0dc0 \u0daf\u0ddd\r\n\u0db8\u0dcf\u0d9c\u0dda \u0dbd\u0ddd\u0d9a\u0dda \u0dc3\u0dc0\u0dd2\u0d9c\u0dd9\u0db1\u0dcf \u0dc4\u0dd2\u0dbb\u0dd4\u0daf\u0ddd\r\n\u0dc3\u0dd2\u0dad \u0daf\u0dd0\u0dc0\u0dd4\u0db1\u0dcf \u0dad\u0dd0\u0dc0\u0dd4\u0db1\u0dcf \u0dc4\u0dd0\u0da9\u0dd4\u0db1\u0dcf \r\n\u0d94\u0db6 \u0d9c\u0dd0\u0db1 \u0db4\u0dca\u200d\u0dbb\u0dd2\u0dba\u0dda //\n\r\n\u0d9c\u0dd9\u0dc0\u0dd4\u0db1\u0dd4 \u0daf\u0dd2\u0dc0\u0dd2\u0dba\u0dda \u0dc3\u0dd2\u0dba\u0dc5\u0dd4 \u0dc3\u0dd0\u0db4 \u0dc4\u0dd0\u0dbb\u0daf\u0dcf\r\n\u0db8\u0dcf\u0d9c\u0dda \u0dc3\u0dd9\u0dc0\u0db1\u0dda \u0d9a\u0db8\u0dca\u0d9a\u0da7\u0ddc\u0dc5\u0dd4 \u0d89\u0dc0\u0dc3\u0dcf\r\n\u0dc3\u0dd2\u0dad \u0daf\u0dd0\u0dc0\u0dd4\u0db1\u0dcf \u0dad\u0dd0\u0dc0\u0dd4\u0db1\u0dcf \u0dc4\u0dd0\u0da9\u0dd4\u0db1\u0dcf \r\n\u0d94\u0db6 \u0d9c\u0dd0\u0db1 \u0db4\u0dca\u200d\u0dbb\u0dd2\u0dba\u0dda //\n\r\n\u0db8\u0dd0\u0dc0\u0dca\u0dc0\u0dda \u0d89\u0db1\u0dca\u0db1\u0dba\u0dd2 \u0db8\u0dcf \u0d94\u0dba \u0dad\u0dd4\u0dbb\u0dd4\u0dbd\u0dda \u0dc3\u0dd0\u0db1\u0dc4\u0dd3\r\n\u0dc3\u0dd0\u0db6\u0dd1 \u0db1\u0ddc\u0dc0\u0dd4 \u0d92 \u0dc3\u0dd2\u0dc4\u0dd2\u0db1 \u0dbd\u0ddd\u0d9a\u0dda \u0db1\u0ddc\u0d89\u0dbd\u0dca\u0dbd\u0dd6 \u0d9a\u0dd4\u0db8\u0dbb\u0dd3\r\n\u0db4\u0dd9\u0db1\u0dd9\u0db1 \u0daf\u0dd4\u0d9a\u0dca \u0dc4\u0db8\u0dd4\u0dc0\u0dda \u0d91\u0d9a\u0daf\u0dd4 \u0db8\u0ddc\u0dc4\u0ddc\u0dad\u0d9a\u0dca \u0dc4\u0ddd\r\n\u0dad\u0db1\u0dd2 \u0db1\u0ddc\u0d9a\u0dbb \u0db8\u0dcf \u0dc4\u0dd4\u0dc3\u0dca\u0db8 \u0dc0\u0dd2\u0dbd\u0dc3\u0dda \u0dc5\u0d9f\u0db8 \u0dc3\u0dd2\u0da7\u0dd2 \u0dc3\u0ddc\u0db3\u0dd4\u0dbb\u0dd2\r\n\u0dc3\u0dd2\u0dad \u0daf\u0dd0\u0dc0\u0dd4\u0db1\u0dcf \u0dad\u0dd0\u0dc0\u0dd4\u0db1\u0dcf \u0dc4\u0dd0\u0da9\u0dd4\u0db1\u0dcf \r\n\u0d94\u0db6 \u0d9c\u0dd0\u0db1 \u0db4\u0dca\u200d\u0dbb\u0dd2\u0dba\u0dda //\n\r\n\u0db4\u0dd9\u0db8\u0dca \u0db4\u0dd4\u0dbb\u0dcf\u0dab\u0dda...."
    },
    {
        "uuid": "c1ac5654-8a21-11e9-860a-3863bb98c88b",
        "song": "Pem Sitha Riduna Raththarane ",
        "singer": "Prince Udaya Priyantha ",
        "lyricUnicode": "\u0db4\u0dd9\u0db8\u0dca \u0dc3\u0dd2\u0dad \u0dbb\u0dd2\u0daf\u0dd4\u0dab\u0dcf \u0dbb\u0dad\u0dca\u0dad\u0dbb\u0db1\u0dda\r\n\u0db8\u0da7 \u0daf\u0dd4\u0d9a \u0dc4\u0dd2\u0dad\u0dd4\u0db1\u0dcf \u0dbb\u0dad\u0dca\u0dad\u0dbb\u0db1\u0dda\r\n\u0db8\u0dcf \u0dad\u0db1\u0dd2\u0d9a\u0dbb\u0dbd\u0dcf \u0d94\u0db6 \u0dc4\u0dd0\u0dbb\u0d9c\u0dd2\u0dba\u0daf\u0dcf //\r\n\u0db8\u0d9c\u0dda \u0dc4\u0dd2\u0dad \u0dbb\u0dd2\u0daf\u0dd4\u0dab\u0dcf \u0dbb\u0dad\u0dca\u0dad\u0dbb\u0db1\u0dda\n\r\n\u0d86\u0daf\u0dbb\u0dba\u0dda \u0d8b\u0dab\u0dd4\u0dc3\u0dd4\u0db8 \u0db1\u0dd0\u0dc4\u0dd0 \u0db8\u0d9c\u0dda \u0dbd\u0ddc\u0dc0\u0dda\r\n\u0dc4\u0dd0\u0dbb\u0d9c\u0dd2\u0dba\u0daf\u0dcf \u0db8\u0dcf \u0dc4\u0dac\u0db1\u0dd9\u0db8\u0dd2 \u0daf\u0dd4\u0d9a\u0da7 \u0db8\u0dd9\u0dc3\u0dda\r\n\u0dc4\u0db3\u0dd4\u0db1\u0dcf\u0d9c\u0dad\u0dca\u0daf\u0dcf \u0db4\u0dd2\u0dc0\u0dd2\u0dad\u0dd4\u0dbb\u0dd4 \u0dc4\u0dd0\u0d9f\u0dd4\u0db8\u0dca \u0db8\u0d9c\u0dda \r\n\u0d9a\u0db3\u0dd4\u0dc5\u0dd4 \u0dc3\u0dd0\u0dbd\u0dda\u0dc0\u0dd3 \u0db1\u0dd9\u0dad\u0d9f\u0dd2\u0db1\u0dca \u0db4\u0dd9\u0db8\u0da7 \u0d94\u0db6\u0dda\n\r\n\u0db4\u0dd9\u0db8\u0dca \u0dc3\u0dd2\u0dad \u0dbb\u0dd2\u0daf\u0dd4\u0dab\u0dcf.....\n\r\n\u0d94\u0db6 \u0d9c\u0dd0\u0db1 \u0dc3\u0dd2\u0dad\u0db8\u0dd2\u0db1\u0dca \u0dc3\u0dd2\u0da7\u0dd2\u0db1\u0dd9\u0db8\u0dd2 \u0daf\u0dd2\u0dc0\u0dcf \u0dbb\u0dd0\u0dba\u0dda\r\n\u0db4\u0dd9\u0dbb \u0dbd\u0dd9\u0dc3 \u0d86\u0dba\u0dd9\u0dad\u0dca \u0d91\u0db1\u0dd4 \u0db8\u0dd0\u0db1 \u0db8\u0d9c\u0dda \u0dc4\u0daf\u0dda\r\n\u0d9a\u0dbd\u0d9a\u0da7 \u0db4\u0dc3\u0dd4\u0dc0\u0dad\u0dca \u0d85\u0db8\u0dad\u0db8\u0dd2 \u0d94\u0db6\u0da7 \u0db8\u0dd9\u0dc3\u0dda\r\n\u0dad\u0dc0\u0db8\u0dad\u0dca \u0d94\u0db6\u0da7\u0dba\u0dd2 \u0dc3\u0dd9\u0db1\u0dd9\u0dc4\u0dc3 \u0d8b\u0dbb\u0dd4\u0db8 \u0db8\u0d9c\u0dda\n\r\n\u0db4\u0dd9\u0db8\u0dca \u0dc3\u0dd2\u0dad \u0dbb\u0dd2\u0daf\u0dd4\u0dab\u0dcf....."
    },
    {
        "uuid": "c4492b10-8a21-11e9-8dea-3863bb98c88b",
        "song": "Pemwathiyanne Pemwathiyanne ",
        "singer": "Anjalin Gunathilaka ",
        "lyricUnicode": "\u0db4\u0dd9\u0db8\u0dca\u0dc0\u0dad\u0dd2\u0dba\u0db1\u0dca\u0db1\u0dda \u0db4\u0dd9\u0db8\u0dca\u0dc0\u0dad\u0dd2\u0dba\u0db1\u0dca\u0db1\u0dda \u0db8\u0dc4\u0dcf \u0dc3\u0dcf\u0d9c\u0dbb\u0dda.. \u0db8\u0dc4\u0dcf \u0dc3\u0dcf\u0d9c\u0dbb\u0dda\r\n\u0d9a\u0daf\u0dd4\u0dc5\u0dd9\u0db1\u0dd2 \u0da2\u0dc5 \u0d9a\u0daf \u0dc3\u0dd0\u0daf\u0dd4\u0db1\u0dda \u0dc3\u0dd4\u0dc3\u0dd4\u0db8\u0dd9\u0db1\u0dca \u0dbb\u0dc5 \u0db1\u0dd0\u0d9c\u0dd4\u0db1\u0dda\r\n\u0d9a\u0dd4\u0dab\u0dcf\u0da7\u0dd4 \u0db8\u0dd4\u0dc4\u0dd4\u0daf\u0dd9\u0db1\u0dca \u0d85\u0da9 \u0dc3\u0daf \u0db4\u0dd2\u0db4\u0dd4\u0dab\u0dda \u0dc0\u0dda\u0daf\u0db1\u0dcf \u0d9c\u0dd9\u0db1\u0dda\r\n\u0db4\u0dd9\u0db8\u0dca\u0dc0\u0dad\u0dd2\u0dba\u0db1\u0dca\u0d9c\u0dda \u0db4\u0dd9\u0db8\u0dca\u0dc0\u0dad\u0dd2\u0dba\u0db1\u0dca\u0d9c\u0dda \u0db8\u0dc4\u0dcf \u0dc3\u0dcf\u0d9c\u0dbb\u0dda.. \u0db8\u0dc4\u0dcf \u0dc3\u0dcf\u0d9c\u0dbb\u0dda \r\n\u0db4\u0dd9\u0db8\u0dca\u0dc0\u0dad\u0dd2\u0dba\u0ddd \u0db4\u0dd9\u0db8\u0dca\u0dc0\u0dad\u0dd2\u0dba\u0ddd //\n\r\n\u0d91\u0db1\u0dc0\u0dcf \u0dba\u0db1\u0dc0\u0dcf \u0dc4\u0da9\u0db1\u0dc0\u0dcf \u0dc4\u0dd2\u0db1\u0dd0\u0dc4\u0dd9\u0db1 \u0d9a\u0dd9\u0db1\u0dd9\u0d9a\u0dca \u0db1\u0dd0\u0dad\u0dd3 \r\n\u0d91\u0db1\u0dc0\u0dcf \u0dba\u0db1\u0dc0\u0dcf \u0dc4\u0da9\u0db1\u0dc0\u0dcf \u0dba\u0db1 \u0d91\u0db1 \u0dad\u0dd0\u0db1\u0d9a\u0dca \u0db1\u0dd0\u0dad\u0dd2 \r\n\u0d9a\u0dc5\u0dd4\u0dc0\u0dbb \u0d9a\u0dd4\u0da7\u0dd2\u0dba\u0d9a \u0d91\u0dc5\u0dd2\u0dba \u0dc4\u0ddc\u0dba\u0db1\u0dc0\u0dcf \r\n\u0db4\u0dd9\u0db8\u0dca \u0dc4\u0da9 \u0dc4\u0dd2\u0db1\u0dcf\u0dc0\u0dd9\u0dc0\u0dd2\n\r\n\u0db4\u0dd9\u0db8\u0dca\u0dc0\u0dad\u0dd2\u0dba\u0db1\u0dca\u0db1\u0dda \u0db4\u0dd9\u0db8\u0dca\u0dc0\u0dad\u0dd2\u0dba\u0db1\u0dca\u0db1\u0dda \u0db8\u0dc4\u0dcf \u0dc3\u0dcf\u0d9c\u0dbb\u0dda.. \u0db8\u0dc4\u0dcf \u0dc3\u0dcf\u0d9c\u0dbb\u0dda \r\n\u0db4\u0dd9\u0db8\u0dca\u0dc0\u0dad\u0dd2\u0dba\u0ddd \u0db4\u0dd9\u0db8\u0dca\u0dc0\u0dad\u0dd2\u0dba\u0ddd.. \u0db4\u0dd9\u0db8\u0dca\u0dc0\u0dad\u0dd2\u0dba\u0ddd \u0db4\u0dd9\u0db8\u0dca\u0dc0\u0dad\u0dd2\u0dba\u0ddd\n\r\n\u0dc4\u0dd2\u0dbb\u0dd4\u0d9c\u0dda \u0dc3\u0daf\u0dd4\u0d9c\u0dda \u0dad\u0dd0\u0db1\u0dca\u0db8\u0dd9\u0db1\u0dcf \r\n\u0db8\u0ddc\u0dc4\u0db1\u0dba\u0dd9\u0db1\u0dca \u0db8\u0dad\u0dca \u0dc0\u0dd3 //\r\n\u0d9a\u0dd2\u0dbb\u0dd2 \u0d9c\u0dbb\u0dd4\u0da9\u0dd9\u0db1\u0dca \u0dad\u0dd0\u0db1\u0dd4 \u0db4\u0dd9\u0db8\u0dca \u0dc3\u0ddc\u0dc4\u0db1\u0dda \r\n\u0dc0\u0dd0\u0dc5\u0db4\u0dd9\u0db1 \u0db4\u0dd9\u0db8\u0dca \u0daf\u0dbb\u0dd4\u0dc0\u0ddd\n\r\n\u0db4\u0dd9\u0db8\u0dca\u0dc0\u0dad\u0dd2\u0dba\u0db1\u0dca\u0db1\u0dda \u0db4\u0dd9\u0db8\u0dca\u0dc0\u0dad\u0dd2\u0dba\u0db1\u0dca\u0db1\u0dda......\n"
    },
    {
        "uuid": "c4c443f8-8a21-11e9-9b47-3863bb98c88b",
        "song": "Pemwathun Sinase Apa Kandulu Salanne ",
        "singer": "Prince Udaya Priyantha ",
        "lyricUnicode": "\u0db4\u0dd9\u0db8\u0dca\u0dc0\u0dad\u0dd4\u0db1\u0dca \u0dc3\u0dd2\u0db1\u0dcf\u0dc3\u0dda \r\n\u0d85\u0db4 \u0d9a\u0db3\u0dd4\u0dc5\u0dd4 \u0dc3\u0dbd\u0db1\u0dca\u0db1\u0dda\r\n\u0daf\u0dd9\u0dad\u0dd0\u0db1\u0d9a \u0dc4\u0dd2\u0db3 \u0dad\u0db1\u0dd2\u0dba\u0dda\r\n\u0dc0\u0dd2\u0dc3\u0db3\u0dd4\u0db8\u0dca \u0dc3\u0ddc\u0dba\u0db1\u0dd4 \u0d9a\u0dd9\u0dc3\u0dda //\n\r\n\u0db8\u0dcf \u0dad\u0dd4\u0dbb\u0dd4\u0dc5\u0dda \u0dc4\u0dd2\u0db3\u0dd2\u0db1\u0dcf \u0d8b\u0dab\u0dd4\u0dc3\u0dd4\u0db8\u0dca \u0dba\u0dc4\u0db1\u0dcf\u0dc0\u0dda\r\n\u0d89\u0d9a\u0dd2 \u0db6\u0dd2\u0db3\u0dd2\u0db8\u0dd2\u0db1\u0dca \u0dc4\u0dd0\u0dac\u0dd4\u0dc0\u0dcf \u0db8\u0dad\u0d9a \u0daf \u0d9c\u0d82 \u0dad\u0dd3\u0dbb\u0dda\r\n\u0db8\u0d9c\u0dd9 \u0dbd\u0ddc\u0dc0 \u0d94\u0db6 \u0dc0\u0dda \u0db1\u0db8\u0dca \u0dc3\u0dd0\u0d9a\u0dba\u0dd9\u0db1\u0dca \u0d87\u0dba\u0dd2 \u0daf \u0db8\u0dd9\u0dc3\u0dda\r\n\u0d94\u0db6 \u0db8\u0dd2\u0dc3 \u0dc0\u0dd9\u0db1 \u0dc3\u0dad\u0dd4\u0da7\u0d9a\u0dca \u0d9a\u0ddc\u0dba\u0dd2\u0db6 \u0daf \u0db8\u0dd2\u0dba\u0dd4\u0dbd\u0dd0\u0dc3\u0dd2\u0dba\u0dda\n\r\n\u0db4\u0dd9\u0db8\u0dca\u0dc0\u0dad\u0dd4\u0db1\u0dca \u0dc3\u0dd2\u0db1\u0dcf\u0dc3\u0dda.....\n\r\n\u0db8\u0dc5 \u0dc4\u0dd2\u0dbb\u0dd4 \u0db6\u0dd0\u0dc3 \u0dba\u0daf\u0dca\u0daf\u0dd3 \u0dc3\u0db3\u0dd4 \u0db4\u0dcf\u0dba\u0dcf \u0d92\u0dc0\u0dd3\r\n\u0d85\u0dbd\u0dd4\u0dad\u0dca \u0d89\u0dbb\u0d9a\u0dca \u0db4\u0dcf\u0dba\u0dcf \u0dc4\u0dd9\u0da7 \u0daf\u0dd2\u0db1\u0dba\u0d9a\u0dca \u0d92\u0dc0\u0dd3\r\n\u0d85\u0daf \u0dc1\u0ddd\u0d9a\u0dd9\u0db1\u0dca \u0dc0\u0dd9\u0dbd\u0dd2\u0dbd\u0dcf \u0dba\u0dc4\u0db1\u0dda \u0dc3\u0dd0\u0dad\u0db4\u0dda \u0daf\u0ddd\r\n\u0d85\u0dbb\u0dd4\u0dab\u0dbd\u0dd4 \u0d8b\u0daf\u0dcf \u0dc0\u0dd9\u0dbd\u0dcf \u0db8\u0dd4\u0dc0 \u0dc0\u0dd2\u0d9a\u0dc3\u0dd2\u0dad \u0dc0\u0dda \u0daf\u0ddd\n\r\n\u0db4\u0dd9\u0db8\u0dca\u0dc0\u0dad\u0dd4\u0db1\u0dca \u0dc3\u0dd2\u0db1\u0dcf\u0dc3\u0dda....."
    },
    {
        "uuid": "c68ea476-8a21-11e9-9aca-3863bb98c88b",
        "song": "Pera Dina Ma Wetha Puda Kala Senehasa ",
        "singer": "Mersilin Pathirana ",
        "lyricUnicode": "\u0db4\u0dd9\u0dbb \u0daf\u0dd2\u0db1 \u0db8\u0dcf \u0dc0\u0dd9\u0dad \u0db4\u0dd4\u0daf\u0d9a\u0dbd \u0dc3\u0dd9\u0db1\u0dd9\u0dc4\u0dc3\r\n\u0d85\u0db8\u0dad\u0d9a \u0d9a\u0dbb \u0daf\u0db8\u0dbd\u0dcf\r\n\u0db1\u0dd0\u0dc0\u0dd4\u0db8\u0dca \u0db4\u0dd9\u0db8\u0d9a\u0dca \u0d9c\u0dd0\u0db1 \u0dc3\u0dd2\u0dad\u0dd4\u0dc0\u0dda \u0d87\u0dba\u0dd2 \u0d94\u0db6\r\n\u0db8\u0d9c\u0dd9 \u0dc4\u0daf\u0dc0\u0dad \u0dbb\u0dd2\u0daf\u0dc0\u0dcf //\n\r\n\u0dc3\u0dd2\u0dba \u0dc0\u0dd0\u0da9 \u0d85\u0dad\u0dc4\u0dd0\u0dbb \u0d94\u0db6\u0da7 \u0db4\u0dd9\u0db8\u0dca \u0d9a\u0dbd\u0dda\r\n\u0d94\u0db6 \u0d9c\u0dd0\u0db1 \u0dc3\u0dd2\u0dc4\u0dd2\u0db1 \u0db8\u0dc0\u0dcf\r\n\u0d85\u0db4\u0dda \u0db4\u0dd0\u0dad\u0dd4\u0db8\u0dca \u0dbd\u0ddc\u0dc0 \u0db8\u0dbd\u0dca \u0db4\u0dd6\u0daf\u0dd2\u0db1\u0dca\u0db1\u0da7\r\n\u0db4\u0dd0\u0dad\u0dd4\u0dc0\u0dd9\u0db8\u0dd2 \u0d8b\u0daf\u0dda \u0dc4\u0dc0\u0dcf\n\r\n\u0db4\u0dd9\u0dbb \u0daf\u0dd2\u0db1 \u0db8\u0dcf \u0dc0\u0dd9\u0dad...\n\r\n\u0db8\u0db8 \u0d9a\u0dd2\u0dc3\u0dd2 \u0daf\u0dc0\u0dc3\u0d9a \u0dc0\u0dd9\u0db1\u0dca\u0dc0 \u0db1\u0ddc\u0dba\u0db1 \u0db6\u0dc0\r\n\u0db8\u0dad\u0d9a\u0dba\u0dd2 \u0d94\u0db6 \u0d9a\u0dd3\u0dc0\u0dcf\r\n\u0db8\u0da7 \u0daf\u0dd4\u0db1\u0dca \u0db8\u0dda \u0daf\u0dd4\u0d9a \u0d94\u0dc4\u0dd4\u0da7 \u0db1\u0ddc\u0daf\u0dd9\u0db1\u0dd4 \u0db8\u0dd0\u0db1\r\n\u0d94\u0db6 \u0d9c\u0dd9\u0db1\u0dca \u0dc3\u0db8\u0dd4\u0d9c\u0db8\u0dd2 \u0db8\u0dcf\n\r\n\u0db4\u0dd9\u0dbb \u0daf\u0dd2\u0db1 \u0db8\u0dcf \u0dc0\u0dd9\u0dad... //\r\n\u0db8\u0d9c\u0dd9 \u0dc4\u0daf\u0dc0\u0dad \u0dbb\u0dd2\u0daf\u0dc0\u0dcf ///"
    },
    {
        "uuid": "c9aa1b14-8a21-11e9-8c1a-3863bb98c88b",
        "song": "Pera Wage Mage Denuwan Dutuwanam ",
        "singer": "Shanika Madumali ",
        "lyricUnicode": "\u0db4\u0dd9\u0dbb \u0dc0\u0d9c\u0dda \u0db8\u0d9c\u0dd9 \u0daf\u0dd9\u0db1\u0dd4\u0dc0\u0db1\u0dca \u0daf\u0dd4\u0da7\u0dd4\u0dc0\u0db1\u0db8\u0dca \u0d85\u0daf \u0d94\u0db6 \u0db1\u0db8\u0dca\r\n\u0d9c\u0dd0\u0dc0\u0dc3\u0dd2\u0dbd\u0dcf \u0dc0\u0dda\u0daf\u0db1\u0dcf \u0db1\u0dd2\u0db8 \u0db1\u0ddc\u0dc0\u0dda \u0dc3\u0dd1\u0db8\u0daf\u0dcf\r\n\u0db1\u0ddc\u0dc3\u0dd2\u0dad\u0dd4 \u0dc3\u0dda \u0d85\u0daf \u0db8\u0d9c\u0dda \u0da2\u0dd3\u0dc0\u0dd2\u0dad\u0dda\u0da7\u0db8 \u0dc0\u0da9\u0dcf \u0db8\u0da7 \u0d94\u0dba\u0dcf \u0dc0\u0da7\u0dd2\u0db1\u0dc0\u0dcf\n\r\n\u0d94\u0db6\u0d9c\u0dd9 \u0d86\u0daf\u0dbb\u0dda \u0db8\u0dc4\u0db8\u0dd9\u0dbb\u0d9a\u0dca \u0dc0\u0d9c\u0dda \u0daf\u0dd0\u0dab\u0dd4\u0db1 \u0daf\u0dcf \u0dad\u0dc0\u0db8 \u0db8\u0dad\u0d9a\u0dba\u0dd2\r\n\u0dba\u0dc5\u0dd2\u0daf\u0dd4 \u0d92 \u0dc3\u0dd9\u0db1\u0dda \u0dbd\u0dd0\u0db6\u0dd4\u0dab\u0dd2\u0db1\u0db8\u0dca \u0db8\u0d9c\u0dda \u0dc4\u0dd2\u0dad\u0da7 \u0dc3\u0dd0\u0db1\u0dc3\u0dd3\u0db8 \u0db1\u0dd2\u0dba\u0dad\u0dba\u0dd2\r\n\u0db8\u0dd4\u0dc5\u0dd4 \u0dbb\u0dd0\u0dba\u0dda \u0d89\u0d9a\u0dd2\u0d9c\u0dc3\u0dcf \u0dc4\u0dac\u0db1\u0dc0\u0dcf \u0dad\u0db1\u0dd2\u0dc0\u0dd9\u0dbd\u0dcf\r\n\u0db1\u0ddc\u0dc3\u0dd2\u0dad\u0dd4 \u0dc3\u0dda \u0d85\u0daf \u0db8\u0d9c\u0dda \u0da2\u0dd3\u0dc0\u0dd2\u0dad\u0dda\u0da7\u0db8 \u0dc0\u0da9\u0dcf \u0db8\u0da7 \u0d94\u0dba\u0dcf \u0dc0\u0da7\u0dd2\u0db1\u0dc0\u0dcf\n\r\n\u0db4\u0dd0\u0dad\u0dd4\u0dc0 \u0d86\u0daf\u0dbb\u0dda \u0dc3\u0dd2\u0dc4\u0dd2\u0db1\u0dba\u0d9a\u0dca \u0dc0\u0d9c\u0dda \u0dbd\u0dd0\u0db6\u0dd4\u0dab\u0dd9 \u0db8\u0da7 \u0d94\u0db6\u0dd9\u0db1\u0dca \u0dc0\u0dd2\u0dad\u0dbb\u0dba\u0dd2\r\n\u0db1\u0db8\u0dd4\u0daf\u0dd4 \u0d92 \u0dc3\u0dd9\u0db1\u0dda \u0db8\u0d9f \u0daf\u0db8\u0dcf \u0d9c\u0dd2\u0dba\u0dda \u0dc4\u0daf\u0dc0\u0dad\u0dda \u0dad\u0dd2\u0db6\u0dd6 \u0db4\u0dc0\u0da7\u0dba\u0dd2\r\n\u0dbd\u0daf \u0db4\u0dd9\u0db8\u0dd2\u0db1\u0dca \u0dc0\u0dd9\u0db1\u0dca \u0dc0\u0dd9\u0dbd\u0dcf \u0dad\u0dd0\u0dc0\u0dd9\u0db1 \u0daf\u0dcf \u0dbb\u0dd0\u0dc0\u0da7\u0dd2\u0dbd\u0dcf\r\n\u0db1\u0ddc\u0dc3\u0dd2\u0dad\u0dd4 \u0dc3\u0dda \u0d85\u0daf \u0db8\u0d9c\u0dda \u0da2\u0dd3\u0dc0\u0dd2\u0dad\u0dda\u0da7\u0db8 \u0dc0\u0da9\u0dcf \u0db8\u0da7 \u0d94\u0dba\u0dcf \u0dc0\u0da7\u0dd2\u0db1\u0dc0\u0dcf\n\r\n\u0db4\u0dd9\u0dbb \u0dc0\u0d9c\u0dda...."
    },
    {
        "uuid": "d0649b36-8a21-11e9-946f-3863bb98c88b",
        "song": "Peradinayaka Ma Pemkala Yuwathiya ",
        "singer": "W D Amaradeva ",
        "lyricUnicode": "\u0db4\u0dd9\u0dbb \u0daf\u0dd2\u0db1\u0dba\u0d9a \u0db8\u0dcf \u0db4\u0dd9\u0db8\u0dca \u0d9a\u0dbd \u0dba\u0dd4\u0dc0\u0dad\u0dd2\u0dba\r\n\u0dc3\u0dd2\u0dba \u0db4\u0dd4\u0dad\u0dd4 \u0db1\u0dbd\u0dc0\u0db1\u0dc0\u0dcf\r\n\u0db8\u0d9c\u0dda\u0db8 \u0d9c\u0dd3\u0dba\u0d9a\u0dca \u0db1\u0dd0\u0dbd\u0dd0\u0dc0\u0dd2\u0dbd\u0dd2 \u0dc3\u0dca\u0dc0\u0dbb\u0dba\u0dd9\u0db1\u0dca\r\n\u0d88\u0dad\u0dd2\u0db1\u0dca \u0db8\u0dad\u0dd4 \u0dc0\u0dd9\u0db1\u0dc0\u0dcf //\n\r\n\u0db1\u0dd4\u0dbb\u0dcf\u0dc0 \u0dc0\u0dd9\u0db1\u0dd4\u0dc0\u0da7 \u0d89\u0db3\u0dd4\u0db1\u0dd2\u0dbd\u0dca \u0daf\u0dd9\u0db1\u0dd4\u0dc0\u0db1\r\n\u0daf\u0dba\u0dcf\u0dc0 \u0dc0\u0dd1\u0dc4\u0dd9\u0db1\u0dc0\u0dcf //\r\n\u0dc3\u0dd2\u0db1\u0dcf\u0dc3\u0dd4\u0db1\u0dd9\u0db8\u0dd2 \u0db8\u0db8 \u0d85\u0dc0\u0dd2\u0dc4\u0dd2\u0d82\u0dc3\u0d9a \u0d87\u0dba\r\n\u0d9a\u0ddd\u0dbd \u0db6\u0dd0\u0dbd\u0dd6\u0db8\u0dca \u0dc4\u0dd9\u0dbd\u0dd6\u0dc0\u0dcf\n\r\n\u0dc4\u0dd2\u0dbb\u0dd4\u0da7 \u0dc3\u0db3\u0dd4\u0da7 \u0db1\u0ddc\u0d9a\u0dd2\u0dba\u0dcf \u0dc4\u0ddc\u0dbb \u0dbb\u0dc4\u0dc3\u0dda\r\n\u0d9a\u0dcf\u0dbd\u0dba \u0dc0\u0dd2\u0dba\u0dd0\u0d9a\u0dd9\u0db1\u0dc0\u0dcf //\r\n\u0db1\u0dd9\u0dad\u0dca \u0d85\u0daf\u0dc4\u0db1\u0dca\u0db1\u0da7 \u0db6\u0dd0\u0dbb\u0dd2 \u0dbd\u0dd9\u0dc3 \u0dbb\u0dd6\u0dc3\u0dd2\u0dbb\u0dd2\r\n\u0d9a\u0dd9\u0db8\u0dd9\u0db1\u0dca \u0db8\u0dd0\u0d9a\u0dd2 \u0dba\u0db1\u0dc0\u0dcf\n\r\n\u0d91\u0daf\u0dcf \u0dc0\u0d9c\u0dda \u0dad\u0dc0\u0db8\u0dad\u0dca \u0dc0\u0dd0\u0da7 \u0d85\u0daf\u0dca\u0daf\u0dbb\r\n\u0db1\u0dcf\u0db8\u0dbd\u0dca \u0db4\u0dd6\u0daf\u0dd2\u0db1\u0dc0\u0dcf //\r\n\u0db1\u0ddc\u0d9a\u0dcf \u0db1\u0ddc\u0db6\u0dd3 \u0daf\u0dd4\u0d9a\u0dca \u0dc0\u0dd2\u0db1\u0dca\u0daf \u0d85\u0dad\u0dd3\u0dad\u0dba\r\n\u0dba\u0dc5\u0dd2 \u0db8\u0da7 \u0dc3\u0dd2\u0dc4\u0dd2\u0dc0\u0dd9\u0db1\u0dc0\u0dcf\n\r\n\u0db4\u0dd9\u0dbb \u0daf\u0dd2\u0db1\u0dba\u0d9a \u0db8\u0dcf..."
    },
    {
        "uuid": "d6660b64-8a21-11e9-9716-3863bb98c88b",
        "song": "Pinawana Dutudana Sama ",
        "singer": "Nanda Malani ",
        "lyricUnicode": "\u0db4\u0dd2\u0db1\u0dc0\u0db1 \u0daf\u0dd4\u0da7\u0dd4 \u0daf\u0db1 \u0dc3\u0dd1\u0db8 \r\n\u0d9c\u0d9f \u0dc5\u0d9f \u0db4\u0dd2\u0dc4\u0dd2\u0da7\u0dd2 \u0d9a\u0daf\u0dd3\u0db8\r\n\u0dad\u0dd4\u0dbb\u0dd4 \u0db4\u0dd9\u0dc5 \u0d85\u0dc0\u0da7 \u0dc3\u0dd0\u0daf\u0dd3\u0db8\r\n\u0dba\u0dd4\u0dad\u0dca \u0dc3\u0dd9\u0dc0\u0db1\u0dd0\u0dbd\u0dca //\n\r\n\u0db4\u0dd2\u0db1\u0dc0\u0db1 \u0daf\u0dd4\u0da7\u0dd4 \u0daf\u0db1...\n\r\n\u0dba\u0db1 \u0db8\u0dda \u0d9a\u0dd4\u0dbd\u0dd9\u0dc0\u0dd2 \u0daf\u0dd2\u0dbd\u0dd3\u0db8\r\n\u0dc0\u0dd2\u0dc4\u0d9f\u0dd4\u0db1\u0dca \u0db8\u0dad \u0dbb\u0dd0\u0dc0\u0dca\u0daf\u0dd3\u0db8\r\n\u0dc3\u0dd4\u0dc5\u0d9f\u0dd2\u0db1\u0dca \u0db4\u0dad\u0dca \u0dbd\u0dd9\u0dc5\u0daf\u0dd3\u0db8\r\n\u0d87\u0dad\u0dd2 \u0dc4\u0dd0\u0db8\u0d9a\u0dbd\u0dca\n\r\n\u0dba\u0db1 \u0d91\u0db1 \u0d85\u0dba \u0dc3\u0dd0\u0db4\u0dc3\u0dda\u0db8\r\n\u0d91\u0dc4\u0dd2 \u0d89\u0db3 \u0d9c\u0dd2\u0db8\u0dca \u0dc3\u0dd0\u0db1\u0dc3\u0dd3\u0db8\r\n\u0daf\u0dc3 \u0daf\u0dd2\u0d9c \u0d85\u0dad\u0dd4 \u0dc0\u0dd2\u0dc4\u0dd2\u0daf\u0dd3\u0db8\r\n\u0d9c\u0dd2\u0db8\u0dd9\u0db1 \u0dc0\u0dd2\u0dc3\u0dbd\u0dca //\n\r\n\u0daf\u0dd9\u0db1\u0dd2\u0db4\u0dd2\u0da7\u0dd2\u0dba\u0da7 \u0db8 \u0d89\u0dad\u0dcf\u0db8\r\n\u0dc0\u0da7\u0dd2\u0db1\u0dcf \u0db8\u0dc4 \u0db1\u0dd4\u0d9c \u0daf\u0dd6\u0db8\r\n\u0db6\u0dbd \u0dc3\u0d9a\u0dd2 \u0d91\u0dc4\u0dd2 \u0dc3\u0dd2\u0dad\u0dd4\u0dc3\u0dda\u0db8\r\n\u0db1\u0dd2\u0dbd\u0db9\u0dbb \u0daf\u0dd4\u0dbd\u0dca ///\n"
    },
    {
        "uuid": "d92447c8-8a21-11e9-81d5-3863bb98c88b",
        "song": "Pini Wassa Sapai Gini Awwa Dukai ",
        "singer": "Senanayaka Weraliyadda ",
        "lyricUnicode": "\u0db4\u0dd2\u0db1\u0dd2 \u0dc0\u0dd0\u0dc3\u0dca\u0dc3 \u0dc3\u0dd0\u0db4\u0dba\u0dd2 \u0d9c\u0dd2\u0db1\u0dd2 \u0d85\u0dc0\u0dca\u0dc0 \u0daf\u0dd4\u0d9a\u0dba\u0dd2\r\n\u0daf\u0db1\u0dca\u0db1\u0dda \u0db6\u0ddc\u0dbd\u0dca \u0dc4\u0dd4\u0dbd\u0d9f \u0dad\u0db8\u0dba\u0dd2 \r\n\u0db8\u0dd4\u0dbb \u0db8\u0dd0\u0dc3\u0dca\u0dc3 \u0d9a\u0dd0\u0db4\u0dba\u0dd2 \u0db1\u0dd2\u0daf\u0dd2\u0dc3\u0dd4\u0dc0 \u0d85\u0d9a\u0dd0\u0db4\u0dba\u0dd2 \r\n\u0d89\u0db1\u0dca\u0db1\u0dda \u0dc3\u0dd3\u0dbb\u0dd4\u0dc0\u0dd9\u0db1\u0dca \u0dad\u0db8\u0dba\u0dd2 \n\r\n\u0dc3\u0dd9\u0db6\u0dbd\u0dcf\u0db1\u0db1\u0dda \u0dc3\u0d82\u0d9c\u0dca\u200d\u0dbb\u0dcf\u0db8\u0dba\u0dda...\n\r\n\u0dad\u0dd4\u0db1\u0dca\u0dba\u0db8 \u0dc4\u0dd2\u0da7\u0d9c\u0dd9\u0db1 \u0dc3\u0db8\u0dc4\u0dbb \u0dc0\u0dd2\u0da7 \u0d91\u0d9a \u0db4\u0dd2\u0db8\u0dca\u0db8\u0dda \r\n\u0dc0\u0dd9\u0da9\u0dd2 \u0dc3\u0dd0\u0dbb \u0d87\u0dc0\u0dd2\u0daf\u0dd2\u0db1\u0dca \u0daf\u0dd4\u0d9a \u0dc3\u0dd0\u0db4 \u0dc0\u0dd2\u0db8\u0dc3\u0dba\u0dd2 \u0dc4\u0dd0\u0dbd\u0dca\u0db8\u0dda \r\n\u0d9a\u0dd2\u0dba\u0dc0\u0dd9\u0db1 \u0dbb\u0dab \u0d9c\u0dd3 \u0db8\u0daf\u0db1\u0dbd \u0db4\u0db8\u0db1\u0dba\u0dd2 \u0daf\u0db1\u0dca\u0db1\u0dda \r\n\u0d9a\u0daf\u0dd4\u0dbd\u0dd2\u0db1\u0dca \u0dc4\u0dd2\u0db1\u0dd0\u0dc4\u0dd3 \u0dc3\u0da7\u0db1\u0dda \u0d8b\u0dab\u0dd4\u0dc3\u0dd4\u0db8 \u0dbb\u0dd0\u0d9a \u0d9c\u0db1\u0dca\u0db1\u0dda\n\r\n\u0dc3\u0dd9\u0db6\u0dbd\u0dcf\u0db1\u0db1\u0dda \u0dc3\u0d82\u0d9c\u0dca\u200d\u0dbb\u0dcf\u0db8\u0dba\u0dda...\n\r\n\u0dbb\u0dd4\u0db0\u0dd2\u0dbb\u0dba \u0db4\u0dd4\u0daf\u0dcf \u0daf\u0dd2\u0dbb\u0dd2\u0dba\u0dd9\u0db1\u0dca \u0daf\u0dd2\u0dbb\u0dd2 \u0dbd\u0dd0\u0db6 \u0d9c\u0db1\u0dca\u0db1 \r\n\u0dc3\u0dad\u0dd4\u0dbb\u0db1\u0dca \u0db4\u0dbb\u0daf\u0dcf \u0db1\u0dd2\u0dbb\u0dad\u0dd4\u0dbb\u0dd4 \u0daf\u0dd2\u0dc0\u0dd2 \u0dbb\u0dd0\u0d9a \u0d9c\u0db1\u0dca\u0db1\r\n\u0d89\u0daf\u0dd2\u0dbb\u0dd2\u0dba\u0da7\u0db8 \u0dad\u0dd0\u0db6\u0dd4 \u0db4\u0dba \u0db4\u0dc3\u0dca\u0dc3\u0da7 \u0dba\u0dc5\u0dd2 \u0db1\u0ddc\u0d9c\u0db1\u0dca\u0db1\r\n\u0dbb\u0dc3\u0dca\u0dc3\u0dcf\u0dc0\u0da7 \u0d86\u0dc0\u0dad\u0dca \u0db1\u0ddc\u0db6\u0dd2\u0dba\u0dc0 \u0dba\u0dd4\u0daf\u0dca\u0db0 \u0d9a\u0dbb\u0db1\u0dca\u0db1 \n\r\n\u0dc3\u0dd9\u0db6\u0dbd\u0dcf\u0db1\u0db1\u0dda \u0dc3\u0d82\u0d9c\u0dca\u200d\u0dbb\u0dcf\u0db8\u0dba\u0dda...\n\r\n\u0db4\u0dd2\u0db1\u0dd2 \u0dc0\u0dd0\u0dc3\u0dca\u0dc3 \u0dc3\u0dd0\u0db4\u0dba\u0dd2...\n\r\n\u0dc3\u0dd9\u0db6\u0dbd\u0dcf\u0db1\u0db1\u0dda \u0dc3\u0d82\u0d9c\u0dca\u200d\u0dbb\u0dcf\u0db8\u0dba\u0dda..."
    },
    {
        "uuid": "d99f2538-8a21-11e9-8766-3863bb98c88b",
        "song": "Pini Watena Mal Yaye Pawi Yai Sunila Wala ",
        "singer": "Prince Udaya Priyantha ",
        "lyricUnicode": "\u0db4\u0dd2\u0dab\u0dd2 \u0dc0\u0dd0\u0da7\u0dd9\u0db1\u0dcf \u0db8\u0dbd\u0dca \u0dba\u0dcf\u0dba\u0dda \u0db4\u0dcf\u0dc0\u0dd3 \u0dba\u0dba\u0dd2 \u0dc3\u0dd4\u0db1\u0dd2\u0dbd\u0dca \u0dc0\u0dc5\u0dcf\r\n\u0db6\u0ddc\u0db3 \u0db8\u0dd3\u0daf\u0dd4\u0db8\u0dca \u0d9a\u0db3\u0dd4 \u0d85\u0dad\u0dbb\u0dda \u0d94\u0db6\u0dc0 \u0dc3\u0ddc\u0dba\u0dcf \u0db8\u0dcf \u0d91\u0db1\u0dca\u0db1\u0dda\r\n\u0db1\u0dd2\u0dbd\u0dca\u0dc0\u0db1\u0dca \u0daf\u0dd1\u0dc3\u0dd2\u0db1\u0dca \u0db8\u0dcf \u0db8\u0dad\u0dca \u0d9a\u0dbb\u0db1\u0dcf \u0dc3\u0dd4\u0db1\u0dca\u0daf\u0dbb \u0d85\u0dbb\u0dd4\u0dab\u0dd0\u0dbd\u0dca\u0dbd\u0dda\r\n\u0dbb\u0db1\u0dca\u0dc0\u0db1\u0dca \u0dc3\u0db8\u0db1\u0dc5 \u0dad\u0da7\u0dd4 \u0dc3\u0dbd\u0db8\u0dd2\u0db1\u0dca \u0dba\u0db1 \u0d94\u0db6 \u0dc0\u0dd9\u0dad \u0db8\u0dcf \u0d91\u0db1\u0dca\u0db1\u0dda\r\n\u0db4\u0dd2\u0dab\u0dd2 \u0dc0\u0dd0\u0da7\u0dd9\u0db1\u0dcf \u0db8\u0dbd\u0dca \u0dba\u0dcf\u0dba\u0dda \u0db4\u0dcf\u0dc0\u0dd3 \u0dba\u0dba\u0dd2 \u0dc3\u0dd4\u0db1\u0dd2\u0dbd\u0dca \u0dc0\u0dc5\u0dcf\n\r\n\u0d91\u0d9a\u0db8 \u0d89\u0dc3\u0dc0\u0dca\u0dc0\u0d9a \u0dbb\u0dd0\u0db3\u0dd3 \u0dc3\u0dd2\u0da7\u0dd2\u0db1 \u0dc3\u0db3\r\n\u0dc4\u0db8\u0dd4\u0dc0\u0db1\u0dca\u0db1\u0da7 \u0db1\u0ddc\u0dc4\u0dd0\u0d9a\u0dd2\u0dc0 \u0dbd\u0dad\u0dd0\u0dc0\u0dd3\r\n\u0dc3\u0dd2\u0dad \u0dbb\u0dd0\u0db3\u0dd2 \u0db4\u0dd0\u0dad\u0dd4\u0db8\u0db1\u0dca \u0db4\u0ddc\u0db3\u0dd2 \u0db6\u0dd0\u0db3\u0d9c\u0dd9\u0db1 \u0d87\u0dad\r\n\u0d94\u0db6\u0da7 \u0d9a\u0dd2\u0dba\u0db1\u0dca\u0db1\u0da7 \u0db4\u0dca\u200d\u0dbb\u0dd2\u0dba \u0dc5\u0db3\u0dd4\u0db1\u0dda\n\r\n\u0db1\u0dd2\u0dbd\u0dca\u0dc0\u0db1\u0dca \u0daf\u0dd1\u0dc3\u0dd2\u0db1\u0dca \u0db8\u0dcf \u0db8\u0dad\u0dca \u0d9a\u0dbb\u0db1\u0dcf \u0dc3\u0dd4\u0db1\u0dca\u0daf\u0dbb \u0d85\u0dbb\u0dd4\u0dab\u0dd0\u0dbd\u0dca\u0dbd\u0dda\r\n\u0dbb\u0db1\u0dca\u0dc0\u0db1\u0dca \u0dc3\u0db8\u0db1\u0dc5 \u0dad\u0da7\u0dd4 \u0dc3\u0dbd\u0db8\u0dd2\u0db1\u0dca \u0dba\u0db1 \u0d94\u0db6 \u0dc0\u0dd9\u0dad \u0db8\u0dcf \u0d91\u0db1\u0dca\u0db1\u0dda\r\n\u0db4\u0dd2\u0dab\u0dd2 \u0dc0\u0dd0\u0da7\u0dd9\u0db1\u0dcf \u0db8\u0dbd\u0dca \u0dba\u0dcf\u0dba\u0dda \u0db4\u0dcf\u0dc0\u0dd3 \u0dba\u0dba\u0dd2 \u0dc3\u0dd4\u0db1\u0dd2\u0dbd\u0dca \u0dc0\u0dc5\u0dcf\r\n\u0db6\u0ddc\u0db3 \u0db8\u0dd3\u0daf\u0dd4\u0db8\u0dca \u0d9a\u0db3\u0dd4 \u0d85\u0dad\u0dbb\u0dda \u0d94\u0db6\u0dc0 \u0dc3\u0ddc\u0dba\u0dcf \u0db8\u0dcf \u0d91\u0db1\u0dca\u0db1\u0dda\n\r\n\u0d85\u0db4\u0dda \u0dbd\u0ddc\u0dc0\u0d9a \u0dad\u0db1\u0dd2\u0dc0\u0dd9\u0db1\u0dca\u0db1\u0da7 \u0db4\u0dd0\u0dad\u0dd4\u0db8\u0db1\u0dca\r\n\u0d9a\u0ddc\u0dad\u0dbb\u0db8\u0dca \u0db4\u0dd2\u0dbb\u0dd4\u0dab\u0dad\u0dca \u0dc0\u0dbb\u0db8\u0dca \u0db1\u0dd0\u0dad\u0dda\r\n\u0db6\u0dcf\u0db0\u0d9a \u0dc4\u0db8\u0dd4\u0dc0\u0dda \u0db1\u0ddc\u0dc3\u0dd0\u0dbd\u0dd3 \u0d89\u0db8\u0dd4 \u0d85\u0db4\u0dd2\r\n\u0db7\u0dc0\u0dba \u0db4\u0dd4\u0dbb\u0dcf \u0db4\u0dd9\u0db8\u0dca\u0dc0\u0dad\u0dd4\u0db1\u0dca \u0dbd\u0dd9\u0dc3\u0dda\n\r\n\u0db1\u0dd2\u0dbd\u0dca\u0dc0\u0db1\u0dca \u0daf\u0dd0\u0dc3\u0dd2\u0db1\u0dca....."
    },
    {
        "uuid": "de43f7c0-8a21-11e9-9816-3863bb98c88b",
        "song": "Piruna Sitha Piruna ",
        "singer": "Niranjala Sarojini ",
        "lyricUnicode": "\u0db4\u0dd2\u0dbb\u0dd4\u0dab\u0dcf \u0dc3\u0dd2\u0dad \u0db4\u0dd2\u0dbb\u0dd4\u0dab\u0dcf \r\n\u0d94\u0db6 \u0db8\u0da7 \u0db4\u0dd4\u0daf\u0d9a\u0dc5 \u0d86\u0daf\u0dbb\u0dba\u0dd9\u0db1\u0dca\r\n\u0dbb\u0dd2\u0daf\u0dd4\u0dab\u0dcf \u0dc3\u0dd2\u0dad \u0dbb\u0dd2\u0daf\u0dd4\u0dab\u0dcf \r\n\u0d94\u0db6 \u0dc3\u0db8\u0dd4 \u0d85\u0dbb\u0d9c\u0dd9\u0db1 \u0d9c\u0dd2\u0dba \u0daf\u0dc0\u0dc3\u0dda //\n\r\n\u0dc3\u0dbb\u0dc3\u0dc0\u0dd2 \u0db6\u0dd2\u0db8 \u0d87\u0dad\u0dd2 \u0db4\u0dcf\u0dc5\u0dd4 \u0db8\u0d9a\u0db1\u0dca\u0db1\u0da7\r\n\u0d94\u0db6 \u0dc5\u0d9f \u0d89\u0db1\u0dca\u0db1\u0da7 \u0d9a\u0dd3\u0dc0\u0dcf \u0db1\u0db8\u0dca\r\n\u0dad\u0db1\u0dd2\u0d9a\u0db8 \u0d87\u0dad\u0dd2 \u0dc0\u0dd2\u0da7 \u0d9a\u0dad\u0dcf \u0d9a\u0dbb\u0db1\u0dca\u0db1\u0da7\r\n\u0d94\u0db6 \u0dc5\u0d9f \u0d89\u0db1\u0dca\u0db1\u0da7 \u0d9a\u0dd3\u0dc0\u0dcf \u0db1\u0db8\u0dca\r\n\u0db8\u0dd9\u0dad\u0dbb\u0db8\u0dca \u0db8\u0dcf \u0dc3\u0dd2\u0dad \u0db1\u0ddc\u0dbb\u0dd2\u0daf\u0dda\u0dc0\u0dd3 //\n\r\n\u0db4\u0dd2\u0dbb\u0dd4\u0dab\u0dcf \u0dc3\u0dd2\u0dad \u0db4\u0dd2\u0dbb\u0dd4\u0dab\u0dcf... \n\r\n\u0db6\u0ddc\u0dbb\u0dd4\u0dc0\u0da7 \u0d86\u0daf\u0dbb\u0db6\u0dc3\u0dca \u0dad\u0dd9\u0db4\u0dbd\u0db1\u0dca\u0db1\u0da7\r\n\u0dc4\u0dd0\u0d9a\u0dd2 \u0db6\u0dc0 \u0daf\u0dd0\u0db1\u0d9c\u0dd9\u0db1 \u0d8b\u0db1\u0dca\u0db1\u0dcf \u0db1\u0db8\u0dca\r\n\u0db8\u0db8 \u0db1\u0db8\u0dca \u0db8\u0dda \u0daf\u0dd4\u0dbb \u0db1\u0dd1\u0dc0\u0dd2\u0dad\u0dca \u0d89\u0db1\u0dca\u0db1\u0dd9\u0db8\u0dd2\r\n\u0d94\u0d9b\u0dd9 \u0dc4\u0dd2\u0dad \u0daf\u0dd0\u0db1\u0d9c\u0dd9\u0db1 \u0d8b\u0db1\u0dca\u0db1\u0dcf \u0db1\u0db8\u0dca\r\n\u0d91\u0dc4\u0dd9\u0db1\u0db8\u0dca \u0db8\u0dcf \u0dc3\u0dd2\u0dad \u0db1\u0ddc\u0db6\u0dd2\u0daf\u0dda\u0dc0\u0dd3 //\n\r\n\u0db4\u0dd2\u0dbb\u0dd4\u0dab\u0dcf \u0dc3\u0dd2\u0dad \u0db4\u0dd2\u0dbb\u0dd4\u0dab\u0dcf..."
    },
    {
        "uuid": "dec0723e-8a21-11e9-b852-3863bb98c88b",
        "song": "Pisadala So Sanka Pem Gee Gayala ",
        "singer": "Bachi Susan ",
        "lyricUnicode": "\u0db4\u0dd2\u0dc3\u0daf\u0dcf\u0dbd\u0dcf \u0dc3\u0ddd \u0dc3\u0d82\u0d9a\u0dcf \u0db4\u0dd9\u0db8\u0dca \u0d9c\u0dd3 \u0d9c\u0dba\u0dcf\u0dbd\u0dcf\r\n\u0d88 \u0d8b\u0db1\u0dca\u0db1\u0dcf \u0db8\u0d9c\u0dda \u0dbd\u0ddc\u0d9a\u0dda \u0dc5\u0d82\u0dc0\u0dd3 \u0db6\u0dd0\u0db3\u0dd3\u0dbd\u0dcf\r\n\u0db8\u0dcf \u0daf\u0db8\u0dcf \u0d86\u0dba\u0dda \u0db1\u0db8\u0dca \u0dba\u0db1\u0dca\u0db1\u0dd1 \u0d9a\u0dd2\u0dba\u0dcf\u0dbd\u0dcf\r\n\u0db8\u0dcf \u0daf\u0db8\u0dcf \u0d86\u0dba\u0dda \u0db1\u0db8\u0dca \u0dba\u0db1\u0dca\u0db1\u0dd1 \u0d9a\u0dd2\u0dba\u0dcf\u0dbd\u0dcf //\n\r\n\u0d86\u0dc1\u0dcf \u0daf\u0dd1\u0dc3\u0dda \u0dbb\u0dd0\u0db1\u0dca\u0daf\u0dd4 \u0dc3\u0dd2\u0dc4\u0dd2\u0db1\u0dda \u0db8\u0dda \u0dc3\u0dd0\u0db1\u0dca\u0daf\u0dd1\u0dc0\u0dda\r\n\u0db1\u0dcf\u0dc0\u0dda \u0dc3\u0ddc\u0dba\u0dcf\u0dbd\u0dcf\r\n\u0dc0\u0dd9\u0db1\u0dca\u0dc0\u0dd3 \u0dbb\u0dc4\u0dc3\u0dda \u0d9c\u0dd2\u0dba\u0daf\u0ddd \u0db8\u0db1\u0dca\u0daf\u0dcf \u0db8\u0dcf \u0daf\u0db8\u0dcf\r\n\u0dc4\u0dc3\u0dbb\u0dd0\u0dbd\u0dca \u0db1\u0dd2\u0dc0\u0dcf\u0dbd\u0dcf\r\n\u0db8\u0d9c\u0dd9 \u0dbd\u0ddd\u0d9a\u0dda \u0dc0\u0dd2\u0dba\u0ddd\u0d9c\u0dda \u0dc3\u0d82\u0dad\u0dcf\u0db4\u0dda \u0db8\u0dc0\u0dcf \u0d86\u0daf\u0dbb\u0dda\n\r\n\u0db4\u0dd2\u0dc3\u0daf\u0dcf\u0dbd\u0dcf......\n\r\n\u0dc4\u0ddd.. \u0db8\u0dcf \u0dc4\u0dac\u0dc0\u0dba\u0dd2 \u0db8\u0dda \u0db4\u0dd9\u0db8\u0dca \u0dc0\u0dda\u0daf\u0db1\u0dcf\r\n\u0d9a\u0ddd \u0d92 \u0db8\u0dcf \u0dc3\u0dd0\u0db1\u0dc3\u0dd6 \u0db8\u0dbd\u0dca \u0dc4\u0dd2\u0db1\u0dcf\r\n\u0db8\u0dcf\u0dba\u0dcf\u0dc0\u0dda \u0dc3\u0dd2\u0dc4\u0dd2\u0db1\u0dda \u0dc3\u0dda \u0db8\u0dd0\u0d9a\u0dd3\r\n\u0d88 \u0d9c\u0dd2\u0dba\u0dd9\u0daf\u0ddd \u0dc3\u0ddd \u0d9c\u0dd2\u0db1\u0dd2 \u0dbb\u0db1\u0dca\u0daf\u0dcf\n\r\n\u0db4\u0dd2\u0dc3\u0daf\u0dcf\u0dbd\u0dcf......"
    },
    {
        "uuid": "df3d9d02-8a21-11e9-a238-3863bb98c88b",
        "song": "Pithu Senehe Pidu Piyeku Nomathi Lowa ",
        "singer": "Deepika Priyadarshani Pieris ",
        "lyricUnicode": "\u0db4\u0dd2\u0dad\u0dd4 \u0dc3\u0dd9\u0db1\u0dd9\u0dc4\u0dda \u0db4\u0dd2\u0daf\u0dd4 \u0db4\u0dd2\u0dba\u0d9a\u0dd4 \u0db1\u0ddc\u0db8\u0dd0\u0dad\u0dd2 \u0dbd\u0ddc\u0dc0\r\n\u0daf\u0dd6 \u0daf\u0dbb\u0dd4\u0dc0\u0db1\u0dca \u0dc4\u0dd2\u0db1\u0dd0\u0dc4\u0dd3 \u0d87\u0dad\u0dd2\u0daf\u0ddd\r\n\u0d8b\u0db1\u0dca\u0d9c\u0dda \u0dc3\u0dd2\u0dad \u0dbb\u0dd0\u0db3\u0dd2 \u0dad\u0db1\u0dd2\u0dba \u0db8\u0d9a\u0db1\u0dca\u0db1\u0da7\r\n\u0db8\u0dc0\u0dd4\u0db1\u0da7 \u0d9a\u0dc0\u0daf\u0dcf \u0dc4\u0dd0\u0d9a\u0dd2 \u0dc0\u0dda\u0daf\u0ddd\n\r\n\u0dc4\u0dd2\u0dbb\u0dd4 \u0db8\u0dac\u0dbd\u0d9a\u0dca \u0dc3\u0dda \u0d9a\u0dd2\u0dbb\u0dab \u0db6\u0dd9\u0daf\u0dcf\u0daf\u0dd3\r\n\u0db1\u0dd4\u0d9c \u0dc3\u0dd9\u0dc0\u0dab\u0d9a\u0dca \u0dc3\u0dda \u0dc3\u0dd2\u0dc3\u0dd2\u0dbd \u0dc3\u0daf\u0dcf \u0daf\u0dd3\r\n\u0da2\u0dd2\u0dc0\u0dd2\u0dad\u0dba\u0dda \u0db6\u0dbb \u0d8b\u0dbb\u0dd2\u0db1\u0dca \u0daf\u0dbb\u0dcf\r\n\u0db4\u0dd2\u0dba\u0dc0\u0dbb\u0dd4\u0db8\u0dba\u0dd2 \u0dbd\u0ddc\u0dc0 \u0db8\u0dc4 \u0dc3\u0dba\u0dd4\u0dbb\u0d9a\u0dca \u0dc0\u0dd3\r\n\u0dbd\u0ddc\u0dc0\u0db8 \u0db1\u0dd2\u0dc0\u0dcf \u0dbd\u0db1\u0dca\u0db1\u0dda\n\r\n\u0db4\u0dd2\u0dad\u0dd4 \u0dc3\u0dd9\u0db1\u0dd9\u0dc4\u0dda...\n\r\n\u0db8\u0dd9\u0dad\u0dca \u0db8\u0dd4\u0daf\u0dd2\u0dad\u0dcf \u0d9c\u0dd4\u0dab \u0dc3\u0dd2\u0dad\u0dd9\u0dc4\u0dd2 \u0daf\u0dbb\u0dcf\r\n\u0db4\u0dd9\u0dbb\u0dd4\u0db8\u0dca \u0db4\u0dd4\u0dbb\u0dcf \u0d91\u0db1 \u0dc3\u0dc3\u0dbb \u0db4\u0dd4\u0dbb\u0dcf\r\n\u0d85\u0db8\u0dca\u0db8\u0dcf\u0dc0\u0dbb\u0dd4 \u0db8\u0dad\u0dd4 \u0db6\u0dd4\u0daf\u0dd4 \u0dc0\u0db1\u0dca\u0db1\u0dda\r\n\u0db4\u0dd2\u0dba\u0dc0\u0dbb\u0dd4\u0db8\u0dba\u0dd2 \u0dbd\u0ddc\u0dc0 \u0db6\u0dd4\u0daf\u0dd4 \u0dc0\u0db1 \u0db8\u0dc0\u0dd4\u0db1\u0da7\r\n\u0d92 \u0dc0\u0dd2\u0dc0\u0dbb\u0dab \u0daf\u0dd9\u0db1\u0dca\u0db1\u0dda\n\r\n\u0db4\u0dd2\u0dad\u0dd4 \u0dc3\u0dd9\u0db1\u0dd9\u0dc4\u0dda..."
    },
    {
        "uuid": "e30a8cee-8a21-11e9-8389-3863bb98c88b",
        "song": "Piyaman Keruwemu Maha Wel Madden ",
        "singer": "Somathilaka Jayamaha ",
        "lyricUnicode": "\u0db4\u0dd2\u0dba\u0db8\u0db1\u0dca \u0d9a\u0dd9\u0dbb\u0dd4\u0dc0\u0dd9\u0db8\u0dd4 \u0db8\u0dc4\u0dc0\u0dda \u0db8\u0dd0\u0daf\u0dca\u0daf\u0dd9\u0db1\u0dca\r\n\u0db4\u0dd9\u0db8\u0dca \u0db6\u0dc3\u0dca \u0daf\u0dd9\u0da9\u0dd4\u0dc0\u0dd9\u0db8\u0dd4 \u0d8b\u0dba\u0db1\u0dca \u0d9a\u0ddc\u0db1\u0dd9\u0d9a \u0dc4\u0dd2\u0daf\r\n\u0dc1\u0dd2\u0dbd\u0dca\u0db4 \u0d8b\u0d9c\u0dad\u0dca\u0dad\u0dd9\u0db8\u0dd4 \u0db1\u0dd0\u0dab \u0dbd\u0dd0\u0db6 \u0d9c\u0dad\u0dca\u0dad\u0dd9\u0db8\u0dd4\r\n\u0daf\u0dd9\u0db4\u0dcf \u0dc0\u0dcf\u0dbb\u0dd4 \u0db1\u0dd0\u0dad \u0d94\u0db6 \u0dc4\u0dd0\u0dbb \u0dba\u0db1\u0dca\u0db1\u0da7 //\n\r\n\u0db1\u0dd2\u0dbd\u0dca \u0dad\u0db1 \u0db4\u0dbd\u0dc3\u0dd9\u0dc4\u0dd2 \u0d9c\u0dd0\u0da7\u0dd4\u0db1 \u0daf\u0dd9\u0db4\u0dcf\u0dc0\u0dba\u0dd2\r\n\u0d9a\u0ddd\u0dbd \u0dc4\u0dd0\u0d9c\u0dd4\u0db8\u0dca \u0d9a\u0dd9\u0dbd\u0dd2 \u0d9a\u0dc0\u0da7 \u0dc3\u0dd2\u0db1\u0dcf\u0dc0\u0dba\u0dd2 //\r\n\u0db8\u0dbd\u0dca \u0db1\u0dd0\u0da7\u0dd4\u0db8\u0dba\u0dd2 \u0d9a\u0dbd\u0d9c\u0dd9\u0da9\u0dd2 \u0db1\u0dd0\u0da7\u0dd4\u0db8\u0dba\u0dd2\r\n\u0db8\u0d9c\u0dda \u0daf\u0dd1\u0dc3 \u0dad\u0dd4\u0dbd \u0dba\u0dbd\u0dd2\u0dad\u0dca \u0d87\u0daf\u0dda\u0dc0\u0dd2\u0daf //\n\r\n\u0db4\u0dd2\u0dba\u0db8\u0db1\u0dca \u0d9a\u0dd9\u0dbb\u0dd4\u0dc0\u0dd9\u0db8\u0dd4.... \n\r\n\u0db1\u0dd9\u0dad \u0d9a\u0daf\u0dd4\u0dbd\u0dd2\u0db1\u0dca \u0dc4\u0dc3\u0d9a\u0dd0\u0db1\u0dd2\u0db1\u0dca \u0db8\u0dd4\u0dc0\u0dcf\u0d9a\u0dbd\r\n\u0dc3\u0ddc\u0daf\u0dd4\u0dbb\u0dd4 \u0db4\u0dd0\u0dad\u0dd4\u0db8\u0dca \u0db4\u0dd4\u0dbb\u0dc0\u0dcf \u0db8\u0db1\u0db8\u0dad\u0dca \u0d9a\u0dbd //\r\n\u0db8\u0d9c\u0dd9 \u0d9a\u0dd9\u0dbd\u0dd2\u0dbd\u0ddc\u0dbd\u0dca \u0dc0\u0dd2\u0dba \u0d9c\u0dd9\u0dc0\u0dd4\u0db1\u0dd4 \u0dc0\u0d9c\u0dba\u0dd2\r\n\u0db8\u0dcf \u0dc4\u0dd0\u0daf\u0dd4 \u0db4\u0dcf\u0dc3\u0dbd\u0dca \u0db8\u0dc0\u0dd4\u0db1\u0dd2 \u0daf\u0dba\u0dcf\u0daf\u0dbb //\n\r\n\u0db4\u0dd2\u0dba\u0db8\u0db1\u0dca \u0d9a\u0dd9\u0dbb\u0dd4\u0dc0\u0dd9\u0db8\u0dd4.... "
    },
    {
        "uuid": "e950c0ca-8a21-11e9-b9b4-3863bb98c88b",
        "song": "Pooja Karannam (Pinwantha Wu Oya) ",
        "singer": "Sandun Perera ",
        "lyricUnicode": "\u0db4\u0dd2\u0d82\u0dc0\u0db1\u0dca\u0dad \u0dc0\u0dd6 \u0d94\u0dba\u0dcf \u0d85\u0db8\u0db1\u0dcf\u0db4 \u0dc0\u0dd3 \u0d91\u0daf\u0dcf\r\n\u0d85\u0dc0\u0dbd\u0d82\u0d9c\u0dd4 \u0d9a\u0dcf\u0dc3\u0dd2\u0dba\u0d9a\u0dca \u0dc0\u0d9c\u0dda \u0db4\u0dd9\u0db8\u0dca \u0d9a\u0dd9\u0dbb\u0dd4\u0dc0\u0dda \u0d87\u0dba\u0dd2 \u0db8\u0dd9\u0db8\u0dcf\r\n\u0db8\u0dad\u0d9a\u0dba\u0dd2 \u0d85\u0daf \u0dc0\u0d9c\u0dda \u0db8\u0dd0\u0dbb\u0dd4\u0dc0\u0dcf \u0db8\u0d9c\u0dda \u0dc3\u0dd9\u0db1\u0dda\r\n\u0db8\u0d82 \u0dbd\u0db6\u0dcf \u0d8b\u0db4\u0db1\u0dca \u0dc0\u0dd2\u0daf\u0dd2\u0dc4\u0daf \u0db8\u0dda\r\n\u0db4\u0dd6\u0da2\u0dcf \u0d9a\u0dbb\u0db1\u0dca\u0db1\u0db8\u0dca \u0db8\u0dbd\u0d9a\u0dca \u0d94\u0dba\u0dcf \u0db1\u0db8\u0dd2\u0db1\u0dca \r\n\u0d89\u0db1\u0dca\u0db1\u0dc0\u0dcf\u0da7\u0dad\u0dca \u0dc0\u0da9\u0dcf \u0d89\u0db1\u0dca\u0db1 \u0dc3\u0dad\u0dd4\u0da7\u0dd2\u0db1\u0dca \u0dc4\u0ddc\u0daf\u0dd2\u0db1\u0dca //\n\r\n\u0dc4\u0dd2\u0db8\u0dd2 \u0d8b\u0db1\u0dda \u0db1\u0dd0\u0dad\u0dad\u0dca \u0d89\u0dc4\u0da7\u0dad\u0dca \u0d8b\u0da9\u0dd2\u0db1\u0dca \u0d86\u0daf\u0dbb\u0dda\r\n\u0dad\u0dcf\u0db8 \u0dad\u0dd2\u0dba\u0dd9\u0db1\u0dc0\u0dcf \u0db4\u0dd9\u0dbb \u0dc0\u0dcf\u0d9c\u0dda \u0db8\u0dda \u0dc4\u0dd2\u0dad\u0dda\r\n\u0daf\u0dba\u0dd2\u0dc0\u0dba\u0dd9\u0db1\u0dca \u0db4\u0dc0\u0dcf \u0d9c\u0dd0\u0dbb\u0dc4\u0dd4\u0db8\u0dca \u0dbd\u0dd0\u0db6\u0dd6 \u0d86\u0daf\u0dbb\u0dda \r\n\u0d91\u0d9a\u0dca \u0d9a\u0dbb\u0db1\u0dca\u0db1 \u0db6\u0dd1 \u0daf\u0dd9\u0dc0\u0dd2\u0dba\u0db1\u0dca\u0da7\u0dc0\u0dad\u0dca \u0d85\u0db4\u0dda\r\n\u0db8\u0dad\u0d9a\u0dba\u0dd2 \u0d85\u0daf \u0dc0\u0d9c\u0dda \u0db8\u0dd0\u0dbb\u0dd4\u0dc0\u0dcf \u0db8\u0d9c\u0dda \u0dc3\u0dd9\u0db1\u0dda\r\n\u0db8\u0d82 \u0dbd\u0db6\u0dcf \u0d8b\u0db4\u0db1\u0dca \u0dc0\u0dd2\u0daf\u0dd2\u0dc4\u0daf \u0db8\u0dda\r\n\u0db4\u0dd6\u0da2\u0dcf \u0d9a\u0dbb\u0db1\u0dca\u0db1\u0db8\u0dca \u0db8\u0dbd\u0d9a\u0dca \u0d94\u0dba\u0dcf \u0db1\u0db8\u0dd2\u0db1\u0dca \r\n\u0d89\u0db1\u0dca\u0db1\u0dc0\u0dcf\u0da7\u0dad\u0dca \u0dc0\u0da9\u0dcf \u0d89\u0db1\u0dca\u0db1 \u0dc3\u0dad\u0dd4\u0da7\u0dd2\u0db1\u0dca \u0dc4\u0ddc\u0daf\u0dd2\u0db1\u0dca\n\r\n\u0db4\u0dcf\u0db4\u0dba\u0d9a\u0dca\u0daf \u0db8\u0dda \u0db4\u0dc4\u0dd4\u0d9c\u0dd2\u0dba \u0db7\u0dc0\u0dda \u0db8\u0dcf \u0d9a\u0dd9\u0dbb\u0dd6\r\n\u0dc0\u0dd9\u0db1\u0dca\u0d9a\u0dc5\u0dda \u0d94\u0dba\u0dcf \u0db4\u0db1 \u0dc0\u0dcf\u0d9c\u0dda \u0db4\u0dd9\u0db8\u0dca \u0d9a\u0dd9\u0dbb\u0dd6\r\n\u0d86\u0dba\u0dda \u0dc0\u0dd9\u0db1\u0dca\u0db1\u0dd9\u0db4\u0dcf \u0dc4\u0db8\u0dd4\u0dc0\u0dd9\u0db1\u0dca\u0db1 \u0db8\u0dd2\u0dba\u0dd9\u0db1\u0dcf \u0dad\u0dd4\u0dbb\u0dd6\r\n\u0dc4\u0dba\u0dd2\u0dba \u0db1\u0dd1 \u0dc4\u0dd2\u0dad\u0dda \u0dc0\u0dd2\u0daf\u0dc0\u0db1\u0dca\u0db1 \u0db1\u0dd2\u0dbb\u0dad\u0dd4\u0dbb\u0dd4\r\n\u0db8\u0dad\u0d9a\u0dba\u0dd2 \u0d85\u0daf \u0dc0\u0d9c\u0dda \u0db8\u0dd0\u0dbb\u0dd4\u0dc0\u0dcf \u0db8\u0d9c\u0dda \u0dc3\u0dd9\u0db1\u0dda\r\n\u0db8\u0d82 \u0dbd\u0db6\u0dcf \u0d8b\u0db4\u0db1\u0dca \u0dc0\u0dd2\u0daf\u0dd2\u0dc4\u0daf \u0db8\u0dda\n\r\n\u0db4\u0dd2\u0d82\u0dc0\u0db1\u0dca\u0dad \u0dc0\u0dd6 \u0d94\u0dba\u0dcf...."
    },
    {
        "uuid": "eac9ce10-8a21-11e9-a9e5-3863bb98c88b",
        "song": "Pransa Yuwathiyan (Idoraye Nagara Kone) ",
        "singer": "Amal Perera ",
        "lyricUnicode": "\u0d89\u0da9\u0ddd\u0dbb\u0dba\u0dda \u0db1\u0d9c\u0dbb \u0d9a\u0ddc\u0db1\u0dda \r\n\u0d85\u0dba\u0dd2\u0dc6\u0dbd\u0dca \u0dc3\u0dd3\u0db8\u0dcf\u0dc0\u0dda \r\n\u0d94\u0db6\u0dc0 \u0db4\u0dd9\u0db1\u0dda \r\n\u0db4\u0dca\u200d\u0dbb\u0d82\u0dc1 \u0dba\u0dd4\u0dc0\u0dad\u0dd2\u0dba\u0db1\u0dca \r\n\u0dc4\u0daf\u0dda \u0d9a\u0ddc\u0db1 \u0d85\u0dbb\u0db1\u0dca \r\n\u0dbd\u0dd2\u0dbd\u0dd3 \u0db8\u0dbd\u0dca \u0dc3\u0dd4\u0dbd\u0db1\u0dca \r\n\u0db8\u0dd3\u0daf\u0dd4\u0db8\u0dd9\u0db1\u0dca \u0dc0\u0dc4\u0db1\u0dca \r\n\u0db8\u0dcf\u0dba\u0dc0\u0dd3 \u0db4\u0dcf\u0dba\u0dcf\u0dc0\u0dd3 \u0db4\u0db8\u0dcf\u0dc0\u0dd3 //\n\r\n\u0dc6\u0dd1\u0db1\u0dca\u0d9a\u0dca \u0db8\u0dd2\u0da7\u0dd2 \u0d9c\u0dab\u0db1\u0dca \u0dba\u0dd4\u0dbb\u0ddd\u0db4\u0dda \u0d89\u0db3\u0db1\u0dca \r\n\u0dc4\u0db8\u0dca\u0db6 \u0d9a\u0dbb\u0db1 \u0db8\u0d9c\u0dd9 \u0d9a\u0dbb \u0db4\u0dd2\u0da7\u0dd2\u0db1\u0dca \r\n\u0dba\u0db1\u0dca\u0db1 \u0d91\u0db1\u0dc0 \u0db1\u0db8\u0dca \u0d87\u0dba\u0dd2\u0daf \u0db1\u0dd9\u0dad\u0dd4 \u0db4\u0dd2\u0dba\u0db1\u0dca //\r\n\u0db6\u0dbd\u0dcf \u0db1\u0ddc\u0dba\u0dd2\u0db1\u0dca \u0dad\u0dc0\u0dad\u0dca \u0d9a\u0dbd\u0dca \u0d85\u0dbb\u0db1\u0dca \n\r\n\u0d89\u0da9\u0ddd\u0dbb\u0dba\u0dda \u0db1\u0d9c\u0dbb \u0d9a\u0ddc\u0db1\u0dda....\n\r\n\u0dbb\u0dba\u0dd2\u0db1\u0dca \u0d9c\u0d9f \u0d9a\u0ddc\u0db1\u0dd2\u0db1\u0dca \u0db4\u0dd9\u0db8\u0dca \u0dc4\u0dc3\u0dd4\u0db1\u0dca \u0d85\u0dbb\u0db1\u0dca \r\n\u0dba\u0db1\u0dca\u0db1 \u0d91\u0db1\u0dca\u0db1 \u0db8\u0ddc\u0d9a\u0d9a\u0dca\u0daf\u0ddd \u0dc4\u0dd9\u0dba\u0dd2\u0db1\u0dca  \r\n\u0d9a\u0dd2\u0dba\u0db1 \u0db1\u0dd9\u0dad\u0dd4 \u0db4\u0dd2\u0dba\u0db1\u0dca \u0d85\u0dc4\u0db1\u0dc0\u0daf \u0d89\u0dad\u0dd2\u0db1\u0dca //\r\n\u0dc1\u0dca\u0dc0\u0dda\u0dad \u0dc0\u0dbb\u0dca\u0dab \u0d9a\u0dbb\u0dbd\u0dd2\u0dba\u0dda \u0d89\u0db3\u0db1\u0dca \n\r\n\u0d89\u0da9\u0ddd\u0dbb\u0dba\u0dda \u0db1\u0d9c\u0dbb \u0d9a\u0ddc\u0db1\u0dda.... "
    },
    {
        "uuid": "f1b8c5a2-8a21-11e9-b114-3863bb98c88b",
        "song": "Pulun Wage Sudu Rewula Digai ",
        "singer": "Gypsies ",
        "lyricUnicode": "\u0db4\u0dd4\u0dc5\u0dd4\u0db1\u0dca \u0dc0\u0d9c\u0dd9\u0dba\u0dd2 \u0dc3\u0dd4\u0daf\u0dd4 \u0dbb\u0dd0\u0dc0\u0dd4\u0dbd \u0daf\u0dd2\u0d9c\u0dba\u0dd2\r\n\u0dbd\u0dc3\u0dca\u0dc3\u0db1 \u0d87\u0db3\u0dd4\u0db8 \u0dc4\u0dd0\u0da9\u0dba\u0dd2 \u0d9a\u0daf\u0dd2\u0db8\u0dba\u0dd2\r\n\u0dbb\u0db6\u0db1\u0dca \u0d9c\u0dc3\u0dba\u0dd2 \u0d9c\u0dd9\u0da2\u0dca\u0da2\u0dd2\u0daf \u0dc3\u0ddc\u0dbd\u0dc0\u0dba\u0dd2\r\n\u0db8\u0dda \u0d91\u0db1\u0dca\u0db1\u0dda \u0db1\u0dad\u0dca\u0dad\u0dbd\u0dca \u0dc3\u0dd3\u0dba\u0dba\u0dd2\n\r\n\u0dad\u0dd2\u0d9b\u0dd9\u0db1 \u0d9a\u0dbb\u0dda \u0db8\u0dbd\u0dca\u0dbd \u0db4\u0dd4\u0dbb\u0dcf\r\n\u0dc3\u0dd9\u0dbd\u0dca\u0dbd\u0db8\u0dca \u0db6\u0da9\u0dd4\u0dba \u0db4\u0dd2\u0dbb\u0dd3\u0dbd\u0dcf //\n\r\n\u0db4\u0dd4\u0dc5\u0dd4\u0db1\u0dca \u0dc0\u0d9c\u0dd9\u0dba\u0dd2..... \n\r\n\u0db4\u0dd4\u0d82\u0da0\u0dd2 \u0db6\u0db6\u0dcf\u0dbd\u0da7 \u0db1\u0d82\u0d9c\u0dd3\u0da7 \u0db8\u0dbd\u0dca\u0dbd\u0dd3\u0da7\r\n\u0daf\u0dd9\u0db1\u0dca\u0db1 \u0dad\u0db8\u0dba\u0dd2 \u0d9c\u0dd9\u0db1 \u0d86\u0dc0\u0dda \u0db8\u0dcf //\r\n\u0db6\u0ddd\u0db1\u0dd2\u0d9a\u0dca\u0d9a\u0ddd \u0dbd\u0dc3\u0dca\u0dc3\u0db1\u0dba\u0dd2\r\n\u0dc0\u0db3\u0dd4\u0dbb\u0dcf \u0d9a\u0dbb\u0db1\u0db8\u0dca \u0d9c\u0dc3\u0dba\u0dd2\r\n\u0db1\u0dad\u0dca\u0dad\u0dbd \u0db4\u0dca\u200d\u0dbb\u0dd3\u0dad\u0dd2 \u0dc3\u0dbb\u0dd4\u0dba\u0dd2\n\r\n\u0db4\u0dd4\u0dc5\u0dd4\u0db1\u0dca \u0dc0\u0d9c\u0dd9\u0dba\u0dd2..... \n\r\n\u0db1\u0dad\u0dca\u0dad\u0dbd\u0dca \u0d9c\u0dc4\u0dda \u0db8\u0dcf \u0d91\u0dbd\u0dca\u0dbd\u0dcf \u0dad\u0dd2\u0dba\u0db1\u0dca\u0db1\u0db8\u0dca\r\n\u0dad\u0ddd\u0dbb\u0dcf\u0dbd\u0dcf \u0daf\u0dd9\u0db1\u0dca\u0db1\u0db8\u0dca \u0d95\u0db1 \u0daf\u0dda //\r\n\u0db8\u0da7 \u0d95\u0db1\u0dd1 \u0d9a\u0dcf\u0dbb\u0dca \u0d91\u0d9a\u0dba\u0dd2\r\n\u0db6\u0ddd\u0db1\u0dd2\u0d9a\u0dca\u0d9a\u0dcf \u0db8\u0da7 \u0dc4\u0ddc\u0db3\u0dba\u0dd2\r\n\u0dc3\u0dd9\u0dbd\u0dca\u0dbd\u0db8\u0dca \u0db6\u0da9\u0dd4 \u0dbd\u0dc3\u0dca\u0dc3\u0db1\u0dba\u0dd2\n\r\n\u0db4\u0dd4\u0dc5\u0dd4\u0db1\u0dca \u0dc0\u0d9c\u0dd9\u0dba\u0dd2..... \r\n\u0dad\u0dd2\u0d9b\u0dd9\u0db1 \u0d9a\u0dbb\u0dda..... \r\n\u0db4\u0dd4\u0dc5\u0dd4\u0db1\u0dca \u0dc0\u0d9c\u0dd9\u0dba\u0dd2..... "
    },
    {
        "uuid": "f535c2fa-8a21-11e9-903d-3863bb98c88b",
        "song": "Punchi Kurulu Kuduwe ",
        "singer": "Saman De Silva ",
        "lyricUnicode": "\u0db4\u0dd4\u0d82\u0da0\u0dd2 \u0d9a\u0dd4\u0dbb\u0dd4\u0dc5\u0dd4 \u0d9a\u0dd6\u0da9\u0dd4\u0dc0\u0dda \u0d8b\u0db1\u0dca \u0d89\u0db1\u0dca\u0db1\u0dc0\u0dcf \u0db4\u0dcf\u0da9\u0dd4\u0dc0\u0dda\r\n\u0d91\u0db4\u0dcf \u0db8\u0dd4\u0dbb\u0dd4\u0d9c\u0dd4 \u0dc0\u0dd2\u0dc3\u0dd2\u0d9a\u0dbb\u0db1\u0dca\u0db1 \u0db1\u0dd2\u0d9a\u0d82 \u0d89\u0db3\u0dd2\u0db1\u0dca \u0dba\u0dcf\u0dc5\u0dd4\u0dc0\u0dda // \n\r\n\u0d9c\u0dc3\u0dda \u0dc4\u0ddc\u0db3\u0db8 \u0dad\u0dd0\u0db1\u0d9a\u0dca \u0db6\u0dbd\u0dcf \u0d8b\u0db1\u0dca \u0d9a\u0dd6\u0da9\u0dd4\u0dc0 \u0dc4\u0dd0\u0daf\u0dd4\u0dc0\u0dda\r\n\u0daf\u0dbb\u0dd4 \u0db4\u0dd0\u0da7\u0dc0\u0dd4\u0db1\u0dca \u0dbb\u0dd0\u0d9a\u0d9c\u0db1\u0dca\u0db1\u0dba\u0dd2 \u0db8\u0dda \u0dbd\u0dd9\u0dc3 \u0daf\u0dd4\u0d9a\u0dca \u0dc0\u0dd2\u0db1\u0dca\u0daf\u0dda\r\n\u0d9a\u0dd2\u0da0\u0dd2 \u0db6\u0dd2\u0da0\u0dd2 \u0d9c\u0dcf \u0db4\u0dd4\u0d82\u0da0\u0dd2 \u0db4\u0dd0\u0da7\u0dc0\u0dca \u0d9c\u0dd3\u0dba\u0d9a\u0dca \u0dbb\u0dc3 \u0d9a\u0dd9\u0dbb\u0dd4\u0dc0\u0dda\r\n\u0db8\u0ddc\u0d9a\u0ddd \u0dba\u0dcf\u0dc5\u0dd4 \u0d85\u0db1\u0dda \u0d8b\u0db1\u0dca\u0da7 \u0d9c\u0dbd\u0dca \u0d9a\u0dd0\u0da7 \u0dc0\u0dd2\u0dc3\u0dd2 \u0d9a\u0dd9\u0dbb\u0dd4\u0dc0\u0dda\n\r\n\u0db4\u0dd4\u0d82\u0da0\u0dd2 \u0d9a\u0dd4\u0dbb\u0dd4\u0dc5\u0dd4 \u0d9a\u0dd6\u0da9\u0dd4\u0dc0\u0dda...\n\r\n\u0db1\u0dd4\u0db9\u0dda \u0d9c\u0dbd\u0d9a\u0dca \u0dc0\u0dd0\u0daf\u0dd4\u0db1 \u0dc3\u0dd0\u0dab\u0dd2\u0db1\u0dca \u0d9a\u0dd6\u0da9\u0dd4\u0dc0 \u0dba\u0dba\u0dd2 \u0d9a\u0dd0\u0da9\u0dd2\u0dbd\u0dcf\r\n\u0db4\u0dd4\u0d82\u0da0\u0dd2 \u0db4\u0dd0\u0da7\u0dc0\u0dca \u0db6\u0dd2\u0db8 \u0dc0\u0dd0\u0da7\u0dd4\u0dab\u0ddc\u0dad\u0dca \u0d85\u0dad\u0dca\u0dad\u0da7\u0dd4 \u0dba\u0dba\u0dd2 \u0db6\u0dd2\u0db3\u0dd2\u0dbd\u0dcf\r\n\u0db8\u0dd0\u0dbb\u0dd3 \u0d9c\u0dd2\u0dba\u0ddc\u0dad\u0dca \u0db4\u0dd0\u0da7\u0dc0\u0dd4\u0db1\u0dca \u0da7\u0dd2\u0d9a \u0d9a\u0dd4\u0dbb\u0dd4\u0dc5\u0dd4 \u0db8\u0dc0\u0dd4\u0db1\u0dca \u0daf\u0dd0\u0d9a\u0dbd\u0dcf\r\n\u0d87\u0d9c\u0dda \u0db4\u0db4\u0dd4\u0dc0 \u0db4\u0dd0\u0dbd\u0dd3 \u0dc4\u0dd0\u0dbd\u0dd9\u0dba\u0dd2 \u0dbd\u0dda \u0d9c\u0d82\u0d9c\u0dcf \u0d9c\u0dbd\u0dbd\u0dcf\n\r\n\u0db4\u0dd4\u0d82\u0da0\u0dd2 \u0d9a\u0dd4\u0dbb\u0dd4\u0dc5\u0dd4 \u0d9a\u0dd6\u0da9\u0dd4\u0dc0\u0dda..."
    },
    {
        "uuid": "f952e89e-8a21-11e9-8f0e-3863bb98c88b",
        "song": "Purane Obata Pidu Ale ",
        "singer": "Gration Jayamaha ",
        "lyricUnicode": "\u0db4\u0dd4\u0dbb\u0dcf\u0dab\u0dda \u0d94\u0db6\u0da7 \u0db4\u0dd2\u0daf\u0dd4 \u0d86\u0dbd\u0dda \r\n\u0d87\u0dba\u0da7 \u0db8\u0db8 \u0db4\u0dd2\u0daf\u0dd4\u0dc0\u0dcf \r\n\u0dc3\u0dd2\u0dad\u0dcf\u0dbb\u0dda \u0dc0\u0dba\u0db1 \u0dad\u0dad \u0dc0\u0dcf\u0d9c\u0dda\r\n\u0dc3\u0dd2\u0dad \u0dc3\u0dd9\u0db8\u0dd2\u0db1\u0dca \u0dc4\u0dd0\u0dac\u0dd4\u0dc0\u0dcf //\n\r\n\u0d94\u0dc4\u0dd4 \u0db4\u0dad\u0dcf \u0dc3\u0dd2\u0dad \u0dc3\u0dd2\u0dad\u0dcf \u0d94\u0db6 \r\n\u0db4\u0dd9\u0dbb \u0daf\u0dd2\u0db1\u0dda \u0dc4\u0dd0\u0dac\u0dd4\u0dc0\u0dcf \r\n\u0d94\u0db6 \u0d9a\u0dad\u0dcf \u0db1\u0dd0\u0dad\u0dd2 \u0db1\u0dd2\u0dc3\u0dcf \u0db8\u0db8 \r\n\u0db1\u0dd2\u0dc4\u0dac \u0dc0\u0dd3 \u0dc3\u0dd2\u0da7\u0dd2\u0dba\u0dcf \r\n\u0d92 \u0daf\u0dd2\u0db1\u0dda \u0db4\u0dc0\u0dcf \u0db1\u0dd2\u0dc4\u0dac \u0dc0\u0dd3 \u0dc3\u0dd2\u0da7\u0dd2\u0dba\u0dcf\n\r\n\u0db4\u0dd4\u0dbb\u0dcf\u0dab\u0dda \u0d94\u0db6\u0da7 \u0db4\u0dd2\u0daf\u0dd4 \u0d86\u0dbd\u0dda...\n\r\n\u0d85\u0daf \u0db8\u0dd9\u0db8\u0dcf \u0d87\u0dba \u0dad\u0dd4\u0dbb\u0dd4\u0dbd\u0dca\u0dbd\u0dda \r\n\u0dc3\u0dd0\u0db1\u0dc3\u0dd9\u0db8\u0dd2 \u0db8\u0dd9\u0dbd\u0dd9\u0dc3\u0dda \r\n\u0db4\u0dd9\u0dbb \u0daf\u0dd2\u0db1\u0dda \u0db8\u0d9c\u0dd9 \u0daf\u0dd4\u0d9a \u0db8\u0dad\u0d9a\u0dca \u0dc0\u0dd3 \r\n\u0dc3\u0dd2\u0dad \u0dc4\u0dac\u0dba\u0dd2 \u0dbb\u0dc4\u0dc3\u0dda\r\n\u0db8\u0da7\u0db8 \u0d85\u0db1\u0dd4\u0d9a\u0db8\u0dca\u0db4\u0dcf \u0dc0\u0dd3 \u0dc3\u0dd2\u0dad \u0dc4\u0dac\u0dba\u0dd2 \u0dbb\u0dc4\u0dc3\u0dda\n\r\n\u0db4\u0dd4\u0dbb\u0dcf\u0dab\u0dda \u0d94\u0db6\u0da7 \u0db4\u0dd2\u0daf\u0dd4 \u0d86\u0dbd\u0dda... //\n"
    }
]