[
    {
        "uuid": "ff22de6e-8a21-11e9-8693-3863bb98c88b",
        "song": "Ra Pura Nuwan Ara Galu Kandulu Hinahuna ",
        "singer": "Sangeeth Wijesuriya ",
        "lyricUnicode": "\u0dbb\u0dd1 \u0db4\u0dd4\u0dbb\u0dcf \u0db1\u0dd4\u0dc0\u0db1\u0dca \u0d85\u0dbb\u0dcf \u0d9c\u0dd0\u0dbd\u0dd6 \u0d9a\u0daf\u0dd4\u0dc5\u0dd4 \u0dc4\u0dd2\u0db1\u0dc4\u0dd4\u0db1\u0dcf\r\n\u0dad\u0dbb\u0dd4 \u0db1\u0dd4\u0dbb\u0dcf \u0d8b\u0daf\u0db8\u0dca \u0dc0\u0dd9\u0dbd\u0dcf \u0db8\u0dd4\u0dc5\u0dd4 \u0dbb\u0dd0\u0dba\u0d9a\u0dca \u0db4\u0dc4\u0db1\u0dca \u0d9a\u0dbd\u0dcf\n\r\n\u0db8\u0dda \u0dbb\u0dd1 \u0db4\u0dd4\u0dbb\u0dcf \u0db1\u0dd4\u0dc0\u0db1\u0dca \u0d85\u0dbb\u0dcf \u0d9c\u0dd0\u0dbd\u0dd6 \u0d9a\u0daf\u0dd4\u0dc5\u0dd4 \u0dc4\u0dd2\u0db1\u0dc4\u0dd4\u0db1\u0dcf\r\n\u0dad\u0dbb\u0dd4 \u0db1\u0dd4\u0dbb\u0dcf \u0d8b\u0daf\u0db8\u0dca \u0dc0\u0dd9\u0dbd\u0dcf \u0db8\u0dd4\u0dc5\u0dd4 \u0dbb\u0dd0\u0dba\u0d9a\u0dca \u0db4\u0dc4\u0db1\u0dca \u0d9a\u0dbd\u0dcf\r\n\u0db8\u0dbd\u0dd2\u0db1\u0dca \u0db4\u0dd2\u0dbb\u0dd2 \u0dc0\u0dc3\u0dca\u0db1\u0dca\u0dad\u0dba\u0dda \u0d8b\u0dba\u0db1\u0dca \u0d9a\u0ddc\u0db1\u0dda \u0db4\u0dd9\u0db8\u0dd2\u0db1\u0dca \u0dc0\u0dd9\u0dbd\u0dd2\r\n\u0dad\u0dd4\u0da9\u0dd2\u0db1\u0dca \u0dad\u0dd4\u0da9\u0dda \u0db8\u0dd4\u0dc0\u0dd2\u0db1\u0dca \u0db8\u0dd4\u0dc0\u0dda \u0dc4\u0dd0\u0d9c\u0dd4\u0db8\u0dca \u0db6\u0daf\u0dd4\u0db1\u0dca \u0dad\u0dd9\u0dad\u0dca \u0d9a\u0dbd\u0dda\n\r\n\u0dbb\u0dd1 \u0db4\u0dd4\u0dbb\u0dcf \u0db1\u0dd4\u0dc0\u0db1\u0dca \u0d85\u0dbb\u0dcf....\n\r\n\u0dc4\u0daf \u0dc0\u0dd2\u0dbd \u0db4\u0dd2\u0db4\u0dd2 \u0db8\u0dbd\u0dca \u0dc3\u0dd2\u0db6\u0dd2\u0db8\u0dd2\u0db1\u0dca \u0daf\u0d9f \u0d9a\u0dbd \u0d88 \u0db4\u0dd1 \u0dc3\u0dd2\u0db1\u0dcf\r\n\u0db8\u0dd2\u0dc4\u0dd2\u0dbb\u0d9a\u0dd2 \u0dc3\u0dd4\u0dc0\u0dba\u0d9a\u0dd2 \u0d89\u0db3\u0dd4\u0dbb\u0db1\u0dca \u0db8\u0db1\u0daf\u0ddc\u0dbd \u0db8\u0dcf \u0db8\u0dad\u0dca \u0d9a\u0dbd\u0dcf\r\n\u0d86\u0dbd\u0dda \u0dba\u0dc4\u0db1 \u0db4\u0dd4\u0dbb\u0dcf \u0d88 \u0d9a\u0dd1\u0db1\u0dca\u0daf\u0dcf\u0dbd\u0dcf \r\n\u0dc3\u0dd2\u0dc4\u0dd2\u0db1 \u0d9c\u0dd9\u0d9f\u0dca \u0db8\u0dcf \u0db1\u0dc4\u0dc0\u0dcf\u0dbd\u0dcf \u0d87\u0dba \u0daf\u0ddd \u0dc3\u0dd2\u0db1\u0dda\n\r\n\u0dbb\u0dd1 \u0db4\u0dd4\u0dbb\u0dcf \u0db1\u0dd4\u0dc0\u0db1\u0dca \u0d85\u0dbb\u0dcf....\n\r\n\u0d85\u0dc3\u0db8\u0dd2\u0db1\u0dca \u0dc0\u0dd2\u0daf\u0dd2 \u0daf\u0dd4\u0d9a\u0dca \u0db4\u0dca\u200d\u0dbb\u0dda\u0db8\u0dda \u0dc3\u0dd4\u0dc0 \u0daf\u0dd4\u0d9a\u0dca \u0d85\u0dc1\u0dcf \u0d87\u0dad\u0dd2 \u0d9a\u0dbd\u0dcf\r\n\u0d9c\u0dba\u0db8\u0dd2\u0db1\u0dca \u0dbb\u0d9c\u0db8\u0dd2\u0db1\u0dca \u0d85\u0dbb\u0db6\u0dcf \u0d86\u0dbd\u0dba \u0db4\u0dd1\u0dc0\u0dcf \u0dbb\u0dd1 \u0db4\u0dd4\u0dbb\u0dcf\r\n\u0db8\u0db1\u0dca\u0daf\u0dcf \u0d9a\u0dd4\u0db1\u0dca\u0da9 \u0dc3\u0db8\u0db1\u0dca \u0db4\u0dd9\u0dad\u0dd2 \u0d85\u0dad\u0dd4\u0dbb\u0dbd\u0dcf \r\n\u0d88 \u0dbd\u0dba \u0db8\u0da9\u0dbd\u0dda \u0dc3\u0dad\u0db4\u0dcf\u0dbd\u0dcf \u0d87\u0dba \u0daf\u0ddd \u0dc3\u0dd2\u0db1\u0dda\n\r\n\u0dbb\u0dd1 \u0db4\u0dd4\u0dbb\u0dcf \u0db1\u0dd4\u0dc0\u0db1\u0dca \u0d85\u0dbb\u0dcf...."
    },
    {
        "uuid": "ffc6d15c-8a21-11e9-aa5f-3863bb98c88b",
        "song": "Ra Sihine ",
        "singer": "Ajith Muthukumarana ",
        "lyricUnicode": "\u0dbb\u0dd1 \u0dc3\u0dd2\u0dc4\u0dd2\u0db1\u0dba\u0d9a\u0dca\u0daf\u0ddd \u0d94\u0db6\u0dda \u0d86\u0daf\u0dbb\u0dda\r\n\u0db8\u0dcf\u0dbd\u0dad\u0dd3 \u0dc0\u0dc3\u0db1\u0dca\u0dad\u0dda \u0db8\u0d9c\u0dda \u0da2\u0dd3\u0dc0\u0dd2\u0dad\u0dda\r\n\u0db4\u0dcf\u0da7 \u0db4\u0dcf\u0da7 \u0dc4\u0dd3\u0db1 \u0dbd\u0ddd\u0d9a\u0dd9 \u0dc3\u0dd0\u0db6\u0dd1 \u0d86\u0daf\u0dbb\u0dda\r\n\u0daf\u0dd4\u0db1\u0dca\u0db1\u0dcf \u0dbb\u0dad\u0dca\u0dad\u0dbb\u0db1\u0dca \u0d94\u0dba\u0dcf \u0db8\u0da7 \u0d86\u0daf\u0dbb\u0dda\r\n\u0dc0\u0dda\u0daf\u0db1\u0dcf \u0daf\u0dd9\u0db1\u0dca\u0db1\u0dda \u0db1\u0dd1\r\n\u0d94\u0dba \u0d87\u0dc3\u0dca \u0daf\u0dd9\u0d9a \u0dc4\u0dac\u0dc0\u0dbd\u0dcf \u0d89\u0dad\u0dd2\u0db1\u0dca\r\n\u0daf\u0dd2\u0dc0\u0dd2\u0dad\u0dd4\u0dbb\u0dcf \u0d86\u0daf\u0dbb\u0dd9\u0db1\u0dca \u0db8\u0d9c\u0dd9 \u0db4\u0db1 \u0d94\u0db6\r\n\u0d85\u0db4\u0dd2 \u0d85\u0db4\u0dda \u0dc0\u0dd9\u0dbd\u0dcf\n\r\n\u0dad\u0db1\u0dd2\u0dba\u0dd9\u0db1\u0dca\u0db8 \u0db8\u0dcf \u0dc0\u0dd2\u0db1\u0dca\u0daf\u0dda \u0d91\u0daf\u0dcf\r\n\u0daf\u0dd4\u0d9a \u0db4\u0db8\u0dab\u0dd2 \u0db8\u0d9c\u0dda \u0da2\u0dd3\u0dc0\u0dd2\u0dad\u0dda\r\n\u0db8\u0dd0\u0dbb\u0dd9\u0db1\u0dcf \u0dad\u0dd4\u0dbb\u0dcf \u0daf\u0dd4\u0d9a \u0db1\u0dd1 \u0dc3\u0daf\u0dcf\r\n\u0d94\u0db6 \u0d89\u0db1\u0dca\u0db1 \u0db8\u0d9c\u0dda \u0dbd\u0ddd\u0d9a\u0dba\u0dda\r\n\u0db8\u0dc4\u0daf\u0dda \u0dc3\u0dd9\u0db1\u0dd9\u0dc4\u0dda \r\n\u0db8\u0d9c\u0dd9 \u0dc5\u0d9f\u0dd2\u0db1\u0dca \u0d89\u0db1\u0dca\u0db1 \u0dbb\u0dad\u0dca\u0dad\u0dbb\u0db1\u0dca \u0d94\u0dba\u0dcf\r\n\u0dad\u0dbb\u0dd4 \u0db1\u0dd1 \u0d85\u0dc4\u0dc3\u0dda \u0dad\u0dcf\u0dbb\u0d9a\u0dcf\u0dc0 \u0db8\u0d9c\u0dd9 \u0dc5\u0d9f\u0dba\u0dd2 \u0dc3\u0dd9\u0db1\u0dda\n\r\n\u0dc3\u0db3\u0dbb\u0dcf\u0da2\u0dd2\u0dab\u0dd3 \u0db8\u0db1 \u0db8\u0ddd\u0dc4\u0dd2\u0db1\u0dd3 \r\n\u0dc3\u0dd3\u0daf\u0dda\u0dc0\u0dd3 \u0dc3\u0dd4\u0daf\u0dd4 \u0dc4\u0db1\u0dca\u0dc3\u0dd2\u0dba\u0dda\r\n\u0dbb\u0dc4\u0dc3\u0dda \u0d94\u0dba\u0dcf \u0db8\u0d9c\u0dd9 \u0dbd\u0ddd\u0d9a\u0dba\u0dda\r\n\u0db1\u0dd0\u0dc0\u0dad\u0dd3\u0dbd\u0dcf \u0db4\u0dd0\u0dad\u0dd4\u0dc0\u0dcf \u0dc3\u0dd9\u0db1\u0dda\r\n\u0dbd\u0ddd\u0d9a\u0dda \u0dc3\u0dad\u0dd4\u0dbb\u0ddd \u0d85\u0db4\u0dd2\u0dc0 \u0dad\u0dc0\u0dad\u0dca \u0dad\u0dc0\u0dad\u0dca \u0dc5\u0db1\u0dca \u0d9a\u0dbd\u0dcf\r\n\u0db8\u0dad\u0dca \u0dc0\u0dd3 \u0dc3\u0dd9\u0db1\u0dd9\u0dc4\u0dd9\u0db1\u0dca \u0d94\u0db6\u0dba\u0dd2 \u0db8\u0db8\u0dba\u0dd2 \u0d85\u0dad\u0dbb\u0db8\u0db1\u0dca \u0dc0\u0dd9\u0dbd\u0dcf"
    },
    {
        "uuid": "03e0be46-8a22-11e9-83aa-3863bb98c88b",
        "song": "Raa Tharakawo Beluwa Ebii ",
        "singer": "Clarance Wijewardana ",
        "lyricUnicode": "\u0dbb\u0dd1 \u0dad\u0dcf\u0dbb\u0d9a\u0dcf\u0dc0\u0ddd \u0db6\u0dd0\u0dbd\u0dd4\u0dc0\u0dcf \u0d91\u0db6\u0dd3\r\n\u0d9a\u0dd2\u0db8\u0daf\u0ddd \u0db1\u0dd4\u0dc0\u0db1\u0dca \u0d94\u0db6\u0d9c\u0dda \u0d9a\u0db3\u0dd4\u0dbd\u0dd2\u0db1\u0dca \u0db4\u0dd9\u0d9f\u0dd3\r\n\u0d8a\u0dba\u0dda \u0daf\u0dc0\u0dcf\u0dbd\u0dda \u0d85\u0db4\u0d9c\u0dda \u0dbd\u0ddc\u0dc0\u0dda\r\n\u0d86\u0dc1\u0dcf \u0d9c\u0d9f\u0dd4\u0dbd\u0dca \u0dba\u0dcf\u0dc0\u0dd4\u0dab\u0dcf\n\r\n\u0d9a\u0db3\u0dd4\u0dc5\u0dd0\u0dbd\u0dca \u0dc3\u0dbd\u0dcf\u0dbd\u0dcf \u0db1\u0ddc\u0dc4\u0dac\u0db1\u0dca \u0dc5\u0db3\u0dda\r\n\u0db8\u0db8\u0db8\u0dba\u0dd2 \u0d9a\u0dd9\u0daf\u0dcf \u0dc4\u0ddd \u0d94\u0dba \u0daf\u0dd1\u0dad \u0d9c\u0db1\u0dca\u0db1\u0dda\r\n\u0d86\u0dc1\u0dcf \u0dc0\u0dd2\u0dc1\u0dcf\u0dbd\u0dba\u0dd2 \u0d89\u0dc0\u0dc3\u0dd3\u0db8 \u0dc4\u0dd3\u0db1\u0dba\u0dd2\r\n\u0daf\u0dd9\u0daf\u0dd9\u0db1\u0dcf \u0d9a\u0dd9\u0db1\u0dd9\u0d9a\u0dca \u0dc0\u0dd3 \u0db6\u0dd0\u0db3\u0dd4\u0dab\u0dcf \u0dc3\u0dd2\u0dad\u0dda\n\r\n\u0dbb\u0dd1 \u0dad\u0dcf\u0dbb\u0d9a\u0dcf\u0dc0\u0ddd \u0db6\u0dd0\u0dbd\u0dd4\u0dc0\u0dcf \u0d91\u0db6\u0dd3...\n\r\n\u0dc4\u0db3\u0dd4\u0dab\u0db1\u0dca\u0db1\u0dd9 \u0daf\u0ddd \u0d94\u0db6 \u0db8\u0dcf\u0d9c\u0dda \u0dc3\u0dd9\u0db1\u0dda\r\n\u0d89\u0dc0\u0dc3\u0db1\u0dca\u0db1\u0dd9 \u0daf\u0ddd \u0d94\u0db6 \u0d8a\u0dba\u0dda \u0dc0\u0d9c\u0dda\r\n\u0dc4\u0daf\u0dc0\u0dad \u0d9a\u0ddc\u0db1\u0dda \u0db8\u0dcf \u0d9a\u0db3\u0dd4\u0dbd\u0d9a\u0dca \u0dad\u0dd2\u0dba\u0dd9\u0db1\u0dc0\u0dcf\r\n\u0d9a\u0dd2\u0dc3\u0dd2\u0daf\u0dcf\u0d9a \u0db1\u0ddc\u0dc3\u0dd2\u0dad\u0dd6 \u0db1\u0ddc\u0db4\u0dd0\u0dad\u0dd6 \u0dbd\u0dd9\u0dc3\u0dda\n\r\n\u0dbb\u0dd1 \u0dad\u0dcf\u0dbb\u0d9a\u0dcf\u0dc0\u0ddd \u0db6\u0dd0\u0dbd\u0dd4\u0dc0\u0dcf \u0d91\u0db6\u0dd3..."
    },
    {
        "uuid": "0664303a-8a22-11e9-96ee-3863bb98c88b",
        "song": "Raja Malige Paraviya Wage ",
        "singer": "Red ",
        "lyricUnicode": "\u0dbb\u0dcf\u0da2 \u0db8\u0dcf\u0dc5\u0dd2\u0d9f\u0dda \u0db4\u0dbb\u0dc0\u0dd2\u0dba\u0dcf \u0dc0\u0d9c\u0dda\r\n\u0da2\u0dd3\u0dc0\u0dd2\u0dad\u0dda \u0db8\u0d9c\u0dda \u0db8\u0db8 \u0d9c\u0dd9\u0dc0\u0db1\u0dc0\u0dcf \u0d94\u0dc4\u0dda\r\n\u0d89\u0db4\u0daf\u0dd4\u0db1\u0dcf\u0da7 \u0db4\u0dc3\u0dca\u0dc3\u0dda \u0dad\u0dcf\u0db8 \u0db8\u0d82 \u0dc4\u0dac\u0dcf\u0dbd\u0dcf \u0db1\u0dd1\r\n\u0d87\u0dac\u0dd4\u0dc0\u0dad\u0dca \u0db8\u0da7 \u0d9a\u0dd2\u0dc3\u0dd2\u0db8 \u0daf\u0dd2\u0db1\u0d9a \u0d9a\u0db3\u0dd4\u0dc5\u0dd4 \u0d91\u0db1\u0dca\u0db1\u0dd9 \u0db1\u0dd1 //\n\r\n\u0db8\u0db8 \u0d86\u0daf\u0dbb\u0dda\u0da7 \u0d87\u0dad\u0dd2 \u0d9a\u0dbb\u0db1\u0dca\u0db1\u0dda \u0d89\u0db6\u0dca\u0db6\u0ddc\u0dba\u0dd2 \u0d9c\u0dd9\u0db8\u0dca\u0db6\u0ddc\u0dba\u0dd2\r\n\u0d8b\u0db1\u0dca \u0db1\u0ddc\u0daf\u0dd0\u0d9a \u0db1\u0ddc\u0db6\u0dbd \u0d91\u0d9a \u0db8\u0ddc\u0dc4\u0ddc\u0dad\u0d9a\u0dca \u0d89\u0db1\u0dca\u0db1 \u0db6\u0dd1 \u0d85\u0db4\u0ddc\u0dba\u0dd2\r\n\u0db8\u0dda \u0dc3\u0dd4\u0dbb\u0dad\u0dbd\u0dca \u0dc3\u0dad\u0dca\u0dad\u0dd4 \u0db8\u0dcf\u0d9c\u0dda - \u0db8\u0da7 \u0dbb\u0db1\u0dca\u0db8\u0dd4\u0dad\u0dd4 \u0db8\u0dd0\u0dab\u0dd2\u0d9a\u0dca \u0dc0\u0dcf\u0d9c\u0dda \r\n\u0d8b\u0db1\u0dca\u0d9c\u0dd9 \u0db6\u0dbb\u0da7 \u0dbb\u0db1\u0dca \u0daf\u0dd4\u0db1\u0dca\u0db1\u0dad\u0dca - \u0db8\u0db8 \u0dc0\u0dd2\u0d9a\u0dd4\u0dab\u0db1\u0dca \u0db1\u0dd1 //\n\r\n\u0dbb\u0dcf\u0da2 \u0db8\u0dcf\u0dc5\u0dd2\u0d9f\u0dda \u0db4\u0dbb\u0dc0\u0dd2\u0dba\u0dcf \u0dc0\u0d9c\u0dda....\n\r\n\u0db8\u0db8 \u0dba\u0db1\u0dca\u0db1 \u0dad\u0db8\u0dba\u0dd2 \u0dc4\u0dd2\u0dad\u0db1\u0dca \u0d89\u0db1\u0dca\u0db1\u0dda \u0dbd\u0ddd\u0d9a\u0dba\u0dda \u0dc0\u0da7\u0dda\r\n\u0db8\u0db8 \u0d9c\u0dd2\u0dba\u0ddc\u0dad\u0dca \u0dba\u0db1\u0dca\u0db1\u0dda \u0d9a\u0dc0\u0daf\u0dcf \u0dc4\u0dbb\u0dd2 \u0db6\u0dd6\u0dbb\u0dd4\u0dc0\u0dd9\u0d9a\u0dd4 \u0db4\u0dd2\u0da7\u0dda\r\n\u0d89\u0dad\u0dd2\u0dc4\u0dcf\u0dc3\u0dd9\u0da7 \u0db1\u0db8 \u0dad\u0dd2\u0dba\u0dcf\u0dbd\u0dcf \u0dbd\u0d82\u0d9a\u0dcf\u0dc0\u0da7 \u0d9a\u0ddc\u0da9\u0dd2 \u0daf\u0db8\u0dcf\u0dbd\u0dcf \r\n\u0d91\u0dc4\u0dd9\u0db8 \u0db8\u0dd2\u0dc3\u0d9a\u0dca \u0d9a\u0dc0\u0daf\u0dcf\u0dc0\u0dad\u0dca \u0db8\u0db8 \u0db8\u0dd0\u0dbb\u0dd9\u0db1\u0dca\u0db1\u0dd9 \u0db1\u0dd1\n\r\n\u0dbb\u0dcf\u0da2 \u0db8\u0dcf\u0dc5\u0dd2\u0d9f\u0dda \u0db4\u0dbb\u0dc0\u0dd2\u0dba\u0dcf \u0dc0\u0d9c\u0dda....."
    },
    {
        "uuid": "06db3906-8a22-11e9-8dcb-3863bb98c88b",
        "song": "Rajamaduraka Ipadi Hitiyanam ",
        "singer": "Malani Bulathsinghala ",
        "lyricUnicode": "\u0dbb\u0da2 \u0db8\u0dd0\u0daf\u0dd4\u0dbb\u0d9a \u0d89\u0db4\u0daf\u0dd3 \u0dc4\u0dd2\u0da7\u0dd2\u0dba\u0dcf \u0db1\u0db8\u0dca \u0db1\u0dd4\u0db9\u0dad\u0dca \u0dbb\u0da2\u0dd9\u0d9a\u0dd2 \u0db4\u0dd4\u0dad\u0dd4\u0db1\u0dda\r\n\u0dc4\u0dd2\u0dbb\u0dd2\u0d9a\u0da9 \u0db6\u0dcf\u0d9c\u0dd9\u0db1 \u0db4\u0ddc\u0dbd\u0dca \u0d85\u0dad\u0dd4 \u0d89\u0d9c\u0dd2\u0dbd\u0dd9\u0dba\u0dd2 \u0d85\u0daf \u0db1\u0dd4\u0db9\u0dd9 \u0dc3\u0dd2\u0dbb\u0dd2 \u0dba\u0dc4\u0db1\u0dda\r\n\u0dc4\u0dd3\u0db1\u0dd9\u0db1\u0dca \u0dc4\u0dd2\u0db1\u0dcf \u0db1\u0ddc\u0dc0\u0dd3 \u0db8\u0dcf \u0dc4\u0dac\u0dc0\u0dcf\u0db4\u0db1\u0dca \u0db8\u0dda \u0dbb\u0dd1 \u0dba\u0dcf\u0db8\u0dda\n\r\n\u0db4\u0dd4\u0d82\u0da0\u0dd2 \u0db4\u0dd0\u0da7\u0dd2\u0d9a\u0dca\u0d9a\u0db1\u0dca \u0db8\u0d9c \u0daf\u0dd2\u0d9c \u0dc4\u0dac\u0dc0\u0db1 \u0dc3\u0dd2\u0dbd\u0dca\u0dbd\u0dbb \u0dbb\u0dc3 \u0d9a\u0dd0\u0dc0\u0dd2\u0dbd\u0dd2\r\n\u0daf\u0dd4\u0dc0\u0dba\u0db1 \u0d89\u0d9c\u0dd2\u0dbd\u0dd9\u0db1 \u0dc0\u0dd2\u0dc3\u0dd2\u0dad\u0dd4\u0dbb\u0dd4 \u0dc3\u0dd9\u0dbd\u0dca\u0dbd\u0db8\u0dca \u0dba\u0dcf\u0db1\u0dcf \u0db4\u0dd9\u0db1\u0dd3 \u0db4\u0dd9\u0db1\u0dd3\r\n\u0d85\u0dc4\u0d9a \u0db6\u0dbd\u0dcf\u0d9c\u0dd9\u0db1 \u0db8\u0d9c \u0daf\u0dd2\u0d9c \u0dba\u0db1 \u0dc0\u0dd2\u0da7 \u0db1\u0dd1 \u0db8\u0da7 \u0dc0\u0dcf\u0dc0\u0db1\u0dca\u0db1\u0dda\r\n\u0dc4\u0dd3\u0db1\u0dd9\u0db1\u0dca \u0dc4\u0dd2\u0db1\u0dcf \u0db1\u0ddc\u0dc0\u0dd3 \u0db8\u0dcf \u0dc4\u0dac\u0dc0\u0dcf\u0db4\u0db1\u0dca \u0db8\u0dda \u0dbb\u0dd1 \u0dba\u0dcf\u0db8\u0dda\n\r\n\u0dbb\u0da2 \u0db8\u0dd0\u0daf\u0dd4\u0dbb\u0d9a......\n\r\n\u0d89\u0daf\u0dc4\u0dd2\u0da7 \u0db8\u0ddc\u0dc5\u0dc0\u0db1 \u0dbd\u0dd2\u0db4\u0dad\u0dca \u0daf\u0db1\u0dd3 \u0db4\u0dd4\u0dad \u0d9a\u0dd0\u0daf \u0dbb\u0dc3 \u0dc3\u0dd4\u0dab\u0dd4 \u0dc3\u0dc4\u0dbd\u0dda\r\n\u0daf\u0dd2\u0dc0 \u0db6\u0ddc\u0da2\u0dd4\u0db1\u0d9a\u0dca \u0dc3\u0dda \u0daf\u0dd2\u0dc0\u0d9c\u0dcf \u0d87\u0dbd\u0dca\u0db8\u0dd9\u0db1\u0dca \u0d85\u0d9a\u0dd4\u0dbb\u0da7 \u0daf\u0dd2\u0dc0 \u0dba\u0db1\u0dca\u0db1\u0dda\r\n\u0d87\u0daf\u0dbd\u0dcf \u0d9a\u0dbd\u0dca\u0d9c\u0dd2\u0dba \u0dbb\u0dd9\u0daf\u0dd2 \u0dc0\u0dd0\u0dbb\u0dc5\u0dd3 \u0db1\u0dd1 \u0db8\u0da7 \u0dc0\u0dcf\u0dc0\u0db1\u0dca\u0db1\u0dda\r\n\u0dc4\u0dd3\u0db1\u0dd9\u0db1\u0dca \u0dc4\u0dd2\u0db1\u0dcf \u0db1\u0ddc\u0dc0\u0dd3 \u0db8\u0dcf \u0dc4\u0dac\u0dc0\u0dcf\u0db4\u0db1\u0dca \u0db8\u0dda \u0dbb\u0dd1 \u0dba\u0dcf\u0db8\u0dda\n\r\n\u0dbb\u0da2 \u0db8\u0dd0\u0daf\u0dd4\u0dbb\u0d9a......"
    },
    {
        "uuid": "08526cfe-8a22-11e9-9d3f-3863bb98c88b",
        "song": "Rali Awith Waw Diyata Wawe Sangawi Giya ",
        "singer": "Mekala Gamage ",
        "lyricUnicode": "\u0dbb\u0dd0\u0dbd\u0dd2 \u0d87\u0dc0\u0dd2\u0dad\u0dca \u0dc0\u0dd0\u0dc0\u0dca \u0daf\u0dd2\u0dba\u0da7 \u0dc0\u0dd0\u0dc0\u0dda \u0dc3\u0dd0\u0d9c\u0dc0\u0dd3 \u0d9c\u0dd2\u0dba\u0dcf \r\n\u0dc3\u0db3 \u0d87\u0dc0\u0dd2\u0dad\u0dca \u0d9c\u0d9f \u0daf\u0dd2\u0dba\u0da7 \u0d9c\u0dd9\u0d9f\u0dca \u0daf\u0dd2\u0dba \u0dc0\u0dd3 \u0d9c\u0dd2\u0dba\u0dcf \r\n\u0db8\u0dbd \u0d87\u0dc0\u0dd2\u0dad\u0dca \u0db1\u0da7\u0dd4 \u0d85\u0d9c\u0da7 \u0dc0\u0dd0\u0dbd\u0dd9\u0db1\u0dca \u0d9c\u0dd2\u0dbd\u0dd2\u0dc4\u0dd3 \u0d9c\u0dd2\u0dba\u0dcf \r\n\u0db1\u0dd4\u0db9 \u0d87\u0dc0\u0dd2\u0dad\u0dca \u0db8\u0d9c\u0dd9 \u0d9a\u0dd4\u0dc3\u0da7 \u0db8\u0da7\u0dad\u0dca \u0db1\u0ddc\u0d9a\u0dd2\u0dba\u0dcf \u0d9c\u0dd2\u0dba\u0dcf \n\r\n\u0db8\u0d9c\u0dda \u0d85\u0dad \u0daf\u0dc0\u0dc3\u0d9a\u0da7 \u0d9a\u0dbd \u0dc0\u0dd0\u0da9\u0dad\u0dca \u0daf\u0dd0\u0da9\u0dd2 \u0d8b\u0db1\u0dcf \r\n\u0db8\u0d9c\u0dd9 \u0db4\u0dba \u0daf\u0dc0\u0dc3\u0d9a\u0da7 \u0d9c\u0dd2\u0dba \u0daf\u0dd4\u0dbb\u0dad\u0dca \u0dc0\u0dd0\u0da9\u0dd2 \u0d8b\u0db1\u0dcf \r\n\u0db8\u0d9c\u0dda \u0dc4\u0dd2\u0dad \u0db1\u0dd4\u0db9 \u0d9c\u0dd0\u0db1\u0db8 \u0d9a\u0dbd \u0d9a\u0dad\u0dcf \u0dc0\u0dd0\u0da9\u0dd2 \u0d8b\u0db1\u0dcf \r\n\u0db4\u0dd9\u0dbb\u0dbd\u0dd9\u0db1\u0dca\u0db1 \u0db8\u0d9c\u0dd9 \u0d9a\u0dd4\u0dc3\u0dda \u0db1\u0dd4\u0db9\u0da7 \u0d89\u0da9 \u0db8\u0daf\u0dd2 \u0d8b\u0db1\u0dcf \n\r\n\u0db8\u0dc4 \u0dbb\u0dd0\u0dba\u0da7 \u0dad\u0dbb\u0dd4 \u0d87\u0dc0\u0dd2\u0dad\u0dca \u0db8\u0dcf \u0d91\u0d9a\u0dca\u0d9a \u0dc4~\u0db1\u0dc0\u0dcf \r\n\u0db8\u0d9c\u0dda \u0dc4\u0dd2\u0dc3 \u0d85\u0dad \u0d9c\u0d9c\u0dcf \u0db8\u0d9c\u0dd9 \u0dad\u0db1\u0dd2\u0dba \u0db8\u0d9a\u0db1\u0dc0\u0dcf \r\n\u0dc3\u0dd2\u0dc4\u0dd2\u0db1\u0dba\u0dd9\u0db1\u0dca \u0db1\u0dd4\u0db9 \u0d87\u0dc0\u0dd2\u0dad\u0dca \u0db8\u0da7 \u0d9a\u0dad\u0dcf \u0d9a\u0dbb\u0db1\u0dc0\u0dcf \r\n\u0db8\u0dcf\u0dad\u0dca \u0d85\u0db8\u0dca\u0db8\u0dcf \u0d9a\u0dd9\u0db1\u0dd9\u0d9a\u0dca \u0d9a\u0dd2\u0dba\u0dcf \u0db8\u0da7 \u0dc4\u0dd2\u0dad\u0dd9\u0db1\u0dc0\u0dcf\n\r\n\u0dbb\u0dd0\u0dbd\u0dd2 \u0d87\u0dc0\u0dd2\u0dad\u0dca...... \n"
    },
    {
        "uuid": "08d27090-8a22-11e9-a8fc-3863bb98c88b",
        "song": "Rallen Rallata Pawena Oruwe ",
        "singer": "Vijaya Kumaranathunga ",
        "lyricUnicode": "\u0dbb\u0dd0\u0dbd\u0dca\u0dbd\u0dd9\u0db1\u0dca \u0dbb\u0dd0\u0dbd\u0dca\u0dbd\u0da7 \u0db4\u0dcf\u0dc0\u0dd9\u0db1 \u0d94\u0dbb\u0dd4\u0dc0\u0dda\r\n\u0dba\u0db1\u0dca\u0db1\u0db8\u0dca \u0daf\u0dd2\u0dba\u0db9\u0da7 \u0dbb\u0dd1 \u0dba\u0dcf\u0db8\u0dda //\r\n\u0d85\u0db9\u0dd4 \u0daf\u0dbb\u0dd4\u0dc0\u0ddd \u0db8\u0dcf \u0daf\u0dd9\u0dc0\u0dd2\u0dba\u0ddc \u0dbb\u0d9a\u0dd3\u0dc0\u0dcf\r\n\u0d91\u0db1\u0dad\u0dd4\u0dbb\u0dd4 \u0db8\u0dcf \u0d8b\u0daf\u0dda \u0db8\u0dcf\n\r\n\u0d9c\u0ddc\u0db8\u0dca\u0db8\u0db1\u0dca \u0dbb\u0dd1 \u0db8\u0dc4 \u0dc3\u0dcf\u0d9c\u0dbb \u0d85\u0db3\u0dd4\u0dbb\u0dda \u0dc4\u0ddd \u0dc4\u0ddd \u0dc4~ \u0d9a\u0dd0\u0dbb\u0d9a\u0dda\r\n\u0dba\u0db1\u0dca\u0db1\u0db8\u0dca \u0d88\u0dad\u0da7 \u0db8\u0dda \u0d9a\u0dbb \u0daf\u0dd2\u0dba\u0dbb\u0dda \u0d89\u0dbb\u0dab\u0db8 \u0dbb\u0dd1 \u0d9c\u0db8\u0db1\u0dda\r\n\u0daf\u0dd4\u0dbb \u0dc0\u0dd9\u0dbb\u0dc5\u0dda \u0db8\u0dda \u0dba\u0dcf\u0db8\u0dda \u0dc3\u0dd0\u0dad\u0db4\u0dda\u0dc0\u0dcf \u0db8\u0d9c\u0dd9 \u0daf\u0dbb\u0dd4\u0dc0\u0ddd\r\n\u0d9a\u0da9\u0db8\u0dbd\u0dd6 \u0dc0\u0dd6 \u0db4\u0db1\u0dca \u0db4\u0dd0\u0daf\u0dd4\u0dbb\u0dda \u0dad\u0db1\u0dd2\u0dc0\u0dda \u0db8\u0dcf \u0dc3\u0dcf\u0d9c\u0dbb\u0dba\u0dda\n\r\n\u0dbb\u0dd0\u0dbd\u0dca\u0dbd\u0dd9\u0db1\u0dca \u0dbb\u0dd0\u0dbd\u0dca\u0dbd\u0da7.....\n\r\n\u0dbd\u0db1\u0dca\u0dad\u0dd1\u0dbb\u0dd4\u0db8\u0dca \u0d91\u0dc5\u0dd2 \u0dc3\u0dd4\u0dc5\u0d9f\u0da7 \u0db1\u0dd2\u0dc0\u0dd4\u0dab\u0dcf \u0d9a\u0db8\u0dca\u0db4\u0dcf \u0db8\u0dda \u0dc4\u0daf \u0db8\u0dcf\r\n\u0db8\u0db1\u0dca\u0daf\u0dcf\u0dbb\u0db8\u0dca \u0dc0\u0dd0\u0dc4\u0dd2 \u0d88\u0dad\u0dd2\u0db1\u0dca \u0d91\u0db1\u0dc0\u0dcf \u0db8\u0dd4\u0dc4\u0dd4\u0daf\u0dda \u0da2\u0dbd \u0d9a\u0dc5\u0db9\u0dcf\r\n\u0d85\u0dc3\u0dbb\u0dab\u0dba\u0ddd \u0db8\u0dcf \u0dc0\u0dcf\u0d9c\u0dda \u0daf\u0dd9\u0dc0\u0dd2\u0dba\u0db1\u0dd2 \u0d9a\u0ddd \u0daf\u0dd2\u0dc5\u0dd2\u0db3\u0dd4 \u0db8\u0d9c\u0dda\r\n\u0dbb\u0dd0\u0d9a\u0daf\u0dda\u0dc0\u0dcf \u0d85\u0dc3\u0dbb\u0dab \u0db8\u0dcf \u0dad\u0db1\u0dd2\u0dc0\u0dda \u0db8\u0dcf \u0dc3\u0dcf\u0d9c\u0dbb\u0dba\u0dda\n\r\n\u0dbb\u0dd0\u0dbd\u0dca\u0dbd\u0dd9\u0db1\u0dca \u0dbb\u0dd0\u0dbd\u0dca\u0dbd\u0da7....."
    },
    {
        "uuid": "09c9a3e2-8a22-11e9-9d43-3863bb98c88b",
        "song": "Ran Dorin Enna Adare ",
        "singer": "Amitha Wadisinghe ",
        "lyricUnicode": "\u0dbb\u0db1\u0dca \u0daf\u0ddc\u0dbb\u0dd2\u0db1\u0dca \u0d91\u0db1\u0dca\u0db1 \u0d86\u0daf\u0dbb\u0dda\r\n\u0d9a\u0dd0\u0db3\u0dc0\u0dbd\u0dcf \u0db8\u0dbd\u0dca\u0dc3\u0dbb\u0dcf\r\n\u0db1\u0dd2\u0dbd\u0dca \u0db1\u0dd4\u0dc0\u0db1\u0dca \u0d94\u0db6 \u0db8\u0dcf \u0d9a\u0dd9\u0dbb\u0dda\r\n\u0daf\u0dd9\u0db1\u0dca\u0db1 \u0dc3\u0dad\u0dd4\u0da7\u0dd2\u0db1\u0dca \u0db4\u0dd4\u0dbb\u0dcf // \n\r\n\u0db8\u0dd2\u0dc4\u0dd2\u0dbb\u0dd2 \u0dc3\u0db8\u0dd3\u0dbb\u0dd9\u0d9a\u0dd3 \u0db8\u0dcf\u0d9c\u0dd9 \u0d8b\u0daf\u0dcf\u0db1\u0dba\u0dda\r\n\u0db8\u0dd2\u0dc4\u0dd2\u0dbb\u0dd2 \u0dc3\u0db8\u0dd3\u0dbb\u0dd9\u0d9a\u0dd3 \u0db8\u0dcf\u0d9c\u0dd9 \u0d8b\u0daf\u0dcf\u0db1\u0dba\u0dda \r\n\u0dc3\u0dd3\u0dad\u0dbd \u0dba\u0dcf\u0db8\u0dda \u0da2\u0dd3\u0dc0\u0dda \u0dc3\u0dd2\u0dc4\u0dd2\u0db1 \u0dc0\u0dd2\u0db8\u0dcf\u0db1\u0dba\u0dda\n\r\n\u0dbb\u0db1\u0dca \u0daf\u0ddc\u0dbb\u0dd2\u0db1\u0dca \u0d91\u0db1\u0dca\u0db1....\n\r\n\u0db8\u0dcf \u0dc4\u0daf\u0dda \u0d86\u0dc1\u0dcf \u0db1\u0dd2\u0dc0\u0dd2 \u0db1\u0dd2\u0dc0\u0dd3 \u0dba\u0dcf\u0daf\u0ddd\r\n\u0db8\u0dcf \u0dc4\u0daf\u0dda \u0d86\u0dc1\u0dcf \u0db1\u0dd2\u0dc0\u0dd2 \u0db1\u0dd2\u0dc0\u0dd3 \u0dba\u0dcf\u0daf\u0ddd \r\n\u0dc3\u0dc4\u0db1\u0dca \u0dc3\u0dd4\u0dc0\u0dda \u0daf\u0dd2\u0daf\u0dd3 \u0db1\u0dd4\u0dbb\u0dcf \u0d8b\u0dad\u0dd4\u0dbb\u0dcf\u0daf\u0ddd\n\r\n\u0dbb\u0db1\u0dca \u0daf\u0ddc\u0dbb\u0dd2\u0db1\u0dca \u0d91\u0db1\u0dca\u0db1.... //"
    },
    {
        "uuid": "0ac5dd62-8a22-11e9-bb24-3863bb98c88b",
        "song": "Ran Hiru Madalin Sihilasa Ayadinawa ",
        "singer": "Edward Jayakody ",
        "lyricUnicode": "\u0dbb\u0db1\u0dca \u0dc4\u0dd2\u0dbb\u0dd4 \u0db8\u0da9\u0dbd\u0dd2\u0db1\u0dca \u0dc3\u0dd2\u0dc4\u0dd2\u0dbd\u0dc3 \u0d85\u0dba\u0daf\u0dd2\u0db1\u0dc0\u0dcf\r\n\u0db4\u0dd4\u0db1\u0dca \u0dc3\u0db3 \u0db4\u0dc4\u0db1\u0dd9\u0db1\u0dca \u0d8b\u0dab\u0dd4\u0dc3\u0dd4\u0db8 \u0d85\u0dba\u0daf\u0dd2\u0db1\u0dc0\u0dcf\r\n\u0dbd\u0ddd\u0d9a\u0dba \u0db6\u0dd2\u0dc4\u0dd2\u0dc0\u0dd6 \u0daf\u0dcf \u0dc3\u0dd2\u0da7 \u0d85\u0dbb\u0dd4\u0db8\u0dd9\u0d9a\u0dd2 \u0db8\u0dd2\u0db1\u0dd2\u0dc3\u0dcf\r\n\u0d9c\u0dd2\u0dbb\u0dd2\u0dc4\u0dd2\u0dc3 \u0d89\u0db3\u0dd4\u0dc0\u0dbb \u0dc3\u0ddc\u0dba\u0db8\u0dd2\u0db1\u0dca \u0dbd\u0dad\u0dd0\u0dc0\u0dd9\u0db1\u0dc0\u0dcf //\n\r\n\u0dc3\u0dba\u0dd4\u0dbb\u0dda \u0db4\u0dd0\u0db1\u0dca \u0dad\u0ddc\u0da7 \u0dc3\u0ddc\u0dba\u0db8\u0dd2\u0db1\u0dca \u0dc0\u0dd0\u0dbd\u0db4\u0dd9\u0db1\u0dc0\u0dcf\r\n\u0d9a\u0dad\u0dbb\u0dda \u0d9a\u0dd9\u0db8\u0dca \u0db6\u0dd2\u0db8 \u0daf\u0d9a\u0dd2\u0db8\u0dd2\u0db1\u0dca \u0dbb\u0dd0\u0dc0\u0da7\u0dd9\u0db1\u0dc0\u0dcf //\r\n\u0daf\u0dd2\u0dbd\u0dd2\u0dc3\u0dd9\u0db1 \u0daf\u0dd2\u0dba\u0dbb\u0dd0\u0dc5\u0dd2 \u0db8\u0dcf\u0dbd\u0dcf \u0db1\u0dd9\u0dad \u0db4\u0dd4\u0dbb\u0dc0\u0dcf \u0db1\u0dd9\u0d9a \u0db8\u0dcf\u0dba\u0dcf\r\n\u0db8\u0dd2\u0db1\u0dd2\u0dc3\u0dd4\u0db1\u0dca \u0dc4\u0dd0\u0db8\u0daf\u0dcf \u0dc3\u0dd2\u0dc4\u0dd2\u0db1\u0dd9\u0d9a \u0dc3\u0dd0\u0dad\u0db4\u0dd9\u0db1\u0dc0\u0dcf\n\r\n\u0dbb\u0db1\u0dca \u0dc4\u0dd2\u0dbb\u0dd4 \u0db8\u0da9\u0dbd\u0dd2\u0db1\u0dca....\n\r\n\u0d9c\u0db8\u0db1\u0dda \u0db8\u0d82\u0db4\u0dd9\u0dad \u0daf\u0dc0\u0dc3\u0d9a \u0db1\u0dd2\u0db8\u0dc0\u0dd9\u0db1\u0dc0\u0dcf\r\n\u0dbd\u0daf \u0daf\u0dda \u0d9a\u0dbd \u0d9a\u0dd3 \u0daf\u0dda \u0dc4\u0dd2\u0dad \u0dc4\u0dac\u0dc0\u0db1\u0dc0\u0dcf //\r\n\u0db1\u0dd2\u0dc0\u0dd0\u0dbb\u0daf\u0dd2 \u0dc4\u0dd0\u0db8 \u0dc3\u0d9f\u0dc0\u0dcf\u0dbd\u0dcf \u0dc0\u0dbb\u0daf\u0da7 \u0db8\u0dbd\u0dca\u0daf\u0db8\u0dca \u0daf\u0dcf\u0dbd\u0dcf\r\n\u0dbb\u0d9a\u0dd4\u0dc3\u0db1\u0dca \u0db4\u0dd4\u0daf \u0daf\u0dd3 \u0db8\u0dd2\u0db1\u0dd2\u0dc3\u0dd4\u0db1\u0dca \u0dc3\u0dd0\u0db1\u0dc3\u0dd9\u0db1\u0dc0\u0dcf\n\r\n\u0dbb\u0db1\u0dca \u0dc4\u0dd2\u0dbb\u0dd4 \u0db8\u0da9\u0dbd\u0dd2\u0db1\u0dca...."
    },
    {
        "uuid": "0edeca0a-8a22-11e9-85d0-3863bb98c88b",
        "song": "Ran Malak Lesa Gena Pudannata ",
        "singer": "Raju Bandara ",
        "lyricUnicode": "\u0dbb\u0db1\u0dca \u0db8\u0dbd\u0d9a\u0dca \u0dbd\u0dd9\u0dc3 \u0d9c\u0dd9\u0db1 \u0db4\u0dd4\u0daf\u0db1\u0dca\u0db1\u0da7 \u0db1\u0dd4\u0db9\u0dda \u0dc0\u0dad \u0dc4\u0dd2\u0db8\u0dd2 \u0db1\u0dd0\u0dad\u0dd2 \u0daf\u0dd2\u0db1\u0dda\r\n\u0dad\u0dc0\u0dad\u0dca \u0db8\u0dcf \u0dbd\u0d9c \u0dbb\u0dd0\u0daf\u0dd3 \u0d89\u0db1\u0dca\u0db1\u0da7 \u0dc0\u0dbb\u0db8\u0dca \u0db1\u0ddc\u0db4\u0dad\u0db1\u0dca \u0d9a\u0dd4\u0db8\u0dbb\u0dd2\u0dba\u0dda \r\n\u0d85\u0dc3\u0db8\u0dca\u0db8\u0dad\u0dba\u0dda \u0db4\u0dd9\u0db8\u0dca \u0d9a\u0dad\u0dcf\u0dc0\u0d9a \u0dbb\u0dd6 \u0dbd\u0dd9\u0dc3\u0dd2\u0db1\u0dca \u0d85\u0db4 \u0dc4\u0db8\u0dd4 \u0d8b\u0db1\u0dda \r\n\u0dbd\u0d82 \u0db1\u0ddc\u0dc0\u0db1\u0dca\u0db1\u0da7 \u0daf\u0dc4\u0d9a\u0dca \u0db6\u0dd0\u0db8\u0dd2 \u0d87\u0dad \u0db1\u0dd4\u0db6 \u0db1\u0ddc\u0daf\u0db1\u0dca\u0db1\u0dcf \u0db8\u0d9c\u0dda \u0dbd\u0ddc\u0dc0\u0dda \n\r\n\u0dc3\u0dd9\u0db1\u0dd9\u0dc4\u0dd9 \u0dc3\u0dd2\u0dad \u0db1\u0dd1 \u0dc0\u0dd9\u0db1\u0dc3\u0dca \u0dc0\u0db1\u0dd4\u0dba\u0dda \u0db1\u0dd4\u0db9\u0da7 \u0db4\u0dd9\u0dbb \u0daf\u0dd2\u0db1 \u0db8\u0dcf \u0db4\u0dd2\u0daf\u0dd4 \r\n\u0db1\u0db8\u0dd4\u0daf\u0dd4 \u0d92 \u0dbd\u0ddc\u0dc0 \u0d9c\u0ddc\u0da9 \u0db1\u0d9c\u0db1\u0dca\u0db1\u0da7 \u0db8\u0daf\u0dd2\u0dba \u0db4\u0dd9\u0dbb\u0dd4\u0db8\u0db1\u0dca \u0d85\u0db4 \u0db4\u0dd2\u0dbb\u0dd6 \r\n\u0daf\u0dd4\u0d9a \u0dc3\u0dad\u0dd4\u0da7 \u0dbd\u0d9c \u0db1\u0dd3\u0dad\u0dd2 \u0dbb\u0dd0\u0daf\u0dd9\u0db1\u0dca\u0db1\u0da7 \u0dc0\u0dbb\u0db8\u0dca \u0dba\u0daf\u0dd2\u0db1\u0dcf \u0dc3\u0ddc\u0daf\u0dd4\u0dbb\u0dd2\u0dba\u0dda \r\n\u0d87\u0d9c\u0dda \u0db4\u0dc4\u0dc3\u0dd2\u0db1\u0dca \u0db1\u0dd2\u0db8\u0dbd \u0dc3\u0dd9\u0db1\u0dd9\u0dc4\u0dc3 \u0dbd\u0db6\u0db1 \u0db6\u0dc0 \u0d9a\u0dd2\u0dc0 \u0dba\u0dd4\u0dad\u0dd4 \u0db1\u0ddc\u0dc0\u0dda\n\r\n\u0dbb\u0db1\u0dca \u0db8\u0dbd\u0d9a\u0dca \u0dbd\u0dd9\u0dc3 \u0d9c\u0dd9\u0db1 \u0db4\u0dd4\u0daf\u0db1\u0dca\u0db1\u0da7 \u0db1\u0dd4\u0db9\u0dda \u0dc0\u0dad \u0dc4\u0dd2\u0db8\u0dd2 \u0db1\u0dd0\u0dad\u0dd2 \u0daf\u0dd2\u0db1\u0dda\r\n\u0dad\u0dc0\u0dad\u0dca \u0db8\u0dcf \u0dbd\u0d9c \u0dbb\u0dd0\u0daf\u0dd3 \u0d89\u0db1\u0dca\u0db1\u0da7 \u0dc0\u0dbb\u0db8\u0dca \u0db1\u0ddc\u0db4\u0dad\u0db1\u0dca \u0d9a\u0dd4\u0db8\u0dbb\u0dd2\u0dba\u0dda\n\r\n\u0d85\u0dc3\u0db8\u0dca\u0db8\u0dad\u0dba\u0dda \u0db8\u0dbd\u0dca \u0db4\u0dd2\u0dba\u0dbd\u0dd2 \u0db8\u0dd0\u0daf \u0db8\u0d9c\u0dda \u0dc4\u0daf \u0db6\u0dd0\u0daf\u0dd3 \u0db8\u0dd2\u0dc4\u0dd2\u0dbb\u0dd2\u0dba\u0dda \r\n\u0db1\u0dd4\u0db6\u0dda \u0dc4\u0dd2\u0dad \u0dc0\u0dd9\u0dad \u0dc0\u0d82\u0d9a \u0db1\u0ddc\u0dc0\u0dd4\u0dc0\u0d9c \u0daf\u0db1\u0dd3 \u0dc4\u0ddc\u0daf\u0da7\u0db8 \u0dc4\u0dd2\u0dad \u0db1\u0dd4\u0db9\u0dda\r\n\u0d85\u0dc3\u0db8\u0db8\u0dad\u0dba\u0d9a \u0db4\u0dd2\u0dc0\u0dd2\u0dc3\u0dd2 \u0dc3\u0dd0\u0db1\u0dd9\u0d9a\u0dd2\u0db1\u0dca \u0d85\u0dc3\u0db8\u0dca\u0db8\u0dad\u0dba\u0dd9\u0db8 \u0db1\u0ddc\u0db8 \u0dbb\u0dd0\u0daf\u0dd3 \r\n\u0dc3\u0dd0\u0db6\u0dd1 \u0dad\u0dad\u0dd4 \u0daf\u0dd0\u0db1 \u0dc3\u0dd0\u0db6\u0dd1 \u0dbd\u0ddc\u0dc0 \u0dc0\u0dd9\u0dad \u0d89\u0d9a\u0dca\u0db8\u0db1\u0dd2\u0db1\u0dca \u0db4\u0dd2\u0dc0\u0dd2\u0dc3\u0dd9\u0db8\u0dd4 \u0d85\u0db4\u0dd2\n\r\n\u0dbb\u0db1\u0dca \u0db8\u0dbd\u0d9a\u0dca \u0dbd\u0dd9\u0dc3 \u0d9c\u0dd9\u0db1...."
    },
    {
        "uuid": "10e9595a-8a22-11e9-bfde-3863bb98c88b",
        "song": "Ran Muduwak Palandu Pamanin ",
        "singer": "Prince Udaya Priyantha ",
        "lyricUnicode": "\u0dbb\u0db1\u0dca \u0db8\u0dd4\u0daf\u0dd4\u0dc0\u0d9a\u0dca \u0db4\u0dd0\u0dc5\u0db3\u0dd6 \u0db4\u0db8\u0dab\u0dd2\u0db1\u0dca \r\n\u0d86\u0daf\u0dbb\u0dba\u0d9a\u0dca \u0dc4\u0dd2\u0db8\u0dd2\u0dc0\u0dda\u0daf\u0ddd \r\n\u0dbb\u0db1\u0dca \u0dad\u0dd0\u0dbd\u0dca\u0dbd\u0d9a\u0dca \u0db6\u0dd0\u0db1\u0dca\u0daf\u0dd6 \u0dc0\u0dd2\u0dbd\u0dc3\u0dd2\u0db1\u0dca \r\n\u0da2\u0dd3\u0dc0\u0dd2\u0dad\u0dba\u0d9a\u0dca \u0dc4\u0dd0\u0da9\u0dc0\u0dda\u0daf\u0ddd \r\n\u0db8\u0dd4\u0daf\u0dd4 \u0d9a\u0db3\u0dd4\u0dbd\u0d9a\u0dca \u0dc3\u0dd0\u0d9f\u0dc0\u0dd6 \u0dad\u0dbb\u0db8\u0dd2\u0db1\u0dca \r\n\u0d86\u0daf\u0dbb\u0dba\u0d9a\u0dca \u0dbd\u0dd2\u0dba\u0dd0\u0dc0\u0dda\u0daf\u0ddd \r\n\u0daf\u0dd9\u0d9c\u0dd4\u0dbb\u0dd4\u0db1\u0dca \u0dc3\u0db1\u0dc4\u0dcf \u0d85\u0db4 \u0db6\u0dd0\u0db3\u0dd4\u0db1\u0dad\u0dca \r\n\u0d94\u0db6\u0d9c\u0dda \u0dc4\u0daf\u0dc0\u0dad \u0dc3\u0dd0\u0db1\u0dc3\u0dda\u0daf\u0ddd\n\r\n\u0db8\u0dcf \u0dbd\u0d9f\u0da7 \u0dc0\u0dd9\u0dbd\u0dcf \u0d94\u0db6 \u0dbb\u0dd0\u0db3\u0dd4\u0db1\u0dad\u0dca \r\n\u0d94\u0d9b\u0dd9 \u0dc4\u0dd2\u0dad \u0d9a\u0ddc\u0dc4\u0dda\u0daf\u0ddd \u0d89\u0d9c\u0dd2\u0dbd\u0dda\r\n\u0d94\u0d9b\u0dd9 \u0dc4\u0dd2\u0dad \u0dbb\u0dc0\u0da7\u0dcf \u0d94\u0db6 \u0dc3\u0dd2\u0da7\u0dd2\u0dba\u0dad\u0dca \r\n\u0db4\u0dd9\u0dbb \u0dc3\u0dd9\u0db1\u0dd9\u0dc4\u0dc3 \u0dc3\u0dd2\u0dc4\u0dd2 \u0d9c\u0dd0\u0db1\u0dd4\u0db1\u0dda\r\n\u0daf\u0dd4\u0d9a \u0daf\u0dd0\u0db1\u0dd9\u0db1\u0dd4 \u0db1\u0db8\u0dd4\u0daf\u0dd4 \u0db4\u0dca\u200d\u0dbb\u0dd2\u0dba \u0dc5\u0db3\u0dd4\u0db1\u0dda\r\n\u0db8\u0dda \u0daf\u0dd2\u0dc0\u0dd2\u0dba\u0dda \u0d89\u0dbb\u0dab\u0db8 \u0d94\u0db6\u0d9c\u0dda\n\r\n\u0d8b\u0dbb\u0dd4\u0db8 \u0dc0\u0dd6 \u0dbd\u0dd9\u0dc3\u0da7 \u0d85\u0db4 \u0db6\u0dd0\u0db3\u0dd4\u0db1\u0dad\u0dca \r\n\u0db8\u0dcf \u0db4\u0dd2\u0dba \u0dc3\u0dd9\u0db1\u0dd9\u0dc4\u0dc3 \u0db8\u0dd0\u0daf\u0dca\u0daf\u0dda\r\n\u0d85\u0dc4\u0dd2\u0dad\u0d9a\u0dca \u0d9a\u0dd2\u0dc3\u0dd2 \u0db1\u0ddc\u0dc3\u0dd2\u0dad\u0db1 \u0d85\u0dba\u0dd4\u0dbb\u0dd2\u0db1\u0dca \r\n\u0db8\u0d9c\u0dd9 \u0db4\u0dd9\u0db8 \u0d94\u0db6 \u0dc0\u0dd9\u0dad \u0db6\u0dd0\u0db3\u0dd4\u0db1\u0dda\r\n\u0db1\u0dd9\u0dad\u0dd4 \u0d9a\u0db3\u0dd4\u0dc5\u0dd4 \u0db4\u0dd2\u0dc3\u0dd2\u0db1\u0dca\u0db1\u0da7 \u0d94\u0db6\u0d9c\u0dda\r\n\u0daf\u0dd2\u0dc0\u0dd2\u0dba \u0db4\u0dd4\u0dbb\u0dcf \u0db8\u0dcf \u0d89\u0db1\u0dca\u0db1\u0dda\n\r\n\u0dbb\u0db1\u0dca \u0db8\u0dd4\u0daf\u0dd4\u0dc0\u0d9a\u0dca...."
    },
    {
        "uuid": "16ae112e-8a22-11e9-9277-3863bb98c88b",
        "song": "Ran Yaye Ridi Nimne ",
        "singer": "Jaliya Ranathunga ",
        "lyricUnicode": "\u0dbb\u0db1\u0dca \u0dba\u0dcf\u0dba\u0dda \u0dbb\u0dd2\u0daf\u0dd3 \u0db1\u0dd2\u0db8\u0dca\u0db1\u0dda\r\n\u0d87\u0d9c\u0dda \u0dbb\u0dd4\u0dc0 \u0db4\u0dcf\u0dc0\u0dd9\u0db1\u0dca\u0db1\u0dda\r\n\u0d92 \u0daf\u0dd1\u0dc3\u0dda \u0dbb\u0dd2\u0daf\u0dd3 \u0dbb\u0dda\u0d9b\u0dcf\r\n\u0db8\u0dcf \u0db1\u0dd9\u0dad \u0dba\u0dcf\u0dc0\u0dd9\u0db1\u0dca\u0db1\u0dda //\n\r\n\u0dc3\u0dd3\u0dad \u0dbb\u0dd1\u0d9a \u0db8\u0dcf\u0d9c\u0dda \u0daf\u0dd1\u0dad \u0d92 \u0db8\u0dd4\u0daf\u0dd4 \u0daf\u0dd1\u0dad\u0dda \u0db6\u0dd0\u0daf\u0dd4\u0db1\u0dcf\u0dc0\u0dda\r\n\u0d88\u0dad \u0dbd\u0ddd\u0d9a\u0dda \u0db4\u0dca\u200d\u0dbb\u0dda\u0db8 \u0d9c\u0dd3\u0dad \u0db8\u0dcf \u0dc3\u0dd2\u0dad \u0dc0\u0dd9\u0dc5\u0dd4\u0db1\u0dcf\u0dc0\u0dda\r\n\u0db1\u0dd3\u0dbd \u0daf\u0dd1\u0dc3\u0dda \u0d86\u0daf\u0dbb\u0dda\u0d9a \u0db8\u0dbd\u0dca \u0db8\u0daf\u0dc4\u0dcf\u0dc3\u0dda \u0db6\u0dd0\u0daf\u0dd4\u0db1\u0dcf\u0dc0\u0dda\r\n\u0dc0\u0dcf\u0dc3\u0db1\u0dcf\u0dc0\u0dda \u0da0\u0dda\u0dad\u0db1\u0dcf\u0dc0 \u0db8\u0dbd\u0dca\u0db4\u0dbd \u0d9c\u0dd0\u0db1\u0dd4\u0db1\u0dcf\u0dc0\u0dda\n\r\n\u0dbb\u0db1\u0dca \u0dba\u0dcf\u0dba\u0dda..... \n\r\n\u0db4\u0dca\u200d\u0dbb\u0dda\u0db8 \u0daf\u0dcf\u0db8\u0dba\u0dda \u0dc0\u0dd9\u0dbd\u0dd9\u0db1\u0dca\u0db1 \u0d88 \u0d9a\u0ddc\u0dba\u0dd2 \u0dbd\u0ddc\u0dc0\u0d9a\u0dd2\u0db1\u0dca \u0d86\u0dc0\u0dcf\u0daf\u0ddd\r\n\u0db8\u0dcf \u0dc4\u0dd0\u0d9c\u0dd4\u0db8\u0dca \u0dc0\u0dc1\u0dd3 \u0d9a\u0dbb\u0db1\u0dca\u0db1 \u0d92 \u0d9c\u0dd3 \u0d9c\u0dd0\u0dba\u0dd4\u0dc0\u0dcf\u0daf\u0ddd\r\n\u0db8\u0dd3\u0dc0\u0dd2\u0dad\u0dda \u0d85\u0db8\u0dcf \u0dc4\u0ddc\u0dc0\u0dcf\u0dbd\u0dcf \u0d88 \u0db8\u0dcf \u0dc3\u0dd4\u0dbb\u0dad\u0dda \u0dad\u0dd0\u0db6\u0dd4\u0dc0\u0dcf\u0daf\u0ddd\r\n\u0d86\u0daf\u0dbb\u0dda \u0dc3\u0ddc\u0dba\u0dcf\u0dbd\u0dcf \u0d86\u0dc0 \u0d88 \u0dc3\u0dd4\u0dbb \u0d85\u0d9f\u0db1\u0d9a\u0dca \u0daf\u0ddd\n\r\n\u0dbb\u0db1\u0dca \u0dba\u0dcf\u0dba\u0dda..... //"
    },
    {
        "uuid": "17d55326-8a22-11e9-a080-3863bb98c88b",
        "song": "Rana Hansa Yuwala Nimala Nil Jalase ",
        "singer": "Samitha Mudunkotuwa ",
        "lyricUnicode": "\u0dbb\u0dab \u0dc4\u0d82\u0dc3 \u0dba\u0dd4\u0dc0\u0dbd \u0db1\u0dd2\u0db8\u0dbd \u0db1\u0dd2\u0dbd\u0dca \u0da2\u0dbd\u0dcf\u0dc3\u0dda\r\n\u0db8\u0db1 \u0db1\u0db1\u0dca\u0daf\u0db1\u0dd3\u0dba \u0daf\u0dc3\u0dd4\u0db1\u0dca \u0db1\u0d82\u0dc0\u0db1\u0dcf\r\n\u0dc3\u0dd2\u0dc4\u0dd2\u0db1 \u0dba\u0dc4\u0db1\u0dda \u0daf\u0d9a\u0dd2\u0db1 \u0dc3\u0dd2\u0dc4\u0dd2\u0db1\u0dda\r\n\u0dbb\u0dad\u0dd4 \u0dbb\u0ddd\u0dc3 \u0db8\u0dbd\u0d9a\u0dca \u0dbd\u0dba\u0da7 \u0dbd\u0d82\u0dc0\u0dd4\u0db1\u0dcf\r\n\u0db4\u0dd9\u0db8\u0dd2\u0db1\u0dca \u0db6\u0dd0\u0daf\u0dd4\u0db1\u0ddd \u0dc3\u0dd2\u0dad\u0dd2\u0db1\u0dca \u0daf\u0d9a\u0dd2\u0db1\u0dcf\r\n\u0d92 \u0dc3\u0dd2\u0dc4\u0dd2\u0db1 \u0db8\u0dc4\u0daf \u0db8\u0dd2\u0dba\u0dd4\u0dbb\u0dd4 \u0d9a\u0dbd\u0dca\u0db4\u0db1\u0dcf\r\n\u0dbb\u0dab \u0dc4\u0d82\u0dc3 \u0dba\u0dd4\u0dc0\u0dbd \u0db1\u0dd2\u0db8\u0dbd \u0db1\u0dd2\u0dbd\u0dca \u0da2\u0dbd\u0dcf\u0dc3\u0dda\n\r\n\u0d9c\u0dbd\u0dca \u0dbd\u0dd9\u0db1\u0dca\u0dc4\u0dd2 \u0dc3\u0dd0\u0d9c\u0dc0\u0dd4 \u0d9a\u0dd4\u0db8\u0dcf\u0dbb\u0dd2 \u0db8\u0dd4\u0daf\u0dc0\u0db1\u0dca\u0db1 \u0dad\u0dd4\u0dbb\u0d9c\u0dd4\u0db1\u0dca \u0d85\u0dbb\u0dcf\r\n\u0d86\u0dc0\u0dcf \u0dc3\u0dda \u0d9a\u0dd4\u0db8\u0dbb\u0dd9\u0d9a\u0dca \u0db4\u0dd4\u0dbb\u0dcf\u0dab\u0dda \r\n\u0d9a\u0dd4\u0db8\u0dbb\u0dcf \u0db8\u0d9c\u0dda \u0d91\u0db1\u0dca\u0db1\u0dd9\u0daf\u0ddd\r\n\u0d94\u0dc4\u0dd4 \u0d86\u0daf\u0dbb\u0dd9\u0dba\u0dd2 \u0db8\u0dcf \u0d86\u0daf\u0dbb\u0dd9\u0dba\u0dd2 \u0db8\u0dd4\u0dc5\u0dd4 \u0da2\u0dd3\u0dc0\u0dd2\u0dad\u0dda\n\r\n\u0dbb\u0dab \u0dc4\u0d82\u0dc3 \u0dba\u0dd4\u0dc0\u0dbd..... \n\r\n\u0dc3\u0d82\u0dc3\u0dcf\u0dbb \u0dc3\u0d82\u0da0\u0dcf\u0dbb\u0dba\u0dda\u0daf\u0dd2 \u0d8b\u0db1\u0dca\u0db1\u0dcf\u0dbd\u0dd4 \u0d94\u0dc4\u0dd4 \u0db8\u0dcf \u0dbd\u0d9c\u0dd2\u0db1\u0dca\r\n\u0daf\u0ddc\u0dbb\u0d9c\u0dd4\u0dbd\u0dca \u0daf\u0db8\u0dcf \u0dc4\u0dd0\u0d82\u0d9c\u0dd4\u0dc0\u0dad\u0dca \u0db8\u0dcf \r\n\u0dc3\u0d9c\u0dc0\u0db1\u0dca\u0db1 \u0db6\u0dd1 \u0db4\u0dd9\u0db8\u0dca \u0dc4\u0dd0\u0d9c\u0dd4\u0db8\u0dca\r\n\u0d85\u0db4 \u0db4\u0dca\u200d\u0dbb\u0dda\u0db8\u0dba\u0dda \u0dc3\u0d82\u0d9c\u0dca\u200d\u0dbb\u0dcf\u0db8\u0dba\u0dd9\u0db1\u0dca \u0da2\u0dba \u0d9c\u0db1\u0dca\u0db1\u0dc0\u0dcf\n\r\n\u0dbb\u0dab \u0dc4\u0d82\u0dc3 \u0dba\u0dd4\u0dc0\u0dbd..... "
    },
    {
        "uuid": "1d3a06f6-8a22-11e9-95f0-3863bb98c88b",
        "song": "Ranmasu Uyane Kandulu Pokuna Langa ",
        "singer": "Karunarathna Divulgane ",
        "lyricUnicode": "\u0dbb\u0db1\u0dca\u0db8\u0dc3\u0dd4 \u0d8b\u0dba\u0db1\u0dda \u0d9a\u0db3\u0dd4\u0dc5\u0dd4 \u0db4\u0ddc\u0d9a\u0dd4\u0dab \u0dc5\u0d9f \r\n\u0db8\u0dd2\u0db1\u0dca\u0db4\u0dc3\u0dd4 \u0d85\u0db4 \u0db1\u0dd1 \u0dc4\u0db8\u0dd4\u0dc0\u0db1\u0dca\u0db1\u0dda\r\n\u0dbb\u0db1\u0dca\u0dbb\u0dc3\u0dd4\u0daf\u0dd0\u0dbd\u0dca \u0db4\u0dd2\u0dbb\u0dd2 \u0dc0\u0dcf\u0dc3\u0dc5 \u0db8\u0dd4\u0daf\u0dd4\u0db1\u0dda\r\n\u0dad\u0dc4\u0d82\u0da0\u0dd2 \u0dc0\u0dd0\u0da7\u0dd2\u0dbd\u0dcf \u0d9a\u0dd4\u0db8\u0dcf\u0dbb\u0dd2\u0dba\u0dda\r\n\u0d85\u0dc1\u0ddd\u0d9a\u0db8\u0dcf\u0dbd\u0dcf \u0d9a\u0dd4\u0db8\u0dcf\u0dbb\u0dd2\u0dba\u0dda\n\r\n\u0dad\u0dd2\u0dc3\u0dcf\u0dc0\u0dd0\u0dc0\u0dd9\u0db1\u0dca \u0d91\u0db1 \u0dc3\u0dd3\u0dad\u0dbd \u0db4\u0dd4\u0dc3\u0dd4\u0db9\u0dda \r\n\u0dbd\u0dd2\u0dba\u0dcf \u0d91\u0dc0\u0db1\u0dca\u0db1\u0daf \u0db8\u0dda \u0dbd\u0dd9\u0db1\u0dca\u0d9c\u0dad\u0dd4 \u0d9a\u0db8 \r\n\u0dbd\u0dd2\u0dc4\u0dcf \u0dad\u0dd2\u0dba\u0dcf \u0d85\u0db6\u0dd2\u0db8\u0db1\u0dca \u0dc0\u0dcf\u0dc3\u0dbd\u0dca \u0daf\u0ddc\u0dbb \r\n\u0dc3\u0ddc\u0dba\u0dcf\u0db1 \u0d91\u0db1\u0dca\u0db1\u0db8\u0dca \u0d9a\u0dd4\u0db8\u0dcf\u0dbb\u0dd2\u0dba\u0dda \r\n\u0db6\u0dbd\u0dcf \u0d89\u0db1\u0dca\u0db1\u0dd9\u0db4\u0dcf \u0daf\u0dd2\u0dc0\u0dcf \u0dbb\u0dd0\u0dba\u0dda\n\r\n\u0d9a\u0dd2\u0dbb\u0dd4\u0dc5\u0dd4 \u0daf\u0dbb\u0db1 \u0daf\u0dcf \u0d9a\u0db3\u0dd4\u0dc5\u0dd4 \u0db1\u0ddc\u0dad\u0dda\u0dbb\u0dd9\u0db1 \r\n\u0d89\u0dc3\u0dd4\u0dbb\u0dd4 \u0dad\u0dd9\u0daf\u0dd0\u0dad\u0dd2 \u0db8\u0dd2\u0db1\u0dd2\u0dc3\u0dd4\u0db1\u0dca\u0d9c\u0dd9\u0db1\u0dca \u0dc0\u0dd9\u0db1\u0dca\u0dc0\u0dd3 \r\n\u0d89\u0dc3\u0dd4\u0dbb\u0dd4\u0db8\u0dd4\u0dab\u0dd2\u0dba\u0dd9 \u0d8b\u0dab\u0dd4\u0dc0\u0dd9\u0db1 \u0d9c\u0dbd\u0dca \u0db4\u0dd9\u0dad\u0dca\u0dad\u0d9a \r\n\u0d86\u0daf\u0dbb \u0dc3\u0dd2\u0dad\u0dca\u0dad\u0db8 \u0db1\u0dd9\u0dbd\u0db8\u0dd4 \u0d85\u0db4\u0dd3 \r\n\u0db6\u0dbd\u0dcf\u0db1 \u0d89\u0db1\u0dca\u0db1\u0da7 \u0daf\u0dd2\u0dc0\u0dcf \u0dbb\u0dd0\u0dba\u0dda\n\r\n\u0dbb\u0db1\u0dca\u0db8\u0dc3\u0dd4 \u0d8b\u0dba\u0db1\u0dda...."
    },
    {
        "uuid": "1e51447a-8a22-11e9-aea5-3863bb98c88b",
        "song": "Rata Karawanta Nam ",
        "singer": "Nanda Malani ",
        "lyricUnicode": "\u0dbb\u0da7 \u0d9a\u0dbb\u0dc0\u0db1\u0dca\u0da7 \u0db1\u0db8\u0dca\r\n\u0dbb\u0da7 \u0d9a\u0dbb\u0dc0\u0db1\u0dca\u0da7 \u0db1\u0db8\u0dca \u0db8\u0dc3\u0dd4\u0dbb\u0db1\u0dca \u0d87\u0dad\u0dd2\u0dc0 \u0d9a\u0dd0\u0da7\u0dda\r\n\u0dc0\u0da7\u0dd2\u0db1\u0dcf \u0d9a\u0dd2\u0dba\u0db1\u0daf\u0dda \u0dc0\u0dd2\u0d9a\u0dd2\u0dab\u0dd2\u0dba \u0dba\u0dd4\u0dad\u0dd4\u0dba \u0dbb\u0da7\u0dda\r\n\u0d85\u0db8\u0db1 \u0daf\u0db1\u0db1\u0dca \u0d9a\u0dd1 \u0d9c\u0dd0\u0dc3\u0dd4\u0dc0\u0dad\u0dca \u0dc4\u0dad\u0dbb \u0dc0\u0da7\u0dda\r\n\u0d92\u0dc0\u0dcf \u0db1\u0ddc\u0dc0\u0dd2\u0d9a\u0dca\u0d9a\u0ddc\u0dad\u0dca \u0d85\u0db4 \u0dc4\u0dd0\u0db8 \u0db8\u0d9a\u0dbb \u0d9a\u0da7\u0dda\n\r\n\u0daf\u0dc5\u0daf\u0dcf \u0db8\u0dd0\u0daf\u0dd4\u0dbb \u0d85\u0db0\u0dd2\u0d9a\u0dc0 \u0db8\u0dd2\u0dc5 \u0d9a\u0dbd \u0dc4\u0dd0\u0d9a\u0dd2\u0dba\r\n\u0dc3\u0dd2\u0dbb\u0dd2\u0db8\u0dc4 \u0db6\u0ddd\u0db0\u0dd2\u0dba\u0dda \u0dbd\u0d82\u0dc3\u0dd4\u0dc0 \u0db4\u0dd0\u0dc4\u0dd0\u0daf\u0dd2\u0dbd\u0dd2\u0dba\r\n\u0d9a\u0dc5\u0dd4 \u0d9c\u0dbd\u0dca\u0dc0\u0dbd\u0da7 \u0dc0\u0dd2\u0d9a\u0dd4\u0dab\u0dcf\u0d9c\u0dd9\u0db1 \u0dc3\u0dd3\u0d9c\u0dd2\u0dbb\u0dd2\u0dba\r\n\u0dc3\u0dd2\u0d9c\u0dd3\u0dbb\u0dd2 \u0d9a\u0dd4\u0dbb\u0dd4\u0da7\u0dd4 \u0d9c\u0dd3 \u0db6\u0dba\u0dd2\u0dbd\u0dcf \u0d9a\u0dbd \u0dc4\u0dd0\u0d9a\u0dd2\u0dba\n\r\n\u0dbb\u0da7 \u0d9a\u0dbb\u0dc0\u0db1\u0dca\u0da7 \u0db1\u0db8\u0dca...\n\r\n\u0dc4\u0ddd\u0dbb\u0dca\u0da7\u0db1\u0dca \u0dad\u0dd0\u0db1\u0dca\u0db1 \u0daf\u0dd3 \u0d9a\u0dca\u200d\u0dbb\u0dd2\u0da9\u0dcf \u0db4\u0dd2\u0da7\u0dd2\u0dba\u0d9a\u0da7\r\n\u0db4\u0dc0\u0dbb\u0dcf \u0dc3\u0dd2\u0d82\u0dc4\u0dbb\u0dcf\u0da2\u0dba \u0dbd\u0dd3 \u0db8\u0ddd\u0dbd\u0d9a\u0da7\r\n\u0daf\u0dd4\u0db1\u0dca\u0dc4\u0dd2\u0daf \u0d87\u0dbd\u0dca\u0dbd \u0dc4\u0dbb\u0dc0\u0dcf \u0da2\u0dbd \u0dc0\u0dd2\u0daf\u0dd4\u0dbd\u0dd2\u0dba\u0da7\r\n\u0dc3\u0db8\u0db1\u0dbd \u0d9a\u0db1\u0dca\u0daf \u0db6\u0daf\u0dd4 \u0daf\u0dd9\u0db8\u0dd4 \u0dc4\u0ddd\u0da7\u0dbd\u0dba\u0d9a\u0da7\n\r\n\u0dbb\u0da7 \u0d9a\u0dbb\u0dc0\u0db1\u0dca\u0db1\u0da7 \u0db1\u0db8\u0dca..."
    },
    {
        "uuid": "1f47ea76-8a22-11e9-a0a3-3863bb98c88b",
        "song": "Ratakin Eha Igilee Thaniwenna Baa ",
        "singer": "Priya Sooriyasena ",
        "lyricUnicode": "\u0dbb\u0da7\u0d9a\u0dd2\u0db1\u0dca \u0d91\u0dc4\u0dcf \u0d89\u0d9c\u0dd2\u0dbd\u0dd3 \u0dad\u0db1\u0dd2\u0dc0\u0dd9\u0db1\u0dca\u0db1 \u0db6\u0dd1\r\n\u0dc3\u0dd2\u0dad\u0d9a\u0dd2\u0db1\u0dca \u0db1\u0ddc\u0dc0\u0dda \u0d9a\u0dd2\u0dc3\u0dd2\u0daf\u0dcf \u0dc4\u0dd0\u0dbb\u0dba\u0db1\u0dca\u0db1\u0dda \u0db8\u0dcf\r\n\u0d85\u0daf \u0db8\u0dd9\u0db1\u0dca \u0dc5\u200d\u0db3\u0dda \u0dc4\u0dd9\u0da7 \u0db1\u0dd1 \u0dc4\u0db8\u0dd4\u0dc0\u0db1\u0dca\u0db1\u0dda \u0db8\u0dcf\r\n\u0d9c\u0dd9\u0db1 \u0dba\u0db8\u0dd2 \u0d94\u0db6\u0dda \u0d86\u0daf\u0dbb\u0dda.. \u0d86\u0daf\u0dbb\u0dda\n\r\n\u0db1\u0dcf \u0daf\u0dc5\u0dd4 \u0daf\u0dd9\u0dad\u0ddc\u0dbd\u0dca \u0dc4\u0dc3\u0dbb\u0dd0\u0dbd\u0dd2 \u0db8\u0dad \u0dc0\u0dd9\u0dbd\u0dd3\r\n\u0d86\u0d9c\u0dd2\u0dba \u0d9c\u0db8\u0db1\u0dca \u0dc3\u0dd2\u0dc4\u0dd2\u0dc0 \u0d91\u0dba\u0dd2 \u0dba\u0dc5\u0dd2 \u0dba\u0dc5\u0dd3\r\n\u0d85\u0dc3\u0db8\u0dcf\u0db1 \u0dc0\u0dd6 \u0d92 \u0d85\u0db4 \u0d86\u0daf\u0dbb\u0dda\r\n\u0d9a\u0dd2\u0dc3\u0dd2\u0daf\u0dcf \u0db6\u0dd2\u0db3\u0dd9\u0db1\u0dca \u0db1\u0dd1 \u0dc3\u0dd0\u0d9a\u0dba\u0d9a\u0dca \u0db1\u0dd0\u0dad\u0dda\n\r\n\u0dbb\u0da7\u0d9a\u0dd2\u0db1\u0dca \u0d91\u0dc4\u0dcf \u0d89\u0d9c\u0dd2\u0dbd\u0dd3 \u0dad\u0db1\u0dd2\u0dc0\u0dd9\u0db1\u0dca\u0db1 \u0db6\u0dd1\r\n\u0dc3\u0dd2\u0dad\u0d9a\u0dd2\u0db1\u0dca \u0db1\u0ddc\u0dc0\u0dda \u0d9a\u0dd2\u0dc3\u0dd2\u0daf\u0dcf \u0dc4\u0dd0\u0dbb\u0dba\u0db1\u0dca\u0db1\u0dda \u0db8\u0dcf\n\r\n\u0d85\u0dad\u0dd2\u0db1\u0dad \u0dc0\u0dd9\u0dbd\u0dcf \u0db4\u0da7\u0dbd\u0dbd\u0dcf \u0dbb\u0db1\u0dca \u0dc4\u0dd4\u0dba\u0dd9\u0db1\u0dca\r\n\u0d94\u0db6 \u0d9c\u0dd9\u0db1 \u0dba\u0db8\u0dd2 \u0dc3\u0db4\u0dd4\u0dbb\u0dbd\u0dcf \u0dc3\u0dd2\u0dad\u0dd4 \u0db4\u0dd0\u0dad\u0dd4\u0db8\u0dca\r\n\u0dc4\u0dd9\u0da7 \u0d92 \u0daf\u0dd2\u0db1\u0dda\u0daf\u0dd3 \u0dc3\u0dba\u0dd4\u0dbb\u0dd9\u0db1\u0dca \u0d91\u0dc4\u0dcf\r\n\u0db4\u0dd2\u0dc5\u0dd2\u0d9c\u0db1\u0dca\u0db1\u0dc0\u0dcf\u0daf\u0ddd \u0db4\u0dd0\u0db8\u0dd2\u0dab\u0dd3 \u0dc0\u0dc4\u0dcf\n\r\n\u0dbb\u0da7\u0d9a\u0dd2\u0db1\u0dca \u0d91\u0dc4\u0dcf....."
    },
    {
        "uuid": "21859fdc-8a22-11e9-9e1b-3863bb98c88b",
        "song": "Rathriya Uda Una Ninda Ai Noenne ",
        "singer": "T M Jayarathna ",
        "lyricUnicode": "\u0dbb\u0dcf\u0dad\u0dca\u200d\u0dbb\u0dd2\u0dba \u0d8b\u0daf\u0dcf \u0d8b\u0db1\u0dcf\r\n\u0db1\u0dd2\u0db1\u0dca\u0daf \u0d87\u0dba\u0dd2 \u0db1\u0ddc\u0d91\u0db1\u0dca\u0db1\u0dda\n\n\r\n\u0d94\u0db6 \u0dc4\u0db8\u0dd4 \u0dc0\u0dd6 \u0daf\u0dcf \u0db4\u0da7\u0db1\u0dca\r\n\u0db8\u0dcf \u0dc4\u0daf\u0dc0\u0dad \u0d85\u0dc0\u0daf\u0dd2\u0dba\u0dd9\u0db1\u0dca\r\n\u0dbb\u0dd0\u0dba \u0db4\u0dc4\u0db1\u0dca \u0dc0\u0dd9\u0dbd\u0dcf \u0dba\u0dba\u0dd2\r\n\u0db1\u0ddc\u0dc0\u0dd3 \u0db1\u0dd2\u0daf\u0dd2 \u0daf\u0dd0\u0dc4\u0dd0\u0db1\u0dca\n\r\n\u0dbb\u0dcf\u0dad\u0dca\u200d\u0dbb\u0dd2\u0dba \u0d8b\u0daf\u0dcf \u0d8b\u0db1\u0dcf...\n\r\n\u0d94\u0db6 \u0d85\u0dc0\u0dd4\u0daf\u0dd2\u0db1\u0dca \u0dc3\u0dd2\u0dc0\u0dca \u0daf\u0dd2\u0d9c\u0dd2\u0db1\u0dca\r\n\u0db8\u0dcf \u0daf\u0dd9\u0db1\u0dd9\u0dad\u0dda \u0daf\u0dd0\u0dc0\u0da7\u0dd9\u0db8\u0dd2\u0db1\u0dca\r\n\u0dc3\u0dd2\u0dad\u0dca \u0dad\u0dd0\u0dc0\u0dd4\u0dbd\u0dca \u0db8\u0dc0\u0dcf\u0dbd\u0dba\u0dd2\r\n\u0db4\u0dd4\u0dbb\u0dcf \u0dbb\u0dd0\u0dba \u0db1\u0dd2\u0dad\u0dd2\u0db1\u0dca\n\r\n\u0dbb\u0dcf\u0dad\u0dca\u200d\u0dbb\u0dd2\u0dba \u0d8b\u0daf\u0dcf \u0d8b\u0db1\u0dcf..."
    },
    {
        "uuid": "26b86334-8a22-11e9-9747-3863bb98c88b",
        "song": "Rathu Guru Pare Handawe ",
        "singer": "Latha Walpola ",
        "lyricUnicode": "\u0dbb\u0dad\u0dd4 \u0d9c\u0dd4\u0dbb\u0dd4 \u0db4\u0dcf\u0dbb\u0dda \u0dc4\u0dd0\u0db1\u0dca\u0daf\u0dd1\u0dc0\u0dda \u0d85\u0d9a\u0dca\u0d9a\u0dcf \u0db1\u0d9c\u0ddd \u0dc0\u0dcf\u0d9c\u0dda\r\n\u0d85\u0dad\u0dd2\u0db1\u0dad \u0db4\u0da7\u0dc5\u0dcf \u0dba\u0db8\u0dd4 \u0d85\u0db4\u0dd2 \u0daf\u0dd9\u0daf\u0dd9\u0db1\u0dcf \u0db4\u0dd4\u0d82\u0da0\u0dd2 \u0daf\u0dd4\u0dc0\u0dda \u0db8\u0dcf\u0d9c\u0dda\r\n\u0daf\u0dd9\u0db1\u0ddd\u0daf\u0dc4\u0d9a\u0dca \u0dbd\u0ddc\u0dc0 \u0dc3\u0dd2\u0da7\u0dd2\u0dba\u0dad\u0dca \u0d9a\u0db8\u0dca \u0db1\u0dd0\u0dad \u0db8\u0da7 \u0db8\u0dc0\u0dca \u0dc4\u0dd9\u0dc0\u0db1 \u0dc0\u0d9c\u0dda\r\n\u0db6\u0dd2\u0dc4\u0dd2\u0dc0\u0dd6 \u0daf\u0dcf \u0dc3\u0dd2\u0da7 \u0d85\u0db4 \u0dc5\u0d82 \u0dc0\u0dd3 \u0d87\u0dad \u0dc4\u0dd9\u0dc0\u0db1\u0dd0\u0dc5\u0dd2 \u0daf\u0dd9\u0d9a\u0d9a\u0dca \u0dc0\u0d9c\u0dda\n\r\n\u0dbb\u0db1\u0dca \u0daf\u0ddd\u0dbd\u0dcf\u0dc0\u0d9a \u0d9a\u0dd4\u0db8\u0dbb\u0dd9\u0d9a\u0dd4 \u0d85\u0dad \u0d9c\u0dd9\u0db1 \u0d88\u0dad \u0daf\u0dd4\u0dbb\u0d9a \u0d94\u0db6 \u0dba\u0db1 \u0daf\u0dd2\u0db1\u0dba\u0dda\r\n\u0dc4\u0dd2\u0dad\u0dcf \u0d9c\u0db1\u0dca\u0db1 \u0db6\u0dd1 \u0d9a\u0dd4\u0db8\u0d9a\u0dca \u0daf\u0dd0\u0db1\u0dda\u0dc0\u0dd2\u0daf \u0dc4\u0dd2\u0dad\u0da7 \u0db8\u0d9c\u0dda \u0d91\u0daf\u0dd2\u0db1\u0dda\r\n\u0d9c\u0dd2\u0dba\u0daf \u0d9a\u0ddc\u0dc4\u0dda \u0db8\u0db8 \u0dc5\u0d9f\u0dba \u0d94\u0db6\u0dda \u0db1\u0dd2\u0dad\u0dd2 \u0d9b\u0dd9\u0daf\u0dd3 \u0db6\u0dd2\u0db3\u0dd3 \u0db1\u0ddc\u0db8\u0dba\u0dda\r\n\u0dba\u0dc4\u0dc5\u0dd4\u0dc0\u0dcf\u0da7 \u0dba\u0dd9\u0dc4\u0dd9\u0dc5\u0dd2\u0dba\u0da7 \u0db8\u0d9c\u0dda \u0dc5\u0d9c \u0d94\u0db6 \u0db4\u0db8\u0dab\u0dba\u0dd2 \u0d89\u0db1\u0dca\u0db1\u0dda\n\r\n\u0dbb\u0dad\u0dd4 \u0d9c\u0dd4\u0dbb\u0dd4 \u0db4\u0dcf\u0dbb\u0dda......\n\r\n\u0db8\u0dc4\u0dc5\u0dd4 \u0dc0\u0dd2\u0dba\u0dda \u0db8\u0dcf \u0dad\u0db1\u0dd2 \u0dc0\u0db1 \u0daf\u0dc0\u0dc3\u0dda \u0dc0\u0dcf\u0dbb\u0dd4 \u0db1\u0ddc\u0db8\u0dd0\u0dad\u0dd2 \u0db4\u0dcf \u0d94\u0dc3\u0dc0\u0db1\u0dca\u0db1\u0dda\r\n\u0dad\u0db1\u0dd2 \u0db1\u0ddc\u0dad\u0db1\u0dd2\u0dba \u0db8\u0dd0\u0daf \u0daf\u0dd4\u0dc0\u0dda \u0db1\u0dd4\u0db9\u0dba\u0dd2 \u0db8\u0da7 \u0d91\u0daf\u0dcf\u0da7 \u0db8\u0dc0\u0dca \u0dc0\u0db1\u0dca\u0db1\u0dda\r\n\u0db8\u0dcf \u0d9c\u0dad \u0dc3\u0dd4\u0dc0\u0db3\u0dba\u0dd2 \u0d94\u0db6 \u0d9c\u0dad \u0dc3\u0dd4\u0dc0\u0db3\u0dba\u0dd2\u0d9a\u0dd2\u0dc3\u0dd2 \u0dc0\u0dd9\u0db1\u0dc3\u0d9a\u0dca \u0db1\u0dd0\u0dad\u0dca\u0dad\u0dda\r\n\u0db8\u0db8\u0dba\u0dd2 \u0d94\u0db6\u0dda \u0daf\u0dd4\u0dc0 \u0d94\u0db6\u0dba\u0dd2 \u0db8\u0d9c\u0dda \u0db8\u0dc0 \u0db7\u0dc0\u0dd9\u0db1\u0dca \u0db7\u0dc0\u0dda \u0db1\u0dd2\u0db6\u0db3\u0dda\n\r\n\u0dbb\u0dad\u0dd4 \u0d9c\u0dd4\u0dbb\u0dd4 \u0db4\u0dcf\u0dbb\u0dda......"
    },
    {
        "uuid": "2738b25c-8a22-11e9-89f6-3863bb98c88b",
        "song": "Rathu Pata Handawe ",
        "singer": "Ajith Muthukumarana ",
        "lyricUnicode": "\u0dbb\u0dad\u0dd4 \u0db4\u0dcf\u0da7 \u0dc4\u0dd0\u0db1\u0dca\u0daf\u0dd1\u0dc0\u0dda\r\n\u0dc0\u0dd9\u0db1\u0daf\u0dcf \u0dc4\u0db8\u0dd4\u0dc0\u0db1 \u0db4\u0dcf\u0dbb\u0dda \r\n\u0d85\u0daf \u0db8\u0d82 \u0dc0\u0dd2\u0dad\u0dbb\u0dba\u0dd2 \u0d89\u0db1\u0dca\u0db1\u0dda\r\n\u0db1\u0ddc\u0d9a\u0dd2\u0dba\u0dcf\u0db8 \u0d87\u0dba\u0dd2 \u0dba\u0db1\u0dca\u0db1\u0dda\r\n\u0db1\u0dd0\u0dad\u0dd2\u0dc0\u0dcf\u0daf \u0daf\u0dd4\u0d9a \u0daf\u0db1\u0dca\u0db1\u0dda\n\r\n\u0dc0\u0dda\u0daf\u0db1\u0dcf \u0db1\u0dd2\u0dc0\u0dbd\u0dcf \u0d86\u0daf\u0dbb\u0dd9\u0dba\u0dd2 \u0d9a\u0dd2\u0dba\u0dbd\u0dcf \r\n\u0db8\u0da7\u0db8 \u0d89\u0db4\u0daf\u0dd3\u0dbd\u0dcf \u0db8\u0dcf \u0dbd\u0d9c\u0dd2\u0db1\u0dca \u0d8b\u0db1\u0dca\u0db1\u0dcf \r\n\u0d9a\u0daf\u0dd4\u0dc5\u0dd4 \u0d9a\u0dd0\u0da7 \u0db8\u0dcf\u0d9c\u0dda \u0db1\u0dd0\u0dad\u0dd2\u0dc0\u0dcf\u0daf \u0dad\u0dda\u0dbb\u0dd9\u0db1\u0dca\u0db1\u0dda \n\r\n\u0dbb\u0dad\u0dd4 \u0db4\u0dcf\u0da7......\n\r\n\u0d87\u0dc3\u0dca \u0db4\u0dd2\u0dba\u0db1\u0dca \u0dc0\u0dd0\u0dc3\u0dd2\u0dbd\u0dcf \u0dc4\u0dd2\u0dad\u0dad\u0dca \u0db1\u0dd0\u0dc0\u0dad\u0dd3\u0dbd\u0dcf \r\n\u0db8\u0dcf\u0dc0 \u0dad\u0db1\u0dd2\u0d9a\u0dbb\u0dbd\u0dcf \u0d88\u0dad \u0d94\u0db6 \u0dba\u0db1\u0dc0\u0dcf \r\n\u0db1\u0dd2\u0dc3\u0dbd \u0d94\u0db6 \u0d86\u0dba\u0dda \u0d9a\u0dc0\u0daf\u0dcf\u0daf \u0dba\u0dbd\u0dd2 \u0d91\u0db1\u0dca\u0db1\u0dda\n\r\n\u0dbb\u0dad\u0dd4 \u0db4\u0dcf\u0da7......"
    },
    {
        "uuid": "28243468-8a22-11e9-8249-3863bb98c88b",
        "song": "Rathu Rosa Mal Yaye ",
        "singer": "Amarasiri Peiris ",
        "lyricUnicode": "\u0dbb\u0dad\u0dd4 \u0dbb\u0ddd\u0dc3 \u0db8\u0dbd\u0dca \u0dba\u0dcf\u0dba\u0dda\r\n\u0db8\u0dd4\u0daf\u0dd4 \u0dc3\u0dd3\u0dad \u0db4\u0dd2\u0db1\u0dd2 \u0dc0\u0dd1\u0dc4\u0dda\r\n\u0d94\u0db6 \u0dc4\u0dcf \u0db8\u0dd9\u0db8\u0dcf \u0d9c\u0dd9\u0dc0\u0dd4 \u0d92 \u0dba\u0dd4\u0d9c\u0dda \u0dc3\u0dd2\u0dc4\u0dd2\u0dc0\u0dd3\r\n\u0d9a\u0db3\u0dd4\u0dc5\u0dd0\u0dbd\u0dca \u0dbd\u0dd9\u0dc3\u0dd2\u0db1\u0dca \u0db8\u0dd4\u0daf\u0dd4 \u0dc3\u0dd3\u0dad \u0db4\u0dd2\u0db1\u0dd2 \u0dc0\u0dd1\u0dc4\u0dda\n\r\n\u0d9c\u0d82\u0d9c\u0ddd \u0dc3\u0dd2\u0daf\u0dd3 \u0dc0\u0dd2\u0dba\u0dd0\u0dbd\u0dd3\r\n\u0db4\u0dd2\u0db4\u0dd2 \u0db8\u0dbd\u0dca \u0dc3\u0dd0\u0dbd\u0dd2 \u0db8\u0dd0\u0dbd\u0dd0\u0dc0\u0dd3\r\n\u0dc3\u0daf \u0dad\u0dcf\u0dbb\u0d9a\u0dcf \u0db1\u0ddc\u0db1\u0dd0\u0dc4\u0dd3 \u0db1\u0dd2\u0daf\u0dcf\r\n\u0dad\u0db1\u0dd2\u0dc0\u0dd3 \u0dc4\u0dd2\u0daf\u0dd3 \u0d85\u0daf\u0dd4\u0dbb\u0dda\n\r\n\u0dbb\u0dad\u0dd4 \u0dbb\u0ddd\u0dc3 \u0db8\u0dbd\u0dca...\n\r\n\u0db6\u0ddc\u0daf \u0dc3\u0dd3\u0dad \u0dc3\u0daf \u0d91\u0dbd\u0dd2\u0dba\u0dda\r\n\u0dc3\u0dd0\u0db8\u0dbb\u0dd4\u0db8\u0dca \u0dbd\u0dd9\u0dc3\u0dd2\u0db1\u0dca \u0db4\u0dcf\u0dc0\u0dd3\r\n\u0d94\u0db6\u0d9c\u0dda \u0d9a\u0dad\u0dcf \u0dc3\u0dd2\u0dc4\u0dd2\u0db1\u0dd9\u0db1\u0dca \u0d85\u0dc3\u0dcf\r\n\u0daf\u0dd9\u0db1\u0dd4\u0dc0\u0db1\u0dca \u0dc4\u0dd2\u0daf\u0dd3 \u0db1\u0ddc\u0db1\u0dd2\u0daf\u0dcf\n\r\n\u0dbb\u0dad\u0dd4 \u0dbb\u0ddd\u0dc3 \u0db8\u0dbd\u0dca..."
    },
    {
        "uuid": "29977098-8a22-11e9-813a-3863bb98c88b",
        "song": "Rayak Nida Nidi Nathi Raa (Amma) ",
        "singer": "Noel Raj ",
        "lyricUnicode": "\u0dbb\u0dd0\u0dba\u0d9a\u0dca \u0db1\u0dd2\u0daf\u0dcf \u0db1\u0dd2\u0daf\u0dd2 \u0db1\u0dd0\u0dad\u0dd2 \u0dbb\u0dd1 \u0daf\u0dc3 \u0daf\u0dc4\u0dc3\u0d9a\u0dca \u0d9c\u0dd9\u0dc0\u0dca\u0dc0\u0dcf\r\n\u0db6\u0dad\u0d9a\u0dca \u0d8b\u0dba\u0dcf \u0d9a\u0da7\u0d9a\u0dca \u0db1\u0ddc\u0d9a\u0dcf \u0db8\u0dcf \u0d91\u0db1\u0dad\u0dd4\u0dbb\u0dd4 \u0d8b\u0db1\u0dca\u0db1\u0dcf\r\n\u0d85\u0db8\u0dca\u0db8\u0dcf \u0d85\u0db8\u0dca\u0db8\u0dcf \u0d85\u0db8\u0dca\u0db8\u0dcf \u0d85\u0db8\u0dca\u0db8\u0dcf\r\n\u0db8\u0db8 \u0db8\u0d9c\u0dd9\u0dba\u0dd2 \u0d94\u0db6\u0da7 \u0d86\u0daf\u0dbb\u0dda \u0d9a\u0dd9\u0dbb\u0dd4\u0dc0\u0dcf\n\r\n\u0db4\u0dd2\u0db1\u0dca\u0dc0\u0db1\u0dca\u0dad\u0dd2\u0dba\u0dda \u0d94\u0db6\u0d9c\u0dd9 \u0db4\u0dd2\u0db1\u0dca \u0db8\u0dc4\u0dd2\u0db8\u0dba\u0dd9\u0db1\u0dca \r\n\u0db8\u0da7 \u0dbd\u0ddd\u0d9a\u0dd9 \u0daf\u0dd0\u0d9a\u0d9c\u0db1\u0dca\u0db1 \u0daf\u0dd4\u0db1\u0dca\u0db1\u0dcf\r\n\u0daf\u0dd9\u0db1\u0dd9\u0dad\u0dda \u0d94\u0db6\u0dda \u0dc3\u0dd0\u0dbd\u0dd9\u0db1 \u0d87\u0dc4\u0dd2\u0db4\u0dd2\u0dbd\u0dca\u0dbd\u0db8\u0dda\r\n\u0dc4\u0dd0\u0db8 \u0dc0\u0dcf\u0dbb\u0dba\u0d9a\u0dca\u0db8 \u0d94\u0db6 \u0db8\u0dcf\u0dc0 \u0dc3\u0dd2\u0dad\u0dd4\u0dc0\u0dcf\r\n\u0d85\u0db8\u0dca\u0db8\u0dcf \u0d85\u0db8\u0dca\u0db8\u0dcf \u0d85\u0db8\u0dca\u0db8\u0dcf \u0d85\u0db8\u0dca\u0db8\u0dcf\r\n\u0db8\u0db8 \u0db8\u0d9c\u0dd9\u0dba\u0dd2 \u0d94\u0db6\u0da7 \u0d86\u0daf\u0dbb\u0dda \u0d9a\u0dd9\u0dbb\u0dd4\u0dc0\u0dcf\n\r\n\u0dc0\u0dd2\u0dba\u0db4\u0dad\u0dca \u0dc0\u0dd4\u0dc0\u0dad\u0dca \u0dad\u0dcf\u0db8 \u0d94\u0db6\u0d9c\u0dda \u0d85\u0dad\u0dda\r\n\u0d85\u0dad \u0db4\u0dd4\u0d82\u0da0\u0dd2 \u0daf\u0dbb\u0dd4\u0dc0\u0dcf\u0db8\u0db1\u0dd9 \u0db8\u0dcf\r\n\u0d8b\u0d9a\u0dd4\u0dbd\u0dda \u0d94\u0db6\u0dda \u0db1\u0dd0\u0dc0\u0dad \u0db1\u0dbd\u0dc0\u0db1\u0dca\u0db1 \u0db8\u0dcf\r\n\u0d87\u0dad\u0dd2 \u0d92\u0d9a \u0dc3\u0db1\u0dc3\u0db1\u0dca\u0db1 \u0dc3\u0dd2\u0dad \u0db8\u0dcf\r\n\u0d85\u0db8\u0dca\u0db8\u0dcf \u0d85\u0db8\u0dca\u0db8\u0dcf \u0d85\u0db8\u0dca\u0db8\u0dcf \u0d85\u0db8\u0dca\u0db8\u0dcf\r\n\u0db8\u0db8 \u0db8\u0d9c\u0dd9\u0dba\u0dd2 \u0d94\u0db6\u0da7 \u0d86\u0daf\u0dbb\u0dda \u0d9a\u0dd9\u0dbb\u0dd4\u0dc0\u0dcf\n\r\n\u0dbb\u0dd0\u0dba\u0d9a\u0dca \u0db1\u0dd2\u0daf\u0dcf.....       "
    },
    {
        "uuid": "2daa09e2-8a22-11e9-a626-3863bb98c88b",
        "song": "Reyata Ida Dee ",
        "singer": "Indika Ruwan (Roony) ",
        "lyricUnicode": "\u0dbb\u0dd0\u0dba\u0da7 \u0d89\u0da9\u0daf\u0dd3 \u0dc4\u0dd2\u0dbb\u0dd4\u0dad\u0dca \u0d9c\u0dd2\u0dbd\u0dd6\u0db1\u0dcf \u0d85\u0db8\u0dca\u0db6\u0dbb\u0dda\r\n\u0dc3\u0dd2\u0dad \u0d8b\u0db4\u0db1\u0dca \u0d9c\u0dd2\u0db1\u0dd2 \u0db1\u0dd4\u0dbb\u0dcf \u0db1\u0dd2\u0dc0\u0db1\u0da7 \r\n\u0dc3\u0db3\u0d9a\u0dca \u0d91\u0db1\u0dc0\u0dcf \u0dc0\u0dd0\u0dc4\u0dd2 \u0db4\u0ddc\u0daf\u0dda //\n\r\n\u0db4\u0db6\u0dc5\u0dd4 \u0db4\u0ddc\u0da7 \u0dc0\u0dd2\u0dc3\u0dd2\u0dbb\u0dd4\u0db1\u0dcf\r\n\u0d91\u0daf\u0dad\u0dca \u0db8\u0dcf\u0d9c\u0dda \u0dad\u0ddc\u0dbd\u0dca \u0dc0\u0dd0\u0daf\u0dd3\r\n\u0d91\u0d9a\u0dd2\u0db1\u0dca \u0d91\u0d9a \u0d87\u0dc0\u0dd2\u0dbd\u0dd6\u0dc0\u0dcf \r\n\u0db4\u0dc5\u0db3\u0dc0\u0db1\u0dca\u0db1\u0da7 \u0db8\u0dd4\u0daf\u0dd4 \u0db6\u0db3\u0dda\n\r\n\u0dbb\u0dd0\u0dba\u0da7 \u0d89\u0da9\u0daf\u0dd3...\n\r\n\u0dc3\u0db3\u0da7 \u0dc0\u0dd9\u0dc4\u0dd9\u0dc3\u0d9a\u0dca \u0daf\u0dd0\u0db1\u0dd3\r\n\u0daf\u0dd9\u0db1\u0dd9\u0dad\u0dca \u0dc0\u0dd0\u0dc3\u0dd4\u0db1\u0dcf \u0dc3\u0dd3\u0dbb\u0dd4\u0dc0\u0dda\r\n\u0db1\u0dd3\u0dbd \u0d9a\u0dd9\u0dc4\u0dd9\u0dbb\u0dd0\u0dbd\u0dca \u0d87\u0d9c\u0dda\r\n\u0db4\u0dd0\u0da7\u0dbd\u0dd6\u0db1\u0dcf \u0db8\u0d9c\u0dda \u0db1\u0dd9\u0dad\u0dca \u0daf\u0dd0\u0dbd\u0dda\n\r\n\u0dbb\u0dd0\u0dba\u0da7 \u0d89\u0da9\u0daf\u0dd3... //"
    },
    {
        "uuid": "2fe9f1e2-8a22-11e9-a187-3863bb98c88b",
        "song": "Ridawannata Ayemath ",
        "singer": "Udaya Sri ",
        "lyricUnicode": "\u0dbb\u0dd2\u0daf\u0dc0\u0db1\u0dca\u0db1\u0da7 \u0d86\u0dba\u0dda\u0db8\u0dad\u0dca \u0db8\u0dad\u0d9a\u0dd9\u0da7 \u0d89\u0da9 \u0daf\u0dd9\u0db1\u0dca\u0db1\u0dd9\u0db4\u0dcf\r\n\u0d94\u0db6 \u0db8\u0dcf \u0dc3\u0dad\u0dd4\u0dc0\u0dd3\u0dbd\u0dcf \u0d8b\u0db1\u0dca \u0db6\u0dc0 \u0d9a\u0dd2\u0dc3\u0dd2\u0dc0\u0dd2\u0da7 \u0d85\u0d9f\u0dc0\u0db1\u0dca\u0db1\u0dd9\u0db4\u0dcf\r\n\u0d85\u0db4\u0dd9 \u0d87\u0dc3\u0dd4\u0dbb\u0d9a\u0dca \u0dc0\u0dd6 \u0d85\u0dba\u0dd4\u0dbb\u0d9a\u0dca \u0d9a\u0dcf\u0da7\u0dad\u0dca \u0db4\u0dc0\u0dc3\u0db1\u0dca\u0db1\u0dd9\u0db4\u0dcf\r\n\u0d85\u0db4 \u0dc0\u0dd9\u0db1\u0dca \u0d9a\u0dbb\u0db1\u0dcf \u0dbd\u0ddd\u0d9a\u0dd9\u0d9a \u0db8\u0dad\u0dd4 \u0d85\u0db4 \u0d89\u0db4\u0daf\u0dd9\u0db1\u0dca\u0db1\u0dd9\u0db4\u0dcf\n\r\n\u0db8\u0dad\u0d9a \u0dc3\u0db8\u0dbb\u0dd4 \u0d91\u0d9a\u0dca \u0d9a\u0dbb\u0dbd\u0dcf \u0daf\u0dc0\u0dcf\u0dbd\u0db1\u0dca\u0db1 \u0d85\u0dc5\u0dd4 \u0d9a\u0dbb\u0dbd\u0dcf\r\n\u0d85\u0db4\u0dda \u0dc3\u0dd9\u0db1\u0dd9\u0dc4\u0dc3\u0dda \u0dc3\u0da7\u0dc4\u0db1\u0dca \u0dad\u0dd2\u0dba\u0dcf \u0d9c\u0db1\u0dca\u0db1\u0dd9\u0db4\u0dcf\r\n\u0dc4\u0dd2\u0dad\u0dda \u0dc4\u0dd0\u0d9f=\u0db8\u0dca \u0d9a\u0dd0\u0da7\u0dd2 \u0d9a\u0dbb\u0dbd\u0dcf \u0d9a\u0db3\u0dd4\u0dc5\u0dd4 \u0db6\u0dd2\u0db3\u0d9a \u0daf\u0dd2\u0dba \u0d9a\u0dbb\u0dbd\u0dcf\r\n\u0db1\u0dd9\u0dad\u0dd4 \u0dc4\u0dbb\u0dd2\u0db1\u0dca\u0db1 \u0dba\u0dba\u0dd2 \u0d9c\u0dbd\u0dbd\u0dcf \u0db1\u0dc0\u0dad\u0dca\u0dc0\u0db1\u0dca\u0db1\u0dd9\u0db4\u0dcf\n\r\n\u0d85\u0dad\u0dbb \u0db8\u0d9f\u0daf\u0dd2 \u0dc4\u0db8\u0dd4\u0dc0\u0dd3\u0dbd\u0dcf \u0daf\u0dd4\u0da7\u0dd4\u0dc0\u0ddd\u0dad\u0dd2\u0db1\u0dca \u0db8\u0d9f \u0dc4\u0dd0\u0dbb\u0dbd\u0dcf\r\n\u0d94\u0dba\u0dcf \u0dba\u0db1\u0dca\u0db1 \u0db4\u0dd2\u0da7\u0dd4\u0db4\u0dcf\u0dbd\u0dcf \u0dba\u0dc5\u0dd2 \u0db6\u0dbd\u0db1\u0dca\u0db1\u0dd9\u0db4\u0dcf\r\n\u0d94\u0db6\u0da7 \u0db1\u0ddc\u0daf\u0dd0\u0db1\u0dd2 \u0dc3\u0dd0\u0d9f\u0dc0\u0dd3\u0dbd\u0dcf \u0db4\u0dd9\u0db1\u0dd9\u0db1 \u0daf\u0dd4\u0dbb\u0d9a \u0d89\u0db8\u0dd2 \u0dbb\u0dd0\u0db3\u0dd2\u0dbd\u0dcf\r\n\u0d89\u0dad\u0dd2\u0db1\u0dca \u0d89\u0db1\u0dca\u0db1 \u0dc4\u0dd2\u0db1\u0dd0\u0dc4\u0dd3\u0dbd\u0dcf \u0db8\u0dcf \u0dc3\u0ddc\u0dba\u0db1\u0dca\u0db1\u0dd9\u0db4\u0dcf\n\r\n\u0dbb\u0dd2\u0daf\u0dc0\u0db1\u0dca\u0db1\u0da7 \u0d86\u0dba\u0dda\u0db8\u0dad\u0dca..."
    },
    {
        "uuid": "32c0a4cc-8a22-11e9-b258-3863bb98c88b",
        "song": "Ridunu Sitha Mage Sanasenna One ",
        "singer": "Sameera Edirisinghe ",
        "lyricUnicode": "\u0dbb\u0dd2\u0daf\u0dd4\u0db1\u0dd4 \u0dc3\u0dd2\u0dad \u0db8\u0dcf\u0d9c\u0dda \u0dc3\u0dd0\u0db1\u0dc3\u0dd9\u0db1\u0dca\u0db1 \u0d95\u0db1\u0dda\r\n\u0d8b\u0dab\u0dd4\u0dc4\u0dd4\u0db8\u0dda \u0db4\u0dd9\u0dbb \u0dc0\u0d9c\u0dda \u0daf\u0dd0\u0dc0\u0da7\u0dd9\u0db1\u0dca\u0db1 \u0d95\u0db1\u0dda\r\n\u0dc3\u0dd2\u0dad\u0dd4\u0dc0\u0dcf\u0da7 \u0d92 \u0dc0\u0d9c\u0dda \u0d94\u0dba\u0dcf \u0d91\u0db1\u0dca\u0db1\u0dd1 \u0dc0\u0d9c\u0dda\r\n\u0db4\u0dcf\u0dc5\u0dd4\u0dba\u0dd2 \u0da2\u0dd3\u0dc0\u0dd2\u0dad\u0dda //\r\n\u0dbb\u0dd2\u0daf\u0dd4\u0db1\u0dd4 \u0dc3\u0dd2\u0dad \u0db8\u0dcf\u0d9c\u0dda \u0dc3\u0dd0\u0db1\u0dc3\u0dd9\u0db1\u0dca\u0db1 \u0d95\u0db1\u0dda\r\n\u0d8b\u0dab\u0dd4\u0dc4\u0dd4\u0db8\u0dda \u0db4\u0dd9\u0dbb \u0dc0\u0d9c\u0dda \u0daf\u0dd0\u0dc0\u0da7\u0dd9\u0db1\u0dca\u0db1 \u0d95\u0db1\u0dda\n\r\n\u0dc3\u0dd2\u0dad \u0d9c\u0dcf\u0dc0 \u0dad\u0dbb\u0dd4\u0dc0\u0d9a\u0dca \u0dc0\u0dd3\u0dbd\u0dcf\r\n\u0d8b\u0db1\u0dca\u0d9a\u0dcf\u0dbd\u0dda \u0d85\u0db8\u0dad\u0d9a \u0dc0\u0dd3\u0dbd\u0dcf\r\n\u0d87\u0dba\u0dd2 \u0db8\u0dcf\u0d9c\u0dda \u0dbd\u0ddd\u0d9a\u0dd9\u0db1\u0dca \u0db8\u0dd2\u0daf\u0dd2\u0dbd\u0dcf\r\n\u0dc3\u0dd2\u0dad\u0dca \u0dba\u0dc4\u0db1\u0dda \u0db8\u0dcf \u0dad\u0db1\u0dd2\u0d9a\u0dbb\u0dbd\u0dcf \u0d94\u0db6 \u0d9c\u0dd2\u0dba\u0dda \u0db8\u0dcf \u0daf\u0db8\u0dcf\n\r\n\u0dbb\u0dd2\u0daf\u0dd4\u0db1\u0dd4 \u0dc3\u0dd2\u0dad \u0db8\u0dcf\u0d9c\u0dda \u0dc3\u0dd0\u0db1\u0dc3\u0dd9\u0db1\u0dca\u0db1 \u0d95\u0db1\u0dda\r\n\u0d8b\u0dab\u0dd4\u0dc4\u0dd4\u0db8\u0dda \u0db4\u0dd9\u0dbb \u0dc0\u0d9c\u0dda \u0daf\u0dd0\u0dc0\u0da7\u0dd9\u0db1\u0dca\u0db1 \u0d95\u0db1\u0dda\n\r\n\u0db8\u0dcf \u0d9c\u0dcf\u0dc0 \u0dc3\u0dd9\u0db1\u0dd9\u0dc4\u0dd9\u0db1\u0dca \u0db6\u0dd0\u0daf\u0dd2\u0dbd\u0dcf\r\n\u0dbd\u0d9c \u0d89\u0db1\u0dca\u0db1 \u0daf\u0dd2\u0dc0\u0dd4\u0dbb\u0dd4\u0db8\u0dca \u0daf\u0dd3\u0dbd\u0dcf\r\n\u0d85\u0db8\u0dcf\u0dc0\u0d9a \u0db8\u0dcf \u0dbd\u0d9c \u0dad\u0dd2\u0dba\u0dbd\u0dcf\r\n\u0dc3\u0daf\u0dc0\u0dad\u0dd2\u0dba \u0db4\u0dcf\u0dc0\u0dd2 \u0d9c\u0dd2\u0dba\u0dcf \u0dc3\u0dd2\u0dc4\u0dd2\u0db1 \u0db6\u0ddc\u0daf\u0dc0\u0dd3\u0dbd\u0dcf\n\r\n\u0dbb\u0dd2\u0daf\u0dd4\u0db1\u0dd4 \u0dc3\u0dd2\u0dad....."
    },
    {
        "uuid": "358cdfc2-8a22-11e9-960b-3863bb98c88b",
        "song": "Ron Suwada Dena ",
        "singer": "Uresha Ravihari ",
        "lyricUnicode": "\u0dbb\u0ddc\u0db1\u0dca \u0dc3\u0dd4\u0dc0\u0daf \u0daf\u0dd9\u0db1 \u0db8\u0dbd\u0dca \u0db4\u0dd2\u0dba\u0dbd\u0dd2 \u0db8\u0dad \u0db4\u0dcf\u0dc0 \u0dba\u0db8\u0dd4 \u0dbb\u0dd1\u0db1\u0dda\r\n\u0d87\u0dbd\u0dca \u0db4\u0dc0\u0db1\u0dca \u0db8\u0dad \u0db1\u0dd2\u0db8\u0dca\u0dad\u0dd9\u0dbb\u0d9a\u0dca \u0dc0\u0dd9\u0dad \u0db8\u0dad\u0dca \u0db6\u0dd2\u0d9c\u0dd4\u0db1\u0dca \u0dc0\u0dcf\u0d9c\u0dda\r\n\u0da2\u0dd3\u0dc0\u0dd2\u0dad\u0dda \u0dc4\u0dbb\u0dd2 \u0dc3\u0dd4\u0db1\u0dca\u0daf\u0dbb\u0dba\u0dd2 \u0d86\u0daf\u0dbb\u0dba \u0d91\u0dc4\u0dd2 \u0db8\u0dbd\u0dca \u0db8\u0dd2\u0da7\u0dba\u0dd2\r\n\u0d89\u0db1\u0dca\u0db1\u0dc0\u0dcf \u0db1\u0db8\u0dca \u0db8\u0dcf \u0dbd\u0d9c\u0dd2\u0db1\u0dca \r\n\u0d9a\u0ddc\u0dba\u0dd2\u0dad\u0dbb\u0db8\u0dca \u0db1\u0db8\u0dca \u0dc3\u0ddc\u0daf\u0dd4\u0dbb\u0dd4\u0daf \u0db8\u0dd2\u0dc4\u0dd2\u0dbb\u0dda\r\n\u0dbb\u0ddc\u0db1\u0dca \u0dc3\u0dd4\u0dc0\u0daf \u0daf\u0dd9\u0db1 \u0db8\u0dbd\u0dca \u0db4\u0dd2\u0dba\u0dbd\u0dd2 \u0db8\u0dad \u0db4\u0dcf\u0dc0 \u0dba\u0db8\u0dd4 \u0dbb\u0dd1\u0db1\u0dda\n\r\n\u0db8\u0dbd\u0dca \u0dc0\u0dba\u0dc3\u0dda \u0db1\u0dd2\u0daf\u0dd2 \u0db1\u0dd0\u0dad\u0dd2 \u0d87\u0dc3\u0dca \u0db4\u0dd2\u0dba\u0db1\u0dca \u0dba\u0da7\r\n\u0d86\u0dbd \u0dc4\u0dd0\u0d9c\u0dd4\u0db8\u0dca \u0db4\u0dd2\u0db6\u0dd2\u0daf\u0dd9\u0dba\u0dd2 \u0d8b\u0dc3\u0dca \u0db4\u0dd0\u0dad\u0dd4\u0db8\u0d9a\u0da7 //\r\n\u0dc4\u0dd2\u0dbb\u0dd2\u0db8\u0dbd\u0dca \u0dc3\u0dd2\u0dad\u0dd2\u0dc0\u0dd2\u0dbd\u0dd2 \u0d9a\u0dbd\u0dad\u0dcf\r\n\u0dbb\u0dad\u0dca\u0dad\u0dbb\u0db1\u0dda \u0d94\u0db6 \u0dc3\u0dd2\u0dad \u0dad\u0dd4\u0dbd \u0dbb\u0dc4\u0dc3\u0dda\r\n\u0dbb\u0ddc\u0db1\u0dca \u0dc3\u0dd4\u0dc0\u0daf \u0daf\u0dd9\u0db1 \u0db8\u0dbd\u0dca \u0db4\u0dd2\u0dba\u0dbd\u0dd2 \u0db8\u0dad \u0db4\u0dcf\u0dc0 \u0dba\u0db8\u0dd4 \u0dbb\u0dd1\u0db1\u0dda\n\r\n\u0db8\u0dbd\u0dca \u0dc0\u0dbb\u0dd4\u0dc3\u0dcf \u0dc0\u0dd0\u0d9c\u0dd2\u0dbb\u0dd9\u0db1 \u0db8\u0dda \u0dc3\u0dd2\u0dc3\u0dd2\u0dbd \u0dba\u0da7\r\n\u0dc4\u0dd3\u0db1 \u0dbd\u0ddc\u0dc0\u0dd9 \u0daf\u0ddc\u0dbb\u0d9c\u0dd4\u0dbd\u0dca \u0daf\u0dd0\u0db1\u0dca \u0d87\u0dbb\u0dd9\u0db1\u0dc0\u0daf //\r\n\u0db1\u0dd2\u0d9a\u0dd0\u0dbd\u0dd0\u0dbd\u0dca \u0db4\u0dd0\u0dad\u0dd4\u0db8\u0d9a \u0dc3\u0dd0\u0d9c\u0dc0\u0dd3 \r\n\u0dbb\u0dad\u0dca\u0dad\u0dbb\u0db1\u0dda \u0d94\u0db6 \u0dc4\u0dd2\u0da7\u0dd2 \u0dc4\u0dd0\u0da7\u0dd2 \u0db8\u0db1\u0dc3\u0dda\n\r\n\u0dbb\u0ddc\u0db1\u0dca \u0dc3\u0dd4\u0dc0\u0daf \u0daf\u0dd9\u0db1.....\n"
    },
    {
        "uuid": "369010e4-8a22-11e9-9410-3863bb98c88b",
        "song": "Rosa Kalpana Ma Wela Payala Raa Pura ",
        "singer": "Sanka Dineth ",
        "lyricUnicode": "\u0dbb\u0ddd\u0dc3 \u0d9a\u0dbd\u0dca\u0db4\u0db1\u0dcf \u0db8\u0dcf \u0dc0\u0dd9\u0dbd\u0dcf \u0db4\u0dcf\u0dba\u0dbd\u0dcf \u0dbb\u0dd1 \u0db4\u0dd4\u0dbb\u0dcf\r\n\u0dc4\u0dd3\u0db1\u0dd2 \u0d87\u0dc3\u0dca \u0dc3\u0dbd\u0dcf \u0d86\u0dc0\u0daf\u0ddd \u0db4\u0dcf\u0dc0\u0dd9\u0dbd\u0dcf \u0db8\u0dcf \u0dc3\u0ddc\u0dba\u0dcf\r\n\u0daf\u0dd0\u0db1\u0dd9\u0db1\u0dc0\u0dcf \u0daf\u0dd0\u0db1\u0dd9\u0db1\u0dc0\u0dcf \u0daf\u0dd0\u0db1\u0dd9\u0db1\u0dc0\u0dcf \u0d88 \u0db1\u0dd2\u0dc3\u0dcf\r\n\u0d86\u0daf\u0dbb\u0dda\u0da7 \u0dc4\u0dda\u0dad\u0dd4 \u0d9c\u0dda\u0db1 \u0d86\u0daf\u0dbb\u0dd3 \u0d94\u0dba\u0dcf \r\n\u0dbb\u0ddd\u0dc3 \u0d9a\u0dbd\u0dca\u0db4\u0db1\u0dcf \u0db8\u0dcf \u0dc0\u0dd9\u0dbd\u0dcf \u0db4\u0dcf\u0dba\u0dbd\u0dcf \u0dbb\u0dd1 \u0db4\u0dd4\u0dbb\u0dcf\r\n\u0dc4\u0dd3\u0db1\u0dd2 \u0d87\u0dc3\u0dca \u0dc3\u0dbd\u0dcf \u0d86\u0dc0\u0daf\u0ddd \u0db4\u0dcf\u0dc0\u0dd9\u0dbd\u0dcf \u0db8\u0dcf \u0dc3\u0ddc\u0dba\u0dcf\n\r\n\u0daf\u0dd1\u0dc3 \u0daf\u0dd1\u0dc3 \u0dbb\u0dc4\u0dc3\u0dda\u0db8 \u0dc3\u0d82\u0dc0\u0dda\u0daf\u0dd3 \u0dc0\u0dd3\u0dbd\u0dcf\r\n\u0db1\u0dd1 \u0d86\u0dba\u0dda \u0dc3\u0d82\u0dc3\u0dcf\u0dbb\u0dda \u0dc3\u0dd3\u0db8\u0dcf\r\n\u0d88\u0dad \u0db8\u0dd1\u0dad \u0d85\u0dc4\u0dc3\u0dda\u0daf \u0dbb\u0dd1 \u0da1\u0dcf\u0dba\u0dcf \u0db4\u0dcf\u0dba\u0dcf\r\n\u0db8\u0dda \u0db8\u0dcf\u0d9c\u0dda \u0d9c\u0dd8\u0d82\u0d9c\u0dcf\u0dbb\u0dd3 \u0db4\u0dda\u0db1\u0dcf\r\n\u0daf\u0dd0\u0db1\u0dd9\u0db1\u0dc0\u0dcf \u0daf\u0dd0\u0db1\u0dd9\u0db1\u0dc0\u0dcf \u0daf\u0dd0\u0db1\u0dd9\u0db1\u0dc0\u0dcf \u0d88 \u0db1\u0dd2\u0dc3\u0dcf\r\n\u0d86\u0daf\u0dbb\u0dda\u0da7 \u0dc4\u0dda\u0dad\u0dd4 \u0d9c\u0dda\u0db1 \u0d86\u0daf\u0dbb\u0dd3 \u0d94\u0dba\u0dcf\r\n\u0dbb\u0ddd\u0dc3 \u0d9a\u0dbd\u0dca\u0db4\u0db1\u0dcf \u0db8\u0dcf \u0dc0\u0dd9\u0dbd\u0dcf \u0db4\u0dcf\u0dba\u0dbd\u0dcf \u0dbb\u0dd1 \u0db4\u0dd4\u0dbb\u0dcf\r\n\u0dc4\u0dd3\u0db1\u0dd2 \u0d87\u0dc3\u0dca \u0dc3\u0dbd\u0dcf \u0d86\u0dc0\u0daf\u0ddd \u0db4\u0dcf\u0dc0\u0dd9\u0dbd\u0dcf \u0db8\u0dcf \u0dc3\u0ddc\u0dba\u0dcf\n\r\n\u0d86\u0dba\u0dda \u0d86\u0dba\u0dda \u0dc3\u0dd2\u0dad\u0dd4 \u0dc3\u0dda\u0db8 \u0dc5\u0d82 \u0dc0\u0dd3\u0dbd\u0dcf \u0db8\u0dcf \u0dc4\u0dcf\r\n\u0d88 \u0db4\u0dcf\u0dc0\u0dda \u0d9c\u0dd2\u0db8\u0dca\u0dc4\u0dcf\u0db1\u0dda \u0d86\u0dc1\u0dcf\r\n\u0dbb\u0ddd\u0dc3 \u0daf\u0dd1\u0dad \u0dc3\u0dc3\u0dbb\u0dda\u0db8 \u0dc4\u0dd0\u0db8\u0daf\u0dcf\u0db8 \u0d95\u0db1\u0dcf\r\n\u0dc0\u0dd1\u0dc4\u0dd2\u0dbd\u0dcf \u0db8\u0db1\u0dc3\u0dda\u0db8 \u0dc3\u0dda\u0dba\u0dcf\r\n\u0daf\u0dd0\u0db1\u0dd9\u0db1\u0dc0\u0dcf \u0daf\u0dd0\u0db1\u0dd9\u0db1\u0dc0\u0dcf \u0daf\u0dd0\u0db1\u0dd9\u0db1\u0dc0\u0dcf \u0d88 \u0db1\u0dd2\u0dc3\u0dcf\r\n\u0d86\u0daf\u0dbb\u0dda\u0da7 \u0dc4\u0dda\u0dad\u0dd4 \u0d9c\u0dda\u0db1 \u0d86\u0daf\u0dbb\u0dd3 \u0d94\u0dba\u0dcf\r\n\u0dbb\u0ddd\u0dc3 \u0d9a\u0dbd\u0dca\u0db4\u0db1\u0dcf \u0db8\u0dcf \u0dc0\u0dd9\u0dbd\u0dcf \u0db4\u0dcf\u0dba\u0dbd\u0dcf \u0dbb\u0dd1 \u0db4\u0dd4\u0dbb\u0dcf\r\n\u0dc4\u0dd3\u0db1\u0dd2 \u0d87\u0dc3\u0dca \u0dc3\u0dbd\u0dcf \u0d86\u0dc0\u0daf\u0ddd \u0db4\u0dcf\u0dc0\u0dd9\u0dbd\u0dcf \u0db8\u0dcf \u0dc3\u0ddc\u0dba\u0dcf\n"
    },
    {
        "uuid": "38f76548-8a22-11e9-bc33-3863bb98c88b",
        "song": "Rosa Mal Pata Daatha Sipaganna ",
        "singer": "Namal Udugama ",
        "lyricUnicode": "\u0dbb\u0ddd\u0dc3 \u0db8\u0dbd\u0dca \u0db4\u0dcf\u0da7 \u0daf\u0dd1\u0dad \u0dc3\u0dd2\u0db4\u0d9c\u0db1\u0dca\u0db1 \r\n\u0d86\u0daf\u0dbb\u0dd9\u0db1\u0dca \u0db8\u0dda \u0dbb\u0dd0\u0dba\u0dda\r\n\u0dc3\u0dd3\u0dad \u0db1\u0dd2\u0db8\u0dca\u0db1\u0dba\u0da7 \u0d88\u0dad \u0daf\u0dd4\u0dbb \u0dba\u0db1\u0dca\u0db1 \r\n\u0dad\u0dcf\u0db8 \u0db1\u0dd1 \u0dbd\u0d82 \u0d8b\u0db1\u0dda //\n\r\n\u0d9a\u0dcf\u0da7\u0daf\u0ddd \u0daf\u0dd9\u0db1\u0dca\u0db1\u0dda \u0d86\u0daf\u0dbb\u0dda \u0d9a\u0dd0\u0dbd\u0dca\u0db8 \r\n\u0db1\u0dd3\u0dbd \u0daf\u0dd9\u0db1\u0dd4\u0dc0\u0db1\u0dca \u0dba\u0dd4\u0d9c\u0dd9\u0db1\u0dca\r\n\u0db8\u0dcf \u0d94\u0db6\u0dda \u0dc0\u0dd9\u0db1\u0dca\u0db1 \u0db8\u0dcf \u0dc3\u0ddc\u0dba\u0dcf \u0d91\u0db1\u0dca\u0db1 \r\n\u0dc3\u0dd3\u0dad \u0db4\u0dc0\u0db1\u0d9a\u0dca \u0dc0\u0d9c\u0dda //\n\r\n\u0dbb\u0ddd\u0dc3 \u0db8\u0dbd\u0dca \u0db4\u0dcf\u0da7.....\n\r\n\u0dc0\u0dda\u0daf\u0db1\u0dcf\u0dc0\u0dd9\u0db1\u0dca\u0db8 \u0db8\u0dcf \u0db8\u0dd4\u0dbd\u0dcf \u0dc0\u0dd9\u0dba\u0dd2\u0daf \r\n\u0db4\u0dcf\u0dc5\u0dd4 \u0d85\u0daf\u0dd4\u0dbb\u0dd2\u0db1\u0dca \u0dc3\u0dd2\u0dad\u0dda\r\n\u0d88 \u0db8\u0dd4\u0dbd\u0dcf\u0dc0\u0dd9\u0db1\u0dca\u0daf \u0db8\u0dcf \u0dc3\u0ddc\u0dba\u0dcf \u0d91\u0db1\u0dca\u0db1\u0dda \r\n\u0dc3\u0dd3\u0dad \u0db4\u0dc0\u0db1\u0d9a\u0dca \u0dc0\u0d9c\u0dda //\n\r\n\u0dbb\u0ddd\u0dc3 \u0db8\u0dbd\u0dca \u0db4\u0dcf\u0da7....."
    },
    {
        "uuid": "3988278c-8a22-11e9-9263-3863bb98c88b",
        "song": "Rosa Mal Pokurak ",
        "singer": "Thisara Bandara ",
        "lyricUnicode": "\u0dbb\u0ddd\u0dc3 \u0db8\u0dbd\u0dca \u0db4\u0ddc\u0d9a\u0dd4\u0dbb\u0d9a\u0dca\r\n\u0d91\u0d9a\u0db8 \u0d91\u0d9a \u0db1\u0da7\u0dd4\u0dc0\u0d9a\u0dca //\r\n\u0dad\u0dd4\u0da9\u0dd2\u0db1\u0dca \u0d85\u0dbb\u0d9c\u0dd9\u0db1\r\n\u0dbb\u0ddd\u0dc3 \u0db8\u0dbd\u0dca \u0d9a\u0dd0\u0d9a\u0dd4\u0dc5\u0d9a\u0dca\r\n\u0db4\u0dd4\u0d82\u0da0\u0dd2 \u0dc3\u0db8\u0db1\u0dc5\u0dba\u0dd9\u0d9a\u0dca\n\r\n\u0dc3\u0dbb\u0dcf \u0dc3\u0daf\u0dc0\u0dd3 \u0db4\u0dcf\u0dba\u0db1\u0dca\u0db1\r\n\u0dad\u0dbb\u0dd4 \u0d9a\u0dd0\u0d9a\u0dd4\u0dc5\u0dd4 \u0d87\u0dc4\u0dd0\u0dbb\u0db1\u0dca\u0db1 //\r\n\u0dc0\u0dbb\u0dbd\u0dc3\u0dda \u0dc4\u0dd0\u0d82\u0d9c\u0dd9\u0db1\u0dca\u0db1\r\n\u0d85\u0dba\u0dd2\u0dad\u0dd2 \u0d87\u0dad\u0dd2\u0dc0\u0daf \u0dc3\u0db8\u0db1\u0dc5\u0dba\u0dcf\u0da7\n\r\n\u0dbb\u0ddd\u0dc3 \u0db8\u0dbd\u0dca \u0db4\u0ddc\u0d9a\u0dd4\u0dbb\u0d9a\u0dca\r\n\u0d91\u0d9a\u0db8 \u0d91\u0d9a \u0db1\u0da7\u0dd4\u0dc0\u0d9a\u0dca //\n\r\n\u0dbb\u0ddd\u0dc3 \u0db4\u0dd9\u0dad\u0dd2 \u0dc3\u0dd2\u0db4 \u0d9c\u0db1\u0dca\u0db1\r\n\u0dbd\u0db8\u0dd0\u0daf\u0dda \u0db1\u0dd2\u0daf\u0dd2\u0dba\u0db1\u0dca\u0db1 //\r\n\u0d87\u0d9c\u0dd2\u0dbd\u0dd2 \u0dad\u0dd4\u0da9\u0dd4 \u0d89\u0dbd\u0dca\u0dbd\u0db1\u0dca\u0db1\r\n\u0d85\u0dba\u0dd2\u0dad\u0dd2 \u0d87\u0dad\u0dd2\u0dc0\u0daf \u0dc3\u0db8\u0db1\u0dc5\u0dba\u0dcf\u0da7\n\r\n\u0dbb\u0ddd\u0dc3 \u0db8\u0dbd\u0dca......"
    },
    {
        "uuid": "3a7b37de-8a22-11e9-99fc-3863bb98c88b",
        "song": "Rosa Malata Kiyanawada Ma Miya Giya Bawa ",
        "singer": "Krishantha Erandaka ",
        "lyricUnicode": "\u0dbb\u0ddd\u0dc3 \u0db8\u0dbd\u0da7 \u0d9a\u0dd2\u0dba\u0db1\u0dc0\u0dcf\u0daf \u0db8\u0dcf \u0db8\u0dd2\u0dba\u0d9c\u0dd2\u0dba \u0db6\u0dc0\r\n\u0d9a\u0dd2\u0dba\u0db1\u0dca\u0db1\u0dd9\u0db4\u0dcf \u0dbb\u0ddd\u0dc3 \u0d9c\u0dc4\u0dda \u0d9a\u0da7\u0dd4 \u0dc0\u0dd2\u0dc3\u0dc0\u0dd4\u0db1\u0dd4 \u0dc0\u0d9c //\n\r\n\u0db8\u0dbd \u0dc0\u0da7\u0d9a\u0dbb \u0d9a\u0da7\u0dd4 \u0dc3\u0dd0\u0daf\u0dd4\u0db1\u0dda \u0db4\u0dd9\u0dad\u0dd2 \u0dbb\u0d9a\u0dd2\u0db1\u0dca\u0db1 \u0db1\u0db8\u0dca\r\n\u0dad\u0dbb\u0dc4\u0d9c\u0db1\u0dca\u0db1\u0dda \u0d9a\u0ddc\u0dc4\u0ddc\u0db8\u0daf \u0d85\u0dad\u0dd4 \u0d89\u0dad\u0dd2\u0dad\u0dca \u0d91\u0d9a\u0dca\u0d9a \u0db8\u0d82\r\n\u0db8\u0dbd \u0dc0\u0da7\u0d9a\u0dbb \u0d9a\u0da7\u0dd4 \u0dc3\u0dd0\u0daf\u0dd4\u0db1\u0dda \u0db4\u0dd9\u0dad\u0dd2 \u0dbb\u0d9a\u0dd2\u0db1\u0dca\u0db1 \u0db1\u0db8\u0dca\r\n\u0dad\u0dbb\u0dc4\u0d9c\u0db1\u0dca\u0db1\u0dda \u0d9a\u0ddc\u0dc4\u0ddc\u0db8\u0daf \u0d85\u0dad\u0dd4 \u0d89\u0dad\u0dd2\u0dad\u0dca \u0d91\u0d9a\u0dca\u0d9a \u0db8\u0d82 //\n\r\n\u0dbb\u0ddd\u0dc3 \u0db8\u0dbd\u0da7......\n\r\n\u0db8\u0d9c\u0dd9 \u0dc3\u0ddc\u0dc4\u0ddc\u0db1\u0da7 \u0d86\u0dc0\u0ddc\u0dad\u0dca \u0d88 \u0d85\u0dc0\u0dc3\u0dbb \u0dc0\u0dd2\u0d9c\u0dc3\u0dd2\u0db1\u0dca\r\n\u0d9a\u0dd2\u0dba\u0db1\u0dca\u0db1 \u0db8\u0d82 \u0db4\u0dd9\u0db8\u0dca\u0d9a\u0dbd \u0db6\u0dc0 \u0dbb\u0ddd\u0dc3 \u0d9c\u0dc4 \u0dad\u0dbb\u0db8\u0dca\r\n\u0db8\u0d9c\u0dd9 \u0dc3\u0ddc\u0dc4\u0ddc\u0db1\u0da7 \u0d86\u0dc0\u0ddc\u0dad\u0dca \u0d88 \u0d85\u0dc0\u0dc3\u0dbb \u0dc0\u0dd2\u0d9c\u0dc3\u0dd2\u0db1\u0dca\r\n\u0d9a\u0dd2\u0dba\u0db1\u0dca\u0db1 \u0db8\u0d82 \u0db4\u0dd9\u0db8\u0dca\u0d9a\u0dbd \u0db6\u0dc0 \u0dbb\u0ddd\u0dc3 \u0d9c\u0dc4 \u0dad\u0dbb\u0db8\u0dca //\n\r\n\u0dbb\u0ddd\u0dc3 \u0db8\u0dbd\u0da7......"
    }
]