[
    {
        "uuid": "8e8a748c-8a24-11e9-b21f-3863bb98c88b",
        "song": "Thahanam Dan Mata Oyage Roope ",
        "singer": "Viraj Perera ",
        "lyricUnicode": "\u0dad\u0dc4\u0db1\u0db8\u0dca \u0daf\u0dd0\u0db1\u0dca \u0db8\u0da7 \u0d94\u0dba\u0dcf\u0d9c\u0dda \u0dbb\u0dd6\u0db4\u0dda \u0db4\u0dda\u0db1\u0dcf \u0dad\u0dd0\u0db1\u0d9a \u0d89\u0db1\u0dca\u0db1\u0dad\u0dca \r\n\u0db8\u0dda \u0dbd\u0ddd\u0d9a\u0dda \u0db4\u0dc0\u0dd4\u0dbb\u0dd4 \u0db6\u0dd0\u0daf\u0dd2\u0dbd\u0dcf \u0d85\u0db4 \u0dc0\u0da7\u0dcf\r\n\u0db8\u0dda \u0d9c\u0dd9\u0dc0\u0dd9\u0db1\u0dcf \u0db8\u0ddc\u0dc4\u0ddc\u0dad \u0d9c\u0dcf\u0db1\u0dda \u0d94\u0db6\u0dc0 \u0dba\u0dcf\u0dc0\u0dd3 \u0daf\u0dd4\u0dbb\u0da7 \u0db8\u0dcf\u0d9c\u0dd9\u0db1\u0dca\r\n\u0db4\u0dd4\u0dbd\u0dd6\u0dc0\u0db1\u0dca\u0db1\u0db8\u0dca \u0dad\u0db6\u0db8\u0dd2 \u0d9a\u0dcf\u0dbd\u0dda \u0db1\u0dc0\u0dad\u0dbd\u0dcf\n\r\n\u0d85\u0db4\u0dd2 \u0d86\u0dba\u0dda \u0dc4\u0db8\u0dd4\u0dc0\u0dd9\u0db1\u0dca\u0db1\u0dda \u0d9a\u0dc0\u0daf\u0dcf\u0daf\u0ddd \u0db1\u0dd1 \u0daf\u0db1\u0dca\u0db1\u0dda\r\n\u0d91\u0dad\u0d9a\u0dbd\u0dca \u0d89\u0db1\u0dca\u0db1\u0dc0\u0dcf \u0db8\u0d9c \u0db6\u0dbd\u0dcf\r\n\u0db8\u0dcf \u0d89\u0db1\u0dca\u0db1\u0dda \u0dbd\u0dad\u0dd0\u0dc0\u0dd2\u0dbd\u0dca\u0dbd\u0dda \u0dc4\u0dd2\u0dad \u0d87\u0dad\u0dd4\u0dbd\u0dda \u0d9c\u0dd2\u0db1\u0dd2 \u0daf\u0dd0\u0dbd\u0dca\u0dc0\u0dda\r\n\u0d94\u0db6 \u0daf\u0db1\u0dca\u0db1\u0dd1 \u0db8\u0d9c\u0dda \u0dc0\u0dda\u0daf\u0db1\u0dcf\n\r\n\u0dad\u0dc4\u0db1\u0db8\u0dca \u0daf\u0dd0\u0db1\u0dca \u0db8\u0da7 \u0d94\u0dba\u0dcf\u0d9c\u0dda....\n\r\n\u0d87\u0dba\u0dd2\u0daf\u0ddd \u0db8\u0dda \u0db6\u0dcf\u0daf\u0dcf \u0d85\u0db4\u0dd2 \u0d9a\u0dcf\u0da7\u0dad\u0dca \u0db1\u0dd1 \u0dc0\u0dbb\u0daf\u0d9a\u0dca \u0d9a\u0dbb\u0dbd\u0dcf\r\n\u0db8\u0dda \u0d9a\u0daf\u0dd4\u0dbd\u0d9a\u0dca \u0db4\u0dcf\u0dc3\u0dcf \u0db4\u0dd9\u0db8 \u0dad\u0dc0 \u0dc0\u0dd0\u0da9\u0dd2\u0dc0\u0dd4\u0dab\u0dcf\r\n\u0db1\u0dd1 \u0d85\u0db1\u0dca\u0dc3\u0dad\u0dd4 \u0dc0\u0dd9\u0db1\u0dca\u0db1\u0dda \u0d94\u0db6 \u0db8\u0dcf \u0d89\u0db1\u0dca\u0db1\u0dcf \u0dad\u0dd4\u0dbb\u0dd4 \u0db8\u0dda \u0dbd\u0ddc\u0d9a\u0dda\r\n\u0d92 \u0db6\u0dc0 \u0daf\u0dd2\u0dc0\u0dd4\u0dbb\u0db1\u0dca\u0db1\u0db8\u0dca \u0d94\u0db6 \u0daf\u0dd4\u0d9a\u0dca \u0dc0\u0dd9\u0db1\u0dca\u0db1\u0dd9\u0db4\u0dcf\r\n\u0d85\u0db1\u0dca\u0dc3\u0dad\u0dd4\u0dc0\u0dd9\u0dba\u0dd2 \u0d9a\u0dd2\u0dba\u0dcf \u0dc4\u0dd2\u0dad\u0db1\u0dca\u0db1\u0dad\u0dca \u0d91\u0db4\u0dcf \u0dc3\u0daf\u0dcf\u0d9a\u0dbd\u0dca \u0db8\u0d9c\u0dda\u0db8\u0dba\u0dd2 \u0d94\u0dba\u0dcf\n\r\n\u0d86\u0daf\u0dbb\u0dba\u0dda \u0db1\u0dcf\u0db8\u0dd9\u0db1\u0dca \u0db8\u0dda\u0dad\u0dcf\u0d9a\u0dca \u0d9a\u0dbd\u0dca \u0dc0\u0dd2\u0db1\u0dca\u0daf\u0dda \u0daf\u0dd4\u0d9a \u0dc0\u0dd2\u0dad\u0dbb\u0dba\u0dd2\r\n\u0d92 \u0d9c\u0dd0\u0db1 \u0dc0\u0dd9\u0db1 \u0d9a\u0dc0\u0dd4\u0dbb\u0dd4\u0dad\u0dca \u0db1\u0dd0\u0dc4\u0dd0 \u0dad\u0dda\u0dbb\u0dd4\u0db8\u0dca \u0d9c\u0db1\u0dca\u0db1\u0dda\r\n\u0da2\u0dd3\u0dc0\u0dd2\u0dad\u0dba\u0db8 \u0db8\u0dcf\u0d9c\u0dda \u0db4\u0dc0\u0dad\u0dd2\u0db1\u0dca\u0db1\u0dda \u0d94\u0db6\u0dda \u0dc3\u0dd9\u0db1\u0dd9\u0dc4\u0dda \u0dc4\u0dd2\u0db1\u0dca\u0daf\u0dcf\r\n\u0db8\u0dcf \u0dc4\u0dd0\u0dbb \u0d94\u0db6 \u0d9c\u0dd2\u0dba\u0ddc\u0dad\u0dd2\u0db1\u0dca \u0d85\u0dc3\u0dbb\u0dab \u0dc0\u0dda\u0dc0\u0dd3 \u0db8\u0dcf\r\n\u0d8a\u0dad\u0dd2\u0db1\u0dca \u0d9a\u0dd2\u0dc3\u0dd2\u0db8\u0daf\u0dcf \u0dc0\u0dd9\u0db1\u0dc3\u0dca \u0dc0\u0dd9\u0db1\u0dca\u0db1\u0dd9\u0db4\u0dcf \u0dc3\u0daf\u0dcf\u0d9a\u0dbd\u0dca \u0db8\u0d9c\u0dda\u0db8\u0dba\u0dd2 \u0d94\u0dba\u0dcf\n\r\n\u0dad\u0dc4\u0db1\u0db8\u0dca \u0daf\u0dd0\u0db1\u0dca \u0db8\u0da7 \u0d94\u0dba\u0dcf\u0d9c\u0dda....\r\n\u0d85\u0db4\u0dd2 \u0d86\u0dba\u0dda \u0dc4\u0db8\u0dd4\u0dc0\u0dd9\u0db1\u0dca\u0db1\u0dda...."
    },
    {
        "uuid": "8f0fc750-8a24-11e9-847d-3863bb98c88b",
        "song": "Thahanam Ge Malakin Mal Suwanda Gaththata ",
        "singer": "Indunil Andramana ",
        "lyricUnicode": "\u0dad\u0dc4\u0db1\u0db8\u0dca \u0d9c\u0dda \u0db8\u0dbd\u0d9a\u0dd2\u0db1\u0dca \u0db8\u0dbd\u0dca \u0dc3\u0dd4\u0dc0\u0db3 \u0d9c\u0dad\u0dca\u0dad\u0da7 \r\n\u0dc3\u0db8\u0dcf\u0dc0\u0dd9\u0db1\u0dca\u0db1 \u0db1\u0ddc\u0dc3\u0dd2\u0dad\u0dcf \u0dc3\u0dd2\u0daf\u0dd4\u0dc0\u0dd9\u0da0\u0dca\u0da0 \u0dc0\u0dbb\u0daf\u0da7 \r\n\u0d86\u0daf\u0dbb\u0dda\u0da7 \u0dc3\u0dcf\u0db4 \u0db1\u0ddc\u0daf\u0dd3 \u0daf\u0dc0\u0dc3 \u0dad\u0dd2\u0dc3\u0dca\u0dc3\u0dd9\u0db8 \r\n\u0dc3\u0db8\u0dcf\u0dc0\u0dd9\u0db1\u0dca\u0db1 \u0db8\u0da7 \u0d92 \u0db4\u0dc0 \u0db1\u0dd2\u0dc0\u0dcf\u0d9c\u0db1\u0dca\u0db1\u0da7 \n\r\n\u0d91\u0d9a\u0db8 \u0dc0\u0dbb\u0daf \u0db8\u0d9c\u0dd9\u0db1\u0dca \u0dc0\u0dd9\u0da0\u0dca\u0da0 \u0db8\u0dad\u0d9a\u0dca \u0d9a\u0dbb \u0d9a\u0dbb \r\n\u0dc4\u0daf\u0dc0\u0dad \u0dbb\u0dd2\u0daf\u0dc0\u0db1\u0dca\u0db1 \u0d91\u0db4\u0dcf \u0d89\u0dad\u0dd2\u0d82 \u0dad\u0dc0 \u0dad\u0dc0 \r\n\u0d9a\u0db3\u0dd4\u0dc5\u0dd4 \u0db4\u0ddc\u0d9a\u0dd4\u0dbb\u0dd4 \u0db8\u0dbd\u0dca \u0dbb\u0daf\u0dc0\u0dcf \u0db1\u0dd4\u0dc0\u0db1\u0dca \u0daf\u0ddc\u0dbb\u0d9a\u0da9 \r\n\u0d8b\u0dc4\u0dd4\u0dbd\u0db1\u0dca\u0db1\u0da7 \u0db6\u0dd0\u0dbb\u0dd2 \u0daf\u0da9\u0dd4\u0dc0\u0db8\u0dca \u0d91\u0db4\u0dcf \u0db8\u0dd9\u0da0\u0dca\u0da0\u0dbb \n\r\n\u0dad\u0dc4\u0db1\u0db8\u0dca \u0d9c\u0dda \u0db8\u0dbd\u0d9a\u0dd2\u0db1\u0dca \u0db8\u0dbd\u0dca \u0dc3\u0dd4\u0dc0\u0db3 \u0d9c\u0dad\u0dca\u0dad\u0da7 \r\n\u0dc3\u0db8\u0dcf\u0dc0\u0dd9\u0db1\u0dca\u0db1 \u0db1\u0ddc\u0dc3\u0dd2\u0dad\u0dcf \u0dc3\u0dd2\u0daf\u0dd4\u0dc0\u0dd9\u0da0\u0dca\u0da0 \u0dc0\u0dbb\u0daf\u0da7  \n\r\n\u0db1\u0dd2\u0daf\u0dd2 \u0dba\u0dc4\u0db1\u0dda \u0d88\u0dad\u0dd2\u0db1\u0dca \u0dc0\u0dda\u0daf\u0db1\u0dcf \u0dc0\u0dd2\u0db3 \u0dc0\u0dd2\u0db3 \r\n\u0dc4\u0dd2\u0da7\u0dd2\u0dba\u0dcf \u0d87\u0dad\u0dd2 \u0d85\u0db8\u0db1\u0dcf\u0db4\u0dc0 \u0dc3\u0ddc\u0db3\u0dd4\u0dbb \u0d85\u0dac \u0d85\u0dac \r\n\u0dc3\u0db8\u0dcf\u0dc0\u0dd9\u0dbd\u0dcf \u0dc0\u0dbb\u0daf\u0da7 \u0daf\u0dbb\u0dd4\u0dc0\u0db1\u0dca\u0d9c\u0dda \u0db1\u0dcf\u0db8\u0dd9\u0da7 \r\n\u0db4\u0db8\u0dcf \u0db1\u0ddc\u0dc0\u0dd3 \u0dc4\u0dd2\u0db1\u0dcf\u0dc0\u0dd9\u0db1\u0dca\u0db1 \u0dc4\u0daf\u0dcf\u0d9c\u0dd9\u0db1 \u0dc4\u0dd2\u0dad \n\r\n\u0dad\u0dc4\u0db1\u0db8\u0dca \u0d9c\u0dda \u0db8\u0dbd\u0d9a\u0dd2\u0db1\u0dca \u0db8\u0dbd\u0dca \u0dc3\u0dd4\u0dc0\u0db3 \u0d9c\u0dad\u0dca\u0dad\u0da7 \r\n\u0dc3\u0db8\u0dcf\u0dc0\u0dd9\u0db1\u0dca\u0db1 \u0db1\u0ddc\u0dc3\u0dd2\u0dad\u0dcf \u0dc3\u0dd2\u0daf\u0dd4\u0dc0\u0dd9\u0da0\u0dca\u0da0 \u0dc0\u0dbb\u0daf\u0da7 \r\n\u0d86\u0daf\u0dbb\u0dda\u0da7 \u0dc3\u0dcf\u0db4 \u0db1\u0ddc\u0daf\u0dd3 \u0daf\u0dc0\u0dc3 \u0dad\u0dd2\u0dc3\u0dca\u0dc3\u0dd9\u0db8 \r\n\u0dc3\u0db8\u0dcf\u0dc0\u0dd9\u0db1\u0dca\u0db1 \u0db8\u0da7 \u0d92 \u0db4\u0dc0 \u0db1\u0dd2\u0dc0\u0dcf\u0d9c\u0db1\u0dca\u0db1\u0da7 ///"
    },
    {
        "uuid": "900a46be-8a24-11e9-b602-3863bb98c88b",
        "song": "Thamath Oya Enawada Kiya ",
        "singer": "Namal Udugama ",
        "lyricUnicode": "\u0dad\u0dcf\u0db8\u0dad\u0dca \u0d94\u0dba\u0dcf \u0d91\u0db1\u0dc0\u0daf \u0d9a\u0dd2\u0dba\u0dcf\r\n\u0db8\u0d82 \u0db6\u0dbd\u0db1\u0dc0\u0dcf \u0db1\u0dd0\u0dc0\u0dad\u0dd2\u0dbd\u0dcf\r\n\u0dc4\u0daf\u0dc0\u0dad \u0d89\u0dbb\u0dcf \u0dad\u0dc4\u0db1\u0db8 \u0dbd\u0dd2\u0dba\u0dcf\r\n\u0d85\u0db4\u0dd2\u0da7 \u0d85\u0db4\u0dd2 \u0d85\u0db8\u0dad\u0d9a \u0dc0\u0dd9\u0dbd\u0dcf\r\n\u0db8\u0dad\u0d9a \u0dad\u0dc0 \u0dad\u0dd2\u0dba\u0dd9\u0db1\u0dc0\u0dcf \u0db1\u0db8\u0dca \u0d85\u0db4\u0dd9\u0db8\u0dba\u0dd2 \u0d9a\u0dd2\u0dba\u0dcf\r\n\u0d85\u0db4\u0dd2 \u0d89\u0db1\u0dca\u0db1\u0dda \u0d87\u0dba\u0dd2 \u0dad\u0db1\u0dd2\u0dba\u0da7 \u0d9a\u0db3\u0dd4\u0dc5\u0d9a\u0dca \u0dc0\u0dd9\u0dbd\u0dcf\n\r\n\u0dc4\u0dd2\u0dad\u0dcf\u0d9c\u0db1\u0dca\u0db1\u0dad\u0dca \u0db6\u0dd0\u0dbb\u0dd2 \u0dad\u0dbb\u0db8\u0da7 \u0db1\u0db4\u0dd4\u0dbb\u0dd4\u0daf \u0d94\u0dba\u0dcf\r\n\u0dc4\u0dd2\u0dad\u0dda \u0dc4\u0dd4\u0dbb\u0dd4\u0db4\u0dd4\u0dbb\u0dd4\u0daf\u0dd4\u0db8 \u0dc3\u0dd9\u0db1\u0dda\u0dc4\u0dda \u0d9c\u0dd2\u0db1\u0dd2\u0dba\u0db8\u0dca \u0d9a\u0dbd\u0dcf\r\n\u0d85\u0db4\u0dd2 \u0d85\u0db4\u0dda \u0daf\u0dd4\u0d9a \u0dc4\u0db8\u0dd4\u0db1\u0ddc\u0dc0\u0dd9\u0db1\u0dcf \u0daf\u0dd4\u0dbb\u0d9a\u0dd2\u0db1\u0dca \u0dad\u0dd2\u0dba\u0dcf\r\n\u0dad\u0dc0 \u0d89\u0db1\u0dca\u0db1\u0dda \u0d87\u0dba\u0dd2 \u0dad\u0db1\u0dd2\u0dba\u0da7 \u0dc4\u0dd2\u0dad\u0dc0\u0dad\u0dca \u0dc0\u0dd9\u0dbd\u0dcf\n\r\n\u0db6\u0dd2\u0db3\u0dd3 \u0d9c\u0dd2\u0dba \u0dc4\u0dd3\u0db1\u0dba \u0db8\u0dd0\u0daf\u0dca\u0daf\u0da7 \u0dba\u0dc5\u0dd2 \u0d91\u0dba\u0dd2 \u0d9a\u0dd2\u0dba\u0dcf\r\n\u0d9a\u0dad\u0dcf \u0dc0\u0dd9\u0db1 \u0db8\u0dda \u0dc4\u0dd2\u0dad \u0daf\u0dd0\u0d9a\u0dca\u0d9a\u0daf \u0d87\u0dad\u0dca\u0dad\u0da7 \u0d94\u0dba\u0dcf\r\n\u0d85\u0db4\u0dd2 \u0d85\u0db4\u0dda \u0daf\u0dd4\u0d9a \u0dc4\u0db8\u0dd4\u0db1\u0ddc\u0dc0\u0dd9\u0db1\u0dcf \u0daf\u0dd4\u0dbb\u0d9a\u0dd2\u0db1\u0dca \u0dad\u0dd2\u0dba\u0dcf\r\n\u0dad\u0dc0 \u0d89\u0db1\u0dca\u0db1\u0dda \u0d87\u0dba\u0dd2 \u0dad\u0db1\u0dd2\u0dba\u0da7 \u0dc4\u0dd2\u0dad\u0dc0\u0dad\u0dca \u0dc0\u0dd9\u0dbd\u0dcf\n\r\n\u0dad\u0dcf\u0db8\u0dad\u0dca \u0d94\u0dba\u0dcf..."
    },
    {
        "uuid": "9184abf6-8a24-11e9-893d-3863bb98c88b",
        "song": "Thana Nilla Dige Adila Yanawa ",
        "singer": "Saman De Silva ",
        "lyricUnicode": "\u0dad\u0dab \u0db1\u0dd2\u0dbd\u0dca\u0dbd \u0daf\u0dd2\u0d9c\u0dda \u0d87\u0daf\u0dd2\u0dbd\u0dcf \u0dba\u0db1\u0dc0\u0dcf\r\n\u0dc3\u0dd2\u0dad \u0db8\u0dcf \u0db4\u0dd2\u0dbb\u0dd2\u0dbd\u0dcf\r\n\u0daf\u0dc4\u0dc3\u0d9a\u0dca \u0db1\u0dd9\u0dad\u0dd4 \u0db8\u0dcf \u0dc0\u0dd9\u0dad \u0dba\u0ddc\u0db8\u0dd4 \u0dc0\u0dd9\u0db1\u0dc0\u0dcf\r\n\u0dc3\u0dd2\u0dad \u0db8\u0dcf \u0db4\u0dd2\u0dbb\u0dd2\u0dbd\u0dcf\n\r\n\u0dc0\u0dd2\u0daf\u0dd4\u0dbd\u0dd2\u0dba \u0dc0\u0dcf\u0d9c\u0dda \u0dc0\u0dd0\u0daf\u0dd2\u0dbd\u0dcf \r\n\u0dba\u0db1 \u0dc0\u0dd2\u0da7 \u0d88\u0dad \u0db1\u0ddc\u0db4\u0dd9\u0db1\u0dd3 //\r\n\u0daf\u0dd9\u0dc3\u0dc0\u0db1\u0dca \u0db8\u0d9c\u0dda \u0db4\u0dd2\u0dbb\u0dd2\u0dbd\u0dcf \u0d87\u0dc3\u0dda \r\n\u0da2\u0dba \u0d9c\u0dd3\u0dad\u0dd2\u0d9a\u0dcf \u0d9c\u0dd0\u0dba\u0dd9\u0dbd\u0dcf \n\r\n\u0dad\u0dab \u0db1\u0dd2\u0dbd\u0dca\u0dbd \u0daf\u0dd2\u0d9c\u0dda..... \n\r\n\u0dc3\u0dd0\u0da9 \u0dc4\u0dd2\u0dbb\u0dd4 \u0d88\u0dad \u0daf\u0dd2\u0dbd\u0dd9\u0db1\u0dcf \r\n\u0dc3\u0dd4\u0dc0 \u0db6\u0dbb \u0db8\u0dda \u0dc3\u0dd0\u0daf\u0dd1\u0dc0\u0dda //\r\n\u0dc4\u0dc3\u0dbb\u0dd0\u0dbd\u0dca \u0db1\u0dd0\u0d9c\u0dd3 \u0dc3\u0dad\u0dd4\u0da7\u0dd2\u0db1\u0dca \u0dc0\u0d9c\u0dda \r\n\u0da2\u0dba \u0d9c\u0dd3\u0dad\u0dd2\u0d9a\u0dcf \u0d9c\u0dd0\u0dba\u0dd9\u0dbd\u0dcf \n\r\n\u0dad\u0dab \u0db1\u0dd2\u0dbd\u0dca\u0dbd \u0daf\u0dd2\u0d9c\u0dda.....\n"
    },
    {
        "uuid": "93f15924-8a24-11e9-b269-3863bb98c88b",
        "song": "Thani Wunu Hinda Mama Iki Binda ",
        "singer": "Kingsly Peries ",
        "lyricUnicode": "\u0dad\u0db1\u0dd2 \u0dc0\u0dd4\u0db1\u0dd4 \u0dc4\u0dd2\u0db1\u0dca\u0daf\u0dcf \u0db8\u0db8 \u0d89\u0d9a\u0dd2 \u0db6\u0dd2\u0db1\u0dca\u0daf\u0dcf \r\n\u0dc3\u0db8\u0dd4\u0d9c\u0dad\u0dca\u0daf\u0dcf \u0db8\u0dda \u0dad\u0dbb\u0db8\u0dca \u0dc0\u0dda\u0daf\u0db1\u0dcf \u0daf\u0dd3\u0dbd\u0dcf \r\n\u0d85\u0daf \u0dc3\u0dd4\u0db6 \u0db4\u0dad\u0dbd\u0dcf \u0dc4\u0dd0\u0dbb \u0dba\u0db1\u0dca\u0db1\u0db8\u0dca \u0db8\u0dcf \r\n\u0dad\u0dc0\u0db8\u0dad\u0dca \u0db8\u0d82 \u0d86\u0daf\u0dbb\u0dda \u0d86\u0daf\u0dbb\u0dda \u0dc4\u0db1\u0dca\u0daf\u0dcf \n\r\n\u0d9a\u0dd4\u0dc5\u0dd4\u0daf\u0dd4\u0dbd\u0dca \u0dc4\u0dd3\u0db1\u0dda \u0d88\u0dad\u0da7 \u0d88\u0dad\u0da7 \u0dba\u0db1\u0dc0\u0dcf \u0db8\u0dda \r\n\u0db8\u0dd9\u0dad\u0dd4\u0dc0\u0d9a\u0dca \u0d8b\u0db1\u0dca\u0db1\u0dda \u0daf\u0dd1\u0dad\u0da7 \u0daf\u0dd1\u0dad\u0db8 \u0db4\u0dad\u0dbd\u0dcf \u0db8\u0dda \r\n\u0dc4\u0dd0\u0dbb \u0dba\u0db1\u0dca\u0db1\u0da7 \u0db1\u0db8\u0dca \u0dad\u0db1\u0dd2 \u0dc0\u0dd9\u0db1\u0dca\u0db1\u0da7 \u0db1\u0db8\u0dca \r\n\u0d87\u0dba\u0dd2 \u0db8\u0dd9\u0dad\u0dbb\u0db8\u0dca \u0db4\u0dd9\u0db8\u0dca \u0d9a\u0dd9\u0dbb\u0dd4\u0dc0\u0dda \r\n\u0db8\u0da7 \u0dad\u0dc0\u0db8\u0dad\u0dca \u0db1\u0ddc\u0db8 \u0dad\u0dda\u0dbb\u0dda \n\r\n\u0dad\u0db1\u0dd2 \u0dc0\u0dd4\u0db1\u0dd4 \u0dc4\u0dd2\u0db1\u0dca\u0daf\u0dcf \u0db8\u0db8 \u0d89\u0d9a\u0dd2 \u0db6\u0dd2\u0db1\u0dca\u0daf\u0dcf \r\n\u0dad\u0dc0\u0db8\u0dad\u0dca \u0db8\u0d82 \u0d86\u0daf\u0dbb\u0dda \u0d86\u0daf\u0dbb\u0dda \u0dc4\u0db1\u0dca\u0daf\u0dcf\n\r\n\u0dad\u0dc4\u0db1\u0db8\u0dca \u0db4\u0dca\u200d\u0dbb\u0dda\u0db8\u0dda \u0dc0\u0dbb\u0daf\u0da7 \u0daf\u0da9\u0dd4\u0dc0\u0db8\u0dca \u0dc0\u0dd2\u0db1\u0dca\u0daf\u0dcf\u0db1\u0dda \r\n\u0d85\u0db1\u0dca\u0dc3\u0dad\u0dd4 \u0daf\u0dd3\u0d9c\u0dda \u0db8\u0da7 \u0dc4\u0dd2\u0db8\u0dd2\u0dc0\u0db1 \u0db6\u0dc0 \u0dc4\u0dd2\u0dad\u0dd4\u0dc0\u0dcf\u0db1\u0dda \r\n\u0db8\u0dad\u0dd4 \u0db6\u0dc0\u0dda \u0dba\u0dc5\u0dd2\u0dad\u0dca \u0dc4\u0db8\u0dd4\u0dc0\u0db1 \u0dc3\u0dd2\u0dad\u0d9a\u0dd2\u0db1\u0dca \r\n\u0dba\u0dc5\u0dd2 \u0db1\u0db8\u0dca \u0db1\u0ddc\u0db4\u0dad\u0db8\u0dd2 \u0d9a\u0dd2\u0dc3\u0dd2\u0daf\u0dcf \r\n\u0dc3\u0dad\u0dd4\u0da7\u0dd2\u0db1\u0dca \u0d89\u0db1\u0dd4 \u0db8\u0dd0\u0db1 \u0dc3\u0dd0\u0db8\u0daf\u0dcf\n"
    },
    {
        "uuid": "94737f30-8a24-11e9-b9fa-3863bb98c88b",
        "song": "Thanikada (Sammathayen Duras Wechcha) ",
        "singer": "Saman Lenin ",
        "lyricUnicode": "\u0dc3\u0db8\u0dca\u0db8\u0dad\u0dba\u0dd9\u0db1\u0dca \u0daf\u0dd4\u0dbb\u0dc3\u0dca \u0dc0\u0dd9\u0da0\u0dca\u0da0 \u0d86\u0daf\u0dbb\u0dba\u0dd9\u0db1\u0dca \u0dc3\u0dd2\u0dad\u0dca \u0db6\u0dd0\u0db3\u0dd2\u0da0\u0dca\u0da0\r\n\u0dbb\u0dd4\u0db0\u0dd2\u0dbb \u0db6\u0dd0\u0db8\u0dca\u0db8 \u0dc4\u0dbb\u0dc3\u0dca \u0dc0\u0dd9\u0da0\u0dca\u0da0 \u0db1\u0ddc\u0dc4\u0ddc\u0db3 \u0db1\u0ddd\u0d9a\u0dca\u0d9a\u0da9\u0dd4 \u0db1\u0ddc\u0dc0\u0dd2\u0da0\u0dca\u0da0\r\n\u0db4\u0dd2\u0da0\u0dca\u0da0\u0dd3 \u0d85\u0dc5\u0dd4 \u0dc0\u0dd9\u0dbd\u0dcf \u0daf\u0dd0\u0dc0\u0dd4\u0db1 \u0db4\u0dd0\u0dbd\u0dd0\u0db1\u0dca\u0dad\u0dd2\u0dba\u0dd9\u0db1\u0dca \u0d8b\u0db9\u0dda \u0d8b\u0daf\u0da0\u0dca\u0da0\r\n\u0db8\u0ddc\u0dc4\u0ddc\u0dad\u0d9a\u0dca \u0dc4\u0dbb\u0dd2 \u0d9a\u0dbd\u0dca \u0d9c\u0dd9\u0dc0\u0dca\u0dc0\u0daf \u0dc3\u0dd0\u0db1\u0dc3\u0dd3\u0db8\u0dd9\u0db1\u0dca \u0dc3\u0dd2\u0dad \u0db1\u0dd2\u0db8\u0dd2\u0da0\u0dca\u0da0\r\n\u0db4\u0dd9\u0dbd\u0dd9\u0db4\u0dad \u0db1\u0dd2\u0dbd \u0d9a\u0dd4\u0dbd\u0dba \u0d87\u0d9c\u0dda \u0db7\u0dcf\u0daf\u0dcf \u0daf\u0dd4\u0db1\u0dd2 \u0dbb\u0db1\u0dca \u0d9a\u0dd9\u0db1\u0dca\u0daf\u0da7\r\n\u0db1\u0ddc\u0dc3\u0dbb\u0dd4\u0db4\u0dca \u0d87\u0dba\u0dd2 \u0d85\u0dc4\u0dd2\u0db1\u0dca\u0dc3\u0d9a\u0dcf \u0dc0\u0dd2\u0dba\u0d9a\u0da7 \u0db8\u0db8 \u0db4\u0dd9\u0db8\u0dca \u0db6\u0dd0\u0db1\u0dca\u0daf\u0da7\r\n\u0dc4\u0dd2\u0dc3 \u0db8\u0dd4\u0da9\u0dd4 \u0d9a\u0ddc\u0da7 \u0d9a\u0dc3\u0dcf\u0dc0\u0dad\u0dd2\u0db1\u0dca \u0d87\u0dba \u0dc3\u0db8\u0dd4\u0daf\u0dd4\u0db1\u0dca \u0daf\u0dcf \u0d9c\u0dd2\u0dc4\u0dd2\u0d9c\u0dd9\u0da7\r\n\u0d9d\u0dcf\u0db1\u0dca\u0da7\u0dcf\u0dbb \u0daf\u0ddd\u0d82\u0d9a\u0dcf\u0dbb \u0dba\u0da7\u0dd2 \u0dc3\u0dd2\u0dad \u0dc0\u0daf \u0daf\u0dd9\u0db1\u0dc0\u0dcf \u0db8\u0da7\n\r\n\u0daf\u0dd4\u0dbb\u0dca\u0d9c \u0db8\u0d9c\u0da7 \u0db4\u0dcf\u0dbb \u0db8\u0dd9\u0dba\u0dba\u0dd2 \u0db4\u0dd9\u0db1\u0dca\u0db1\u0dcf \u0daf\u0dd4\u0db1\u0dca \u0dbd\u0ddc\u0d9a\u0dd4 \u0d85\u0d9a\u0dca\u0d9a\u0dda\r\n\u0d8b\u0db9 \u0daf\u0dd4\u0da7\u0dd4 \u0dbd\u0ddc\u0dc0 \u0db8\u0d9c\u0dda \u0daf\u0dd1\u0dc3\u0dd2\u0db1\u0dca \u0dad\u0dc0\u0db8\u0dad\u0dca \u0db1\u0dd0\u0dc4\u0dd0 \u0db8\u0db8 \u0daf\u0dd0\u0d9a\u0dca\u0d9a\u0dda\r\n\u0db8\u0dd0\u0daf\u0dd2\u0dc0\u0dd2\u0dba \u0db4\u0dc3\u0dd4 \u0d9a\u0dbb\u0db8\u0dd2\u0db1\u0dca \u0dc3\u0dd2\u0dad \u0db8\u0ddc\u0dbb \u0d9c\u0dcf\u0daf\u0dca\u0daf\u0dd3 \u0d85\u0dbb\u0dd4\u0db8\u0dd0\u0d9a\u0dca\u0d9a\u0dda\r\n\u0d86\u0daf\u0dbb\u0dba\u0dda \u0d85\u0db8\u0dd2\u0dc4\u0dd2\u0dbb\u0dd2 \u0dad\u0dd0\u0db1\u0dca \u0d8b\u0d9b\u0dd9\u0db1\u0dca\u0db8\u0db8\u0dba\u0dd2 \u0db8\u0dcf \u0daf\u0dd0\u0d9a\u0dca\u0d9a\u0dda\r\n\u0dc4\u0dd2\u0da0\u0dca\u0da0\u0dd2 \u0dc3\u0d82\u0daf\u0dd2\u0dba\u0dda \u0db4\u0da7\u0db1\u0dca\u0db8 \u0d86\u0da0\u0dca\u0da0\u0dd2\u0d9c\u0dda \u0dc5\u0d9c \u0dc4\u0dd0\u0daf\u0dd2\u0da0\u0dca\u0da0\r\n\u0db1\u0dd2\u0da0\u0dca\u0da0\u0dd2\u0dba\u0dda \u0db1\u0dd0\u0dc4\u0dd0 \u0d8b\u0db9\u0d9c\u0dda \u0dc4\u0dd2\u0dad \u0d9a\u0dd2\u0dc3\u0dd2\u0db8\u0db8 \u0daf\u0dda\u0d9a\u0da7 \u0db1\u0dd0\u0db8\u0dd2\u0da0\u0dca\u0da0\r\n\u0dc4\u0dd2\u0dad \u0dad\u0dd0\u0dbd\u0dd2\u0da0\u0dca\u0da0 \u0dc4\u0dd2\u0db8\u0dd2 \u0dc4\u0dd0\u0dbb\u0d9c\u0dd2\u0dba \u0daf\u0dd3\u0d9c\u0dba \u0d8b\u0db9\u0d9c\u0dda \u0d87\u0dbb\u0dd2\u0da0\u0dca\u0da0\r\n\u0dc4\u0ddd\u0dbb\u0dcf \u0d9a\u0da7\u0dd4 \u0d9a\u0dbb\u0d9a\u0dc0\u0dcf\u0dc0\u0dd2 \u0d9a\u0db3\u0dd4\u0dbd\u0dd2\u0db1\u0dca \u0daf\u0dd1\u0dc3\u0db8 \u0dad\u0dd9\u0db8\u0dd2\u0da0\u0dca\u0da0\n\r\n\u0daf\u0dd2\u0db1 \u0dc3\u0dad\u0dd2 \u0d9a\u0dbd\u0dca \u0db8\u0dcf\u0dc3 \u0d9c\u0dd9\u0dc0\u0db8\u0dd2 \u0db6\u0db3\u0dd4\u0db1\u0d9a \u0db8\u0daf\u0dd4 \u0dc0\u0dd2\u0dad \u0db4\u0dd2\u0dbb\u0dd2\u0da0\u0dca\u0da0\r\n\u0db1\u0dd9\u0dad\u0dca \u0db4\u0ddc\u0d9c\u0dc0\u0db8\u0dd2 \u0db1\u0dd2\u0dc3\u0dbd\u0dc0 \u0dc4\u0dd2\u0dad \u0dad\u0db1\u0dd2\u0d9a\u0db8 \u0db8\u0dd0\u0daf\u0dd2\u0dba\u0db8 \u0d9c\u0dd9\u0dc0\u0dd2\u0da0\u0dca\u0da0\r\n\u0dad\u0db1\u0dd2\u0dc0\u0dd3 \u0d9d\u0db1 \u0d85\u0db1\u0dca\u0db0\u0d9a\u0dcf\u0dbb \u0da0\u0dd2\u0db8\u0dd2\u0db1\u0dd2 \u0dbd\u0dcf\u0db8\u0dca\u0db4\u0dd4\u0dc0 \u0db1\u0dd2\u0db8\u0dd2\u0da0\u0dca\u0da0\r\n\u0dbd\u0dd2\u0db4\u0dd2 \u0d89\u0dbb\u0dd2\u0da0\u0dca\u0da0 \u0dc3\u0dd0\u0db8\u0dbb\u0dd4\u0db8\u0dd2 \u0dc0\u0dd0\u0da9 \u0d85\u0db1\u0dd4\u0db1\u0dca\u0d9c\u0dda \u0db8\u0ddc\u0dbd\u0dba\u0dd9\u0db1\u0dca \u0d9a\u0dd9\u0dbb\u0dd2\u0da0\u0dca\u0da0\r\n\u0db8\u0dd0\u0daf \u0db8\u0dd2\u0daf\u0dd4\u0dbd\u0db8 \u0d91\u0dbd\u0dd2\u0dba \u0dc0\u0dd9\u0dbd\u0dcf \u0daf\u0dd0\u0d9a\u0dbd\u0dcf \u0db4\u0dd4\u0db1\u0dca\u0dc3\u0db3 \u0db4\u0dd2\u0dbb\u0dd2\u0da0\u0dca\u0da0\r\n\u0dc4\u0dd9\u0dbd\u0db4\u0dd4 \u0dc3\u0dd4\u0dc3\u0dd4\u0db8 \u0d9c\u0dd9\u0db1\u0dad\u0dca \u0daf\u0dd4\u0db1\u0dca\u0db1\u0dda \u0dc3\u0dd4\u0dc0\u0db3 \u0dc3\u0db8\u0db1\u0dca \u0dc0\u0dd0\u0dbd\u0dba\u0dd2 \u0db4\u0dd2\u0da0\u0dca\u0da0\r\n\u0dc3\u0ddc\u0dbd\u0dca\u0daf\u0dbb \u0d9c\u0dd9\u0dba\u0dd2 \u0d9c\u0dbb\u0dcf\u0dc0\u0dd0\u0da7\u0dd9\u0db1 \u0d91\u0dc5\u0dd2\u0dba\u0d9a\u0dca \u0db1\u0dd0\u0dad\u0dd2 \u0d87\u0dbd\u0dca \u0db8\u0dd0\u0dbb\u0dd2\u0da0\u0dca\u0da0\r\n\u0db4\u0dd2\u0da0\u0dca\u0da0\u0dd9\u0db1\u0dc0\u0dcf \u0dc4\u0dd2\u0da0\u0dca\u0da0\u0dd2 \u0db8\u0dbd\u0dca\u0dbd\u0dd2 \u0d9a\u0dc0\u0dd2\u0da0\u0dca\u0da0\u0dd2\u0dba\u0d9a\u0dca \u0db8\u0dad \u0daf\u0dd2\u0dbb\u0da0\u0dca\u0da0"
    },
    {
        "uuid": "94f229a8-8a24-11e9-b0db-3863bb98c88b",
        "song": "Thanikadai Thama Man ",
        "singer": "Viraj Perera ",
        "lyricUnicode": "\u0dad\u0db1\u0dd2\u0d9a\u0da9\u0dba\u0dd2 \u0dad\u0dcf\u0db8 \u0db8\u0d82 \u0db8\u0dda \u0d94\u0db6 \u0d9a\u0ddc\u0dc4\u0dda \u0d9a\u0ddc\u0dad\u0dd0\u0db1 \u0d87\u0dad\u0dca\u0dad\u0dda \r\n\u0d85\u0db4\u0dda \u0dc4\u0db8\u0dd4\u0dc0\u0dd3\u0db8 \u0dc3\u0dd4\u0dc3\u0dd4\u0db8\u0d9a\u0dca \u0daf\u0dd4\u0dbb \u0d9c\u0dd2\u0dba\u0dcf\r\n\u0db1\u0dcf\u0da9\u0db1\u0dca \u0d9a\u0daf\u0dd4\u0dbd \u0d86\u0dba\u0dda \u0db1\u0dd1 \u0db8\u0d82 \u0db4\u0dd9\u0db8\u0dca \u0d9a\u0dbb\u0db1\u0dca\u0db1\u0dda \r\n\u0dad\u0db1\u0dd2\u0d9a\u0db8 \u0dc4\u0dbb\u0dd2\u0db8 \u0dbd\u0dd9\u0db1\u0dca\u0d9c\u0dad\u0dd4 \u0dc0\u0dd9\u0dbd\u0dcf\n\r\n\u0dc4\u0dd2\u0dad \u0dc4\u0daf\u0dcf \u0d9c\u0db1\u0dca\u0db1 \u0dad\u0dc0 \u0db6\u0dd0\u0dbb\u0dd2\u0dc0\u0dd4\u0db1\u0dcf \r\n\u0daf\u0dd9\u0dbd\u0ddc\u0dc0\u0d9a\u0dca \u0d85\u0dad\u0dbb \u0db8\u0dcf \u0dad\u0db1\u0dd2 \u0dc0\u0dd4\u0db1\u0dcf\r\n\u0d85\u0db4\u0dd2 \u0dbd\u0d82\u0dc0\u0dd3 \u0dc4\u0db8\u0dd4\u0dc0\u0dd3 \u0d86 \u0daf\u0dd4\u0dbb \u0d9c\u0db8\u0db1\u0dda \r\n\u0db1\u0dd0\u0dc0\u0dad\u0dd4\u0db8\u0da7 \u0db1\u0ddc\u0daf\u0dd0\u0db1\u0dd3 \u0d87\u0dc0\u0dd2\u0daf\u0dd2\u0db1\u0dca \u0db8\u0dcf \u0d86\u0daf\u0dbb\u0dd9\u0dba\u0dd2 \u0dbb\u0dad\u0dca\u0dad\u0dbb\u0db1\u0dca \r\n\u0db6\u0dd1 \u0dc4\u0dd0\u0dbb\u0daf\u0dcf \u0db1\u0dd0\u0dad\u0dd2\u0daf\u0dcf \u0d89\u0db1\u0dca\u0db1\u0da7 \u0dad\u0db1\u0dd2\u0dba\u0dd9\u0db1\u0dca \r\n\u0d94\u0db6 \u0db1\u0ddc\u0db8\u0dd0\u0dad\u0dd2 \u0dbd\u0ddd\u0d9a\u0dda \u0daf\u0dd0\u0dc0\u0dd4\u0db1\u0dcf \u0db8\u0dcf \u0d86\u0daf\u0dbb\u0dd9\u0dba\u0dd2 \u0dbb\u0dad\u0dca\u0dad\u0dbb\u0db1\u0dca\n\r\n\u0dc0\u0dd2\u0dba\u0dad\u0d9a\u0dca \u0daf\u0dd4\u0dbb\u0dd2\u0db1\u0dca \u0d88\u0dad\u0da7 \u0db1\u0ddc\u0dba\u0dcf \r\n\u0dc4\u0dd4\u0db1\u0dca \u0d85\u0dad\u0dd3\u0dad\u0dba\u0db8 \u0dc0\u0dbd\u0dbd\u0dcf \u0dba\u0db1\u0dca\u0db1\u0da7 \u0d9c\u0dd2\u0dba\u0dcf \r\n\u0d94\u0db6 \u0dad\u0dd4\u0da7\u0dd2\u0db1\u0dca \u0d85\u0daf \u0dc4\u0dd2\u0daf\u0dd2\u0db1\u0db8\u0dca \u0d9a\u0daf\u0dd4\u0dc5\u0dd4 \u0db8\u0dda \u0db4\u0dd2\u0dc4\u0dd2\u0daf \u0d9c\u0db1\u0dca\u0db1\u0db8\u0dca \r\n\u0dc0\u0dd9\u0db1 \u0db7\u0dc0\u0dba\u0d9a \u0db4\u0dad\u0db1\u0dca\u0db1\u0db8\u0dca \u0d94\u0dba\u0dcf\n\r\n\u0dc4\u0dd2\u0dad \u0dc4\u0daf\u0dcf \u0d9c\u0db1\u0dca\u0db1.....\n\r\n\u0d9a\u0dcf\u0da7\u0dad\u0dca \u0dc0\u0da9\u0dcf \u0db4\u0dd9\u0db8\u0dca \u0d9a\u0dbd \u0d94\u0dba\u0dcf \r\n\u0dc0\u0dd9\u0db1\u0d9a\u0dd9\u0d9a\u0dca \u0dc4\u0da7 \u0db4\u0dd4\u0daf\u0dcf \u0db8\u0d82 \u0d88\u0dad\u0da7 \u0dc0\u0dd4\u0db1\u0dcf\r\n\u0d94\u0db6 \u0dad\u0dd4\u0da7\u0dd2\u0db1\u0dca \u0d85\u0daf \u0dc4\u0dd2\u0daf\u0dd2\u0db1\u0db8\u0dca \u0d9a\u0daf\u0dd4\u0dc5\u0dd4 \u0db8\u0dda \u0db4\u0dd2\u0dc4\u0dd2\u0daf \u0d9c\u0db1\u0dca\u0db1\u0db8\u0dca \r\n\u0dc0\u0dd9\u0db1 \u0db7\u0dc0\u0dba\u0d9a \u0db4\u0dad\u0db1\u0dca\u0db1\u0db8\u0dca \u0d94\u0dba\u0dcf\n\r\n\u0dc4\u0dd2\u0dad \u0dc4\u0daf\u0dcf \u0d9c\u0db1\u0dca\u0db1....."
    },
    {
        "uuid": "9769efa6-8a24-11e9-b36e-3863bb98c88b",
        "song": "Tharaha Unath Mata Innata Ba ",
        "singer": "Indunil Andramana ",
        "lyricUnicode": "\u0dad\u0dbb\u0dc4\u0dcf \u0dc0\u0dd4\u0db1\u0dad\u0dca \u0db8\u0da7 \u0d89\u0db1\u0dca\u0db1\u0da7 \u0db6\u0dd1\r\n\u0d94\u0dba \u0d87\u0dc3\u0dca\u0daf\u0dd9\u0d9a \u0db8\u0da7 \u0db8\u0dad\u0d9a\u0dca \u0dc0\u0dd9\u0dbd\u0dcf\r\n\u0d9a\u0dad\u0dcf \u0db1\u0ddc\u0d9a\u0dbb \u0dc3\u0dd2\u0da7\u0dd2 \u0daf\u0dc0\u0dc3\u0db8 \u0db4\u0dcf\u0dc5\u0dd4\u0dba\u0dd2\r\n\u0d89\u0db1\u0dca\u0db1\u0da7 \u0db6\u0dd1 \u0dad\u0dc0 \u0d88\u0dad\u0dca \u0dc0\u0dd9\u0dbd\u0dcf\r\n\u0d94\u0dba\u0dcf\u0da7 \u0db8\u0d82 \u0d86\u0daf\u0dbb\u0dda... \u0d94\u0dba\u0dcf\u0da7 \u0dc0\u0dd2\u0dad\u0dbb\u0dba\u0dd2 \u0d86\u0daf\u0dbb\u0dda //\r\n\u0d94\u0dba\u0dcf\u0da7 \u0dc0\u0dd2\u0dad\u0dbb\u0dba\u0dd2 \u0d86\u0daf\u0dbb\u0dda\n\r\n\u0db1\u0ddc\u0daf\u0dd0\u0d9a \u0d89\u0db1\u0dca\u0db1 \u0dc4\u0dd0\u0db8 \u0db8\u0ddc\u0dc4\u0ddc\u0dad\u0d9a\u0dca \u0d9c\u0dcf\u0db1\u0dda\r\n\u0d87\u0dc3\u0dca\u0daf\u0dd9\u0d9a \u0d9a\u0db3\u0dd4\u0dc5\u0dd2\u0db1\u0dca \u0dad\u0dd9\u0dad\u0dca \u0dc0\u0dd9\u0db1\u0dc0\u0dcf //\r\n\u0dc4\u0dd4\u0dc3\u0dca\u0db8 \u0dc0\u0dd0\u0da7\u0dd9\u0db1 \u0dc4\u0dd0\u0db8 \u0db8\u0ddc\u0dc4\u0ddc\u0dad\u0d9a\u0dca \u0d9c\u0dcf\u0db1\u0dda\r\n\u0d94\u0dba\u0dcf \u0d9c\u0dd0\u0db1\u0db8 \u0db8\u0da7 \u0dc3\u0dd2\u0dc4\u0dd2\u0dc0\u0dd9\u0db1\u0dc0\u0dcf\r\n\u0d94\u0dba\u0dcf\u0da7 \u0db8\u0d82 \u0d86\u0daf\u0dbb\u0dda... \u0d94\u0dba\u0dcf\u0da7 \u0dc0\u0dd2\u0dad\u0dbb\u0dba\u0dd2 \u0d86\u0daf\u0dbb\u0dda //\r\n\u0d94\u0dba\u0dcf\u0da7 \u0dc0\u0dd2\u0dad\u0dbb\u0dba\u0dd2 \u0d86\u0daf\u0dbb\u0dda\n\r\n\u0dad\u0dbb\u0dc4\u0dcf \u0d8b\u0db1\u0dad\u0dca \u0db1\u0dd1 \u0dad\u0dbb\u0dc4\u0d9a\u0dca \u0db8\u0dcf\u0d9c\u0dda\r\n\u0d94\u0dba\u0dcf \u0dad\u0db8\u0dba\u0dd2 \u0da2\u0dd3\u0dc0\u0dd2\u0dad\u0dda \u0db8\u0d9c\u0dda //\r\n\u0dad\u0dc0 \u0d91\u0d9a \u0dc3\u0dd0\u0dbb\u0dba\u0d9a\u0dca \u0dc3\u0db8\u0dcf\u0dc0 \u0daf\u0dd9\u0db1\u0dca\u0db1\u0d9a\u0ddd\r\n\u0d94\u0dba\u0dcf\u0dc0 \u0dc4\u0dac\u0dc0\u0db1\u0dca \u0db1\u0dd1 \u0d86\u0dba\u0dda\r\n\u0d94\u0dba\u0dcf\u0da7 \u0db8\u0d82 \u0d86\u0daf\u0dbb\u0dda... \u0d94\u0dba\u0dcf\u0da7 \u0dc0\u0dd2\u0dad\u0dbb\u0dba\u0dd2 \u0d86\u0daf\u0dbb\u0dda //\r\n\u0d94\u0dba\u0dcf\u0da7 \u0dc0\u0dd2\u0dad\u0dbb\u0dba\u0dd2 \u0d86\u0daf\u0dbb\u0dda"
    },
    {
        "uuid": "9be6befa-8a24-11e9-be67-3863bb98c88b",
        "song": "Tharindu Nagena Yame ",
        "singer": "Milton Mallawaarachchi ",
        "lyricUnicode": "\u0dad\u0dbb\u0dd2\u0daf\u0dd4 \u0db1\u0dd0\u0d9c\u0dd9\u0db1 \u0dba\u0dcf\u0db8\u0dda \r\n\u0dc3\u0dd2\u0dc3\u0dd2\u0dbd \u0daf\u0dd0\u0db1\u0dd9\u0db1 \u0dba\u0dcf\u0db8\u0dda\r\n\u0d94\u0dba \u0daf\u0dd1\u0dc3 \u0db8\u0dad\u0d9a\u0dda \u0db1\u0dd0\u0d9c\u0dda\r\n\u0d9a\u0dd4\u0db8\u0da7 \u0d91\u0d9a\u0dca \u0dc0\u0dd4\u0db1\u0dcf\u0daf\u0ddd \r\n\u0d9a\u0dd9\u0dbd\u0dd9\u0dc3 \u0dc0\u0dd9\u0db1\u0dca\u0dc0\u0dd4\u0db1\u0dcf\u0daf\u0ddd\r\n\u0dc3\u0dd0\u0d9c\u0dc0\u0dd2 \u0d9c\u0dd2\u0dba\u0dcf\u0daf\u0ddd \u0dc3\u0dd9\u0db1\u0dda //\n\r\n\u0d9a\u0ddc\u0daf \u0db8\u0dbd\u0dca \u0db4\u0dd2\u0db4\u0dd3 \u0dbb\u0dd1 \u0db8\u0da7 \u0dbd\u0d82\u0dc0\u0dd9\u0dbd\u0dcf \r\n\u0d9c\u0dba\u0db1\u0dcf \u0dc0\u0dd4 \u0db4\u0dd9\u0db8\u0dca \u0d9c\u0dcf\u0dba\u0db1\u0dcf  //\r\n\u0db1\u0dd1\u0dc3\u0dd2\u0dbd\u0dcf \u0d9c\u0dd2\u0dba\u0dcf\u0dc0\u0dda \u0dad\u0db1\u0dd2\u0dc0 \u0dad\u0db1\u0dd2\u0dc0\u0dd4\u0db1\u0dcf\u0dc0\u0dda\r\n\u0dc4\u0db8\u0dd4\u0dc0\u0dda\u0daf \u0dc3\u0dd2\u0dc4\u0dd2\u0db1\u0dd9\u0db1\u0dca \u0dbb\u0dd0\u0dba\u0dda\n\r\n\u0dad\u0dbb\u0dd2\u0daf\u0dd4 \u0db1\u0dd0\u0d9c\u0dd9\u0db1 \u0dba\u0dcf\u0db8\u0dda...\n\r\n\u0db8\u0dda \u0dc0\u0dda\u0daf\u0db1\u0dcf\u0dc0\u0ddd \u0d94\u0db6\u0da7\u0dad\u0dca \u0daf\u0dd0\u0db1\u0dd3\r\n\u0dbb\u0dad\u0dd4 \u0dc0\u0dd9\u0dba\u0dd2\u0daf \u0d94\u0dba \u0db1\u0dd9\u0dad\u0dca \u0d94\u0db6\u0dda //\r\n\u0dad\u0dd0\u0dc0\u0dd4\u0dbd\u0dca \u0db1\u0dd2\u0dc0\u0dcf \u0daf\u0dd1\u0dc3\u0dda \u0db4\u0dd0\u0dad\u0dd4\u0db8\u0dca \u0db4\u0dad\u0dcf \u0d86\u0dba\u0dda\r\n\u0dc4\u0db8\u0dd4\u0dc0\u0dd9\u0db1\u0dca\u0db1 \u0dc3\u0dc3\u0dbb\u0dda \u0dba\u0dbd\u0dd2 \n\r\n\u0dad\u0dbb\u0dd2\u0daf\u0dd4 \u0db1\u0dd0\u0d9c\u0dd9\u0db1 \u0dba\u0dcf\u0db8\u0dda... //\n"
    },
    {
        "uuid": "9e997f18-8a24-11e9-8985-3863bb98c88b",
        "song": "Tharu Dilena Ambaraye ",
        "singer": "Rahal Alwis ",
        "lyricUnicode": "\u0dad\u0dbb\u0dd4 \u0daf\u0dd2\u0dbd\u0dd9\u0db1 \u0d85\u0db8\u0dca\u0db6\u0dbb\u0dba\u0dda \u0db1\u0dd4\u0db9 \u0d89\u0db1\u0dca\u0db1 \u0db8\u0d9c\u0dda \u0db4\u0dc4\u0dc3\u0dda\r\n\u0dc0\u0dd2\u0db3\u0d9c\u0db1\u0dca\u0db1 \u0db8\u0dcf\u0d9c\u0dda \u0d86\u0daf\u0dbb\u0dda\r\n\u0dc3\u0d82\u0dc3\u0dcf\u0dbb\u0dda \u0db1\u0dd4\u0db9 \u0db4\u0dd0\u0dad\u0dd4\u0dc0\u0dda \u0db4\u0dd0\u0dad\u0dd4\u0db8\u0d9a\u0dca \u0dc0\u0dd9\u0dbd\u0dcf \u0dad\u0dd2\u0db6\u0dd4\u0dab\u0dda\r\n\u0db8\u0d9c\u0dda \u0d9a\u0dbb\u0d9c\u0db1\u0dca\u0db1\u0db8\u0dba\u0dd2 \u0dc4\u0dd0\u0db8 \u0db7\u0dc0\u0dda\n\r\n\u0daf\u0dd4\u0da7\u0dd4\u0dc0\u0daf \u0daf\u0dd0\u0db1\u0dd4\u0dab\u0daf \u0dc4\u0dd0\u0d9f\u0dd4\u0dab\u0daf \u0db8\u0d9c\u0dda \u0db6\u0dc0\r\n\u0dc3\u0dd4\u0dbb\u0d9f\u0dd4\u0db1\u0dca \u0db4\u0dbb\u0daf\u0db1 \u0dbd\u0dc3\u0dca\u0dc3\u0db1 \u0db1\u0dd4\u0db9\u0dda \u0dbb\u0dd4\u0dc0\r\n\u0d85\u0db4\u0dda \u0d86\u0daf\u0dbb\u0dda... \u0d86\u0daf\u0dbb\u0dda... \u0d86\u0daf\u0dbb\u0dda...\n\r\n\u0db1\u0dd4\u0db9\u0dda \u0dc3\u0dd2\u0db1\u0dc4\u0dcf \u0daf\u0dd0\u0d9a \u0d9c\u0db1\u0dca\u0db1 \u0db4\u0dad\u0db8\u0dd2 \u0db8\u0db8 \u0dc4\u0dd0\u0db8\u0daf\u0dcf\u0db8\r\n\u0dbb\u0dad\u0dca\u0dad\u0dbb\u0d82 \u0d94\u0db6\u0db8\u0dba\u0dd2 \u0db8\u0d9c\u0dda \u0db4\u0dab\r\n\u0d89\u0db1\u0dca\u0db1\u0db8\u0dca \u0d89\u0dad\u0dd2\u0d82 \u0dc5\u0d82\u0dc0 \u0dad\u0dd4\u0dbb\u0dd4\u0dc5\u0dda\u0db8 \u0dc4\u0dd0\u0db8\u0daf\u0dcf\u0db8\r\n\u0dbb\u0dad\u0dca\u0dad\u0dbb\u0d82 \u0d94\u0db6\u0db8\u0dba\u0dd2 \u0db8\u0d9c\u0dda \u0db4\u0dab\r\n\u0daf\u0dd4\u0da7\u0dd4\u0dc0\u0dd9\u0db8\u0dd2 \u0daf\u0dd0\u0db1\u0dd4\u0db1\u0dd9\u0db8\u0dd2 \u0dc4\u0dd0\u0d9f\u0dd4\u0db1\u0dd9\u0db8\u0dd2 \u0db1\u0dd4\u0db9\u0dda \u0db6\u0dc0\r\n\u0daf\u0dd9\u0dc0\u0dca\u0dbd\u0ddc\u0dc0 \u0db4\u0dbb\u0daf\u0dd3 \u0dad\u0dd4\u0dbb\u0dd4\u0dc5\u0dda \u0d8b\u0dab\u0dd4\u0dc4\u0dd4\u0db8\r\n\u0d85\u0db4\u0dda \u0d86\u0daf\u0dbb\u0dda... \u0d86\u0daf\u0dbb\u0dda... \u0d86\u0daf\u0dbb\u0dda...\n\r\n\u0dad\u0dbb\u0dd4 \u0daf\u0dd2\u0dbd\u0dd9\u0db1 \u0d85\u0db8\u0dca\u0db6\u0dbb\u0dba\u0dda...\n\r\n\u0daf\u0dd4\u0da7\u0dd4\u0dc0\u0daf \u0daf\u0dd0\u0db1\u0dd4\u0dab\u0daf \u0dc4\u0dd0\u0d9f\u0dd4\u0dab\u0daf \u0db8\u0d9c\u0dda \u0db6\u0dc0 \r\n\u0daf\u0dd4\u0da7\u0dd4\u0dc0\u0dd9\u0db8\u0dd2 \u0daf\u0dd0\u0db1\u0dd4\u0db1\u0dd9\u0db8\u0dd2 \u0dc4\u0dd0\u0d9f\u0dd4\u0db1\u0dd9\u0db8\u0dd2 \u0db1\u0dd4\u0db9\u0dda \u0db6\u0dc0\r\n\u0d85\u0db4\u0dda \u0d86\u0daf\u0dbb\u0dda... \u0d86\u0daf\u0dbb\u0dda... \u0d86\u0daf\u0dbb\u0dda...\n"
    },
    {
        "uuid": "a2019e10-8a24-11e9-8af6-3863bb98c88b",
        "song": "Tharu Walata Puluwanda ",
        "singer": "Shashika Nisansala ",
        "lyricUnicode": "\u0dad\u0dbb\u0dd4 \u0dc0\u0dbd\u0da7 \u0db4\u0dd4\u0dc5\u0dd4\u0dc0\u0db1\u0dca\u0daf \u0dad\u0dbb\u0dd4 \u0d91\u0dc5\u0dd2\u0dba \u0dc3\u0d9f\u0dc0\u0db1\u0dca\u0db1\r\n\u0db8\u0dbd\u0dca \u0dc0\u0dbd\u0da7 \u0db4\u0dd4\u0dc5\u0dd4\u0dc0\u0db1\u0dca\u0daf \u0db8\u0dbd\u0dca \u0dc3\u0dd4\u0dc0\u0db3 \u0dc0\u0dc5\u0d9a\u0db1\u0dca\u0db1\r\n\u0db1\u0dd4\u0db9\u0dda \u0dc0\u0dd9\u0db1\u0dc3 \u0db4\u0dd4\u0dc5\u0dd4\u0dc0\u0db1\u0dca\u0daf \u0dbd\u0ddd\u0d9a\u0dba\u0da7 \u0dc3\u0d9f\u0dc0\u0db1\u0dca\u0db1\r\n\u0daf\u0dd4\u0dc0 \u0d85\u0db4\u0da7 \u0db4\u0dd4\u0dc5\u0dd4\u0dc0\u0db1\u0dca\u0daf \u0d85\u0db4\u0dda \u0d87\u0dc3\u0dca \u0dc0\u0dc4\u0d9c\u0db1\u0dca\u0db1 //\n\r\n\u0db1\u0dd4\u0db9\u0dda \u0d87\u0dc3\u0dca \u0daf\u0dd4\u0dc0\u0db1\u0dc0\u0dcf \u0daf\u0d9f\u0d9a\u0dcf\u0dbb \u0d87\u0dc3\u0dca \u0daf\u0dd2\u0d9c\u0dda\r\n\u0d85\u0db4\u0dda \u0db4\u0dcf \u0daf\u0dd4\u0dc0\u0db1\u0dc0\u0dcf \u0db1\u0dd4\u0db9\u0dda \u0db4\u0dcf \u0d9c\u0dd2\u0dba \u0db8\u0dd9\u0d9f\u0dca\r\n\u0dc3\u0ddc\u0dba\u0dcf \u0d9c\u0db1\u0dd4 \u0db1\u0ddc\u0dc4\u0dd0\u0d9a\u0dd2\u0dc0\u0dd9\u0daf \u0daf\u0dd9\u0dba\u0d9a\u0dca \u0dc3\u0dd2\u0dad \u0dad\u0dd4\u0dc5 \u0db1\u0dd0\u0dd9\u0d9f\u0dca\r\n\u0daf\u0dd4\u0dc0\u0dda \u0db1\u0dd4\u0db9 \u0daf\u0db1\u0dca\u0db1\u0dc0\u0daf \u0d87\u0dad\u0dca\u0dad\u0da7\u0db8 \u0db1\u0dd4\u0db9\u0dda \u0d85\u0d9c\u0dda //\n\r\n\u0db4\u0ddc\u0dad\u0dda \u0db4\u0dd2\u0da7\u0dd4 \u0d85\u0dad\u0dbb\u0dda\u0daf \u0db1\u0dd4\u0db9 \u0d9a\u0dad\u0dcf \u0dc3\u0d9f\u0dc0\u0db1\u0dca\u0db1\u0dda\r\n\u0dbb\u0dd0\u0dba\u0dda \u0db1\u0dd2\u0daf\u0dd2 \u0d87\u0db3\u0dda\u0daf\u0dd3 \u0dad\u0db1\u0dd2\u0dba\u0dd9\u0db1\u0dca\u0daf \u0d9a\u0dd2\u0dba\u0dc0\u0db1\u0dca\u0db1\u0dda\r\n\u0db1\u0dd4\u0db9 \u0d9c\u0dd0\u0db1\u0db8 \u0dc3\u0dd2\u0dad \u0dc3\u0dd2\u0dad\u0dcf \u0d85\u0db4\u0dd2\u0dad\u0dca \u0db8\u0dda \u0dbd\u0dad\u0dc0\u0dd9\u0db1\u0dca\u0db1\u0dda\r\n\u0db1\u0dd4\u0db9\u0dd9\u0db1\u0dca \u0db1\u0dbb\u0d9a\u0d9a\u0dca \u0daf\u0dd4\u0dc0\u0dda \u0d85\u0db4\u0da7\u0db1\u0db8\u0dca \u0db1\u0dd1 \u0dc0\u0dd9\u0db1\u0dca\u0db1\u0dda //\n\r\n\u0dad\u0dbb\u0dd4 \u0dc0\u0dbd\u0da7 \u0db4\u0dd4\u0dc5\u0dd4\u0dc0\u0db1\u0dca\u0daf..."
    },
    {
        "uuid": "a27f666c-8a24-11e9-94df-3863bb98c88b",
        "song": "Tharu Werale (Ridee Siththam Theme song) ",
        "singer": "Damith Asanka ",
        "lyricUnicode": "\u0dad\u0dbb\u0dd4 \u0dc0\u0dd9\u0dbb\u0dc5\u0dda \u0dc3\u0db3\u0dc0\u0dad \u0dc3\u0dda \r\n\u0dc4\u0dd2\u0dad\u0dca \u0d85\u0dc4\u0dc3\u0dda \u0d94\u0db6 \u0db4\u0dcf\u0dba\u0dcf \u0d8b\u0db1\u0dca\u0db1\u0dcf \r\n\u0dc4\u0dd2\u0db1\u0dd0\u0dc4\u0dd9\u0db8\u0dd4 \u0d92 \u0db4\u0dd4\u0dbb \u0dc4\u0db3 \u0dc3\u0dda \r\n\u0db8\u0d9c\u0dd9 \u0db8\u0dd2\u0dad\u0dd4\u0dbb\u0dda \u0db1\u0dd9\u0dad\u0dca \u0d9a\u0db3\u0dd4\u0dc5\u0dd4 \u0db4\u0dd2\u0dc3\u0daf\u0dcf \n\r\n\u0db8\u0dbd\u0dca \u0db4\u0dd2\u0db4\u0dd2\u0dbd\u0dcf \u0d87\u0dc3\u0dca \u0db8\u0dcf\u0db1\u0dda \u0db1\u0dd9\u0d9a \u0db4\u0dd0\u0dc4\u0dd0\u0dba\u0dd9\u0db1\u0dca \u0db4\u0dd4\u0dbb\u0dc0\u0dcf \r\n\u0dc4\u0dd2\u0dad\u0da7 \u0daf\u0dd0\u0db1\u0dd4\u0db1\u0dcf \u0dc4\u0dd2\u0dad\u0dca \u0db4\u0dad\u0dd4\u0dbd\u0da7 \u0db8\u0dbd\u0dca \u0dc3\u0dd4\u0dc0\u0db3\u0d9a\u0dca \u0d91\u0db6\u0dd4\u0db1\u0dcf \r\n\u0dc4\u0ddc\u0dbb\u0dd9\u0db1\u0dca \u0d87\u0dc0\u0dd2\u0daf\u0dd2\u0db1\u0dca \u0db4\u0dd2\u0dab\u0dd2 \u0d9a\u0db3\u0dd4\u0dbd\u0d9a\u0dca \u0dc3\u0dd2\u0dad\u0dca \u0dc3\u0dcf\u0dba\u0db8\u0dca \u0dad\u0dd2\u0db6\u0dca\u0db6\u0dcf \r\n\u0dc3\u0dd4\u0dc0\u0db3 \u0dc0\u0dd2\u0dad\u0dbb\u0dba\u0dd2 \u0d85\u0dad\u0dd0\u0d9c\u0dd2\u0dbd\u0dca\u0dbd\u0da7 \u0dc4\u0dd2\u0db8\u0dd2 \u0db1\u0dd0\u0dad\u0dd2\u0daf\u0ddd \u0db8\u0db1\u0dca\u0daf\u0dcf \n\r\n\u0db8\u0d9c\u0dd9 \u0dbd\u0d9f \u0d89\u0daf\u0db1\u0dca \u0dbd\u0ddc\u0d9a\u0dd4 \u0d87\u0dc3\u0dca \u0db4\u0dd2\u0dba\u0db1\u0dca \r\n\u0dc0\u0dc3\u0dca\u0dc3\u0dcf\u0dc0\u0dd3 \u0dc4\u0dd2\u0dad\u0dca \u0dba\u0dcf\u0dba\u0dda \u0dc0\u0dbb\u0dd4\u0dc3\u0dcf \r\n\u0db8\u0dd2\u0dad\u0dd4\u0dbb\u0dda \u0db8\u0d9c\u0dda \u0db1\u0dd2\u0dbd\u0dca\u0db8\u0dbd\u0dca \u0dc4\u0dd3\u0db1\u0dda \r\n\u0dc3\u0dd4\u0dbb\u0d9a\u0dd3\u0dc0\u0dcf \u0d94\u0dba \u0daf\u0dd1\u0dc3 \u0dc0\u0d9c\u0dda\n\r\n\u0dad\u0dbb\u0dd4 \u0dc0\u0dd9\u0dbb\u0dc5\u0dda....\r\n\u0db8\u0dbd\u0dca \u0db4\u0dd2\u0db4\u0dd2\u0dbd\u0dcf....\r\n\u0db8\u0d9c\u0dd9 \u0dbd\u0d9f \u0d89\u0daf\u0db1\u0dca....\r\n\u0dad\u0dbb\u0dd4 \u0dc0\u0dd9\u0dbb\u0dc5\u0dda...."
    },
    {
        "uuid": "a2ff95a8-8a24-11e9-b724-3863bb98c88b",
        "song": "Tharu Yaye Athin Athata Didulana Rantharu Yuwalak Se ",
        "singer": "Gration Ananda ",
        "lyricUnicode": "\u0dad\u0dbb\u0dd4\u0dba\u0dcf\u0dba\u0dda \u0d88\u0dad\u0dd2\u0db1\u0dca \u0d88\u0dad\u0da7 \u0daf\u0dd2\u0daf\u0dd4\u0dbd\u0db1 \u0dbb\u0db1\u0dca\u0dad\u0dbb\u0dd4 \u0dba\u0dd4\u0dc0\u0dbd\u0d9a\u0dca \u0dc3\u0dda\r\n\u0d9a\u0dd2\u0dc3\u0dd2 \u0daf\u0dd2\u0db1\u0dba\u0d9a \u0db1\u0ddc\u0db8\u0dd2\u0dba\u0dd9\u0db1 \u0dc3\u0ddc\u0dc4\u0ddc\u0dba\u0dd4\u0dbb\u0dd4 \u0db4\u0dd9\u0db8\u0d9a\u0dd2\u0db1\u0dca \u0d94\u0db6 \u0d85\u0db4 \u0db6\u0dd0\u0daf\u0dd4\u0db1\u0dcf\u0dc0\u0dda\r\n\u0dc4\u0dd9\u0da7 \u0daf\u0dd4\u0d9a\u0dca \u0dc3\u0ddd \u0d9a\u0daf\u0dd4\u0dbd\u0dd0\u0dbd\u0dd2 \u0db1\u0ddc\u0daf\u0d9a\u0dd2\u0db1 \u0dbd\u0ddc\u0dc0\u0d9a\u0da7 \u0d85\u0db4 \u0db1\u0dd9\u0dad\u0dca \u0dba\u0ddc\u0db8\u0dd4 \u0dc0\u0dda\u0dc0\u0dcf \r\n\u0db8\u0dad\u0dd4 \u0db7\u0dc0\u0dba\u0dd9\u0db1\u0dca \u0db7\u0dc0\u0dba\u0da7 \u0d91\u0d9a \u0d89\u0dad\u0dca\u0dad\u0d9a \u0db4\u0dd2\u0db4\u0dd2 \u0db8\u0dbd\u0dca \u0dba\u0dd4\u0dc0\u0dbd\u0d9a\u0dca \u0dc0\u0dda\u0dc0\u0dcf\n\r\n\u0dba\u0db1 \u0d91\u0db1 \u0dc4\u0dd0\u0db8\u0dad\u0dd0\u0db1 \u0dc3\u0dd9\u0dc0\u0db1\u0dd0\u0dbd\u0dd2 \u0dc0\u0dd2\u0dbd\u0dc3\u0dda\r\n\u0d9a\u0dd2\u0dc3\u0dd2 \u0db8\u0ddc\u0dc4\u0ddc\u0dad\u0d9a \u0dc4\u0ddd.. \r\n\u0d9a\u0dd2\u0dc3\u0dd2 \u0db8\u0ddc\u0dc4\u0ddc\u0dad\u0d9a \u0dc4\u0ddd \u0dc0\u0dd9\u0db1\u0dca \u0db1\u0ddc\u0db8\u0dc0\u0dda\u0dc0\u0dcf\r\n\u0d92 \u0db8\u0d9c\u0daf \u0d91\u0d9a\u0da7\u0dba\u0dd2 \u0dba\u0db1\u0dca\u0db1\u0dda \u0dc3\u0dd9\u0db1\u0dd9\u0dc4\u0dda \u0db4\u0dd4\u0daf\u0dcf\r\n\u0dc3\u0dd9\u0db1\u0dd9\u0dc4\u0dd9 \u0db4\u0dd4\u0daf\u0dcf \u0da2\u0dd3\u0dc0\u0dd2\u0dad\u0dda \u0db4\u0dd4\u0dbb\u0dcf \r\n\u0db8\u0dad\u0dd4 \u0db7\u0dc0\u0dba\u0dd9\u0db1\u0dca \u0db7\u0dc0\u0dba\u0da7 \u0d91\u0d9a \u0d89\u0dad\u0dca\u0dad\u0d9a \u0db4\u0dd2\u0db4\u0dd3 \u0db8\u0dbd\u0dca \u0dba\u0dd4\u0dc0\u0dbd\u0d9a\u0dca \u0dc0\u0dda\u0dc0\u0dcf\n\r\n\u0dad\u0dbb\u0dd4\u0dba\u0dcf\u0dba\u0dda \u0d88\u0dad\u0dd2\u0db1\u0dca \u0d88\u0dad\u0da7........\n\r\n\u0d94\u0db6 \u0d85\u0db4 \u0d85\u0dad\u0dbb\u0da7 \u0d9a\u0dd2\u0dc3\u0dd2\u0dba\u0db8\u0dca \u0daf\u0dd2\u0db1\u0dba\u0d9a\r\n\u0db1\u0ddc\u0db4\u0dd0\u0dad\u0dd4 \u0dbd\u0dd9\u0dc3\u0d9a\u0dd2\u0db1\u0dca \u0dc4\u0ddd.. \r\n\u0db1\u0ddc\u0db4\u0dd0\u0dad\u0dd4 \u0dbd\u0dd9\u0dc3\u0d9a\u0dd2\u0db1\u0dca \u0db8\u0dbb\u0dd4 \u0dbd\u0db1\u0dca \u0dc0\u0dd2\u0db1\u0dd2 \u0db1\u0db8\u0dca\r\n\u0d92 \u0db8\u0d9c\u0daf \u0d91\u0d9a\u0da7\u0dba\u0dd2 \u0dba\u0db1\u0dca\u0db1\u0dda \u0dc3\u0dd9\u0db1\u0dd9\u0dc4\u0dda \u0db4\u0dd4\u0daf\u0dcf\r\n\u0dc3\u0dd9\u0db1\u0dd9\u0dc4\u0dda \u0db4\u0dd4\u0daf\u0dcf \u0da2\u0dd3\u0dc0\u0dd2\u0dad\u0dda \u0db4\u0dd4\u0dbb\u0dcf \r\n\u0db8\u0dad\u0dd4 \u0db7\u0dc0\u0dba\u0dd9\u0db1\u0dca \u0db7\u0dc0\u0dba\u0da7 \u0d91\u0d9a \u0d89\u0dad\u0dca\u0dad\u0d9a \u0db4\u0dd2\u0db4\u0dd3\u0db8\u0dbd\u0dca \u0dba\u0dd4\u0dc0\u0dbd\u0d9a\u0dca \u0dc0\u0dda\u0dc0\u0dcf\n\r\n\u0dad\u0dbb\u0dd4\u0dba\u0dcf\u0dba\u0dda \u0d88\u0dad\u0dd2\u0db1\u0dca \u0d88\u0dad\u0da7........\n"
    },
    {
        "uuid": "a68ca7ae-8a24-11e9-8c34-3863bb98c88b",
        "song": "Thathagathayanane ",
        "singer": "Viraj Perera ",
        "lyricUnicode": "\u0dad\u0dae\u0dcf\u0d9c\u0dad\u0dba\u0dcf\u0dab\u0db1\u0dda.. \u0dad\u0dae\u0dcf\u0d9c\u0dad\u0dba\u0dcf\u0dab\u0db1\u0dda..\r\n\u0daf\u0dd4\u0d9a \u0daf\u0dd0\u0db1\u0dd4\u0dab\u0dcf \u0daf\u0dd4\u0d9a\u0da7 \u0dc4\u0dda\u0dad\u0dd4\u0dc0 \u0dad\u0dda\u0dbb\u0dd4\u0dab\u0dcf //\r\n\u0dad\u0dcf\u0db8 \u0d9a\u0dd2\u0dc3\u0dd2\u0dc0\u0dd9\u0d9a\u0dd4 \u0d85\u0dad\u0dca\u0dc4\u0dbb\u0dd2\u0db1\u0dca\u0db1\u0da7 \u0db6\u0dd0\u0dbb\u0dd2\u0dc0 \u0dbd\u0dad\u0dd0\u0dc0\u0dd9\u0db1\u0dc0\u0dcf\r\n\u0dad\u0dae\u0dcf\u0d9c\u0dad\u0dba\u0dcf\u0dab\u0db1\u0dda.. \u0dad\u0dae\u0dcf\u0d9c\u0dad\u0dba\u0dcf\u0dab\u0db1\u0dda..\r\n\u0daf\u0dd4\u0d9a \u0daf\u0dd0\u0db1\u0dd4\u0dab\u0dcf \u0daf\u0dd4\u0d9a\u0da7 \u0dc4\u0dda\u0dad\u0dd4\u0dc0 \u0dad\u0dda\u0dbb\u0dd4\u0dab\u0dcf //\r\n\u0db1\u0db8\u0ddd\u0dad\u0dda \u0db6\u0dd4\u0daf\u0dca\u0db0 \u0dc0\u0dd2\u0dbb\u0da7\u0dca\u0da7\u0dd4 \r\n\u0dc0\u0dd2\u0db4\u0dca\u0db4 \u0db8\u0dd4\u0dad\u0dca\u0dad\u0ddd \u0dc3\u0dd2\u0dc3\u0db6\u0dca\u0db6\u0daf\u0dd3\r\n\u0dc3\u0db8\u0dca\u0db7\u0dcf\u0daf \u0db4\u0da7\u0dd2\u0db4\u0db1\u0dca\u0db1\u0ddd\u0dc3\u0db8\u0dd2\r\n\u0dad\u0dc3\u0dca\u0dc3 \u0db8\u0dda \u0dc3\u0dbb\u0dab\u0d82 \u0db7\u0dc0\u0dcf\u0dad\u0dd2\n\r\n\u0db7\u0dc0 \u0db4\u0dd4\u0dbb\u0dcf \u0dc3\u0dd0\u0dbb\u0dd2\u0dc3\u0dbb\u0dcf\u0dbd\u0dcf \u0db4\u0dc0\u0dca \u0d9a\u0dc5\u0dcf\u0daf\u0ddd \u0d89\u0dc4\u0da7\u0dad\u0dca \u0dc0\u0da9\u0dcf\r\n\u0dc3\u0dd2\u0dad \u0db4\u0dd4\u0dbb\u0dcf \u0dc3\u0dad\u0dd4\u0da7\u0d9a\u0dca \u0dc3\u0ddc\u0dba\u0dcf \u0d85\u0dc0\u0dc3\u0dcf\u0db1\u0dba\u0dd9\u0daf\u0dd3 \u0daf\u0dd4\u0d9a\u0db8\u0dba\u0dd2 \u0dc3\u0daf\u0dcf\r\n\u0dc4\u0db8\u0db1\u0dcf \u0dc3\u0dd4\u0dc5\u0d9c\u0dda \u0daf\u0dc4\u0db8\u0dba\u0dd2 \u0d87\u0dc3\u0dd4\u0db1\u0dda\r\n\u0db4\u0dd2\u0db1\u0dca \u0db8\u0daf\u0dd2 \u0dc0\u0dd4\u0dab\u0dcf\u0daf\u0ddd \u0dc3\u0d82\u0dc3\u0dcf\u0dbb\u0dba\u0dda \n\r\n\u0dad\u0dae\u0dcf\u0d9c\u0dad\u0dba\u0dcf\u0dab\u0db1\u0dda.. \u0dad\u0dae\u0dcf\u0d9c\u0dad\u0dba\u0dcf\u0dab\u0db1\u0dda..\r\n\u0daf\u0dd4\u0d9a \u0daf\u0dd0\u0db1\u0dd4\u0dab\u0dcf \u0daf\u0dd4\u0d9a\u0da7 \u0dc4\u0dda\u0dad\u0dd4\u0dc0 \u0dad\u0dda\u0dbb\u0dd4\u0dab\u0dcf //\n\r\n\u0db1\u0dd2\u0db8 \u0dc0\u0dd9\u0dbd\u0dcf \u0db8\u0dbb\u0dab\u0dd2\u0db1\u0dca \u0d91\u0dc4\u0dcf \u0dba\u0dc5\u0dd2 \u0d8b\u0db4\u0daf\u0dd2\u0db1\u0dcf \u0db8\u0dda \u0da2\u0dd2\u0dc0\u0dd2\u0dad\u0dda\r\n\u0dc3\u0dd2\u0dc4\u0dd2\u0d9a\u0dc5\u0dcf \u0d9c\u0dd4\u0dab \u0d9a\u0db3 \u0d85\u0db8\u0dcf \u0dbb\u0dc3 \u0dc0\u0dd1\u0dc4\u0dd9\u0db1\u0dcf \u0db0\u0dbb\u0dca\u0db8\u0dba \u0d94\u0db6\u0dda\r\n\u0dc4\u0db8\u0db1\u0dcf \u0dc3\u0dd4\u0dc5\u0dd9\u0d9f\u0dca \u0daf\u0dc4\u0db8\u0dba\u0dd2 \u0d87\u0dc3\u0dd4\u0dab\u0dda\r\n\u0db4\u0dd2\u0db1\u0dca \u0db8\u0daf\u0dd2 \u0dc0\u0dd4\u0db1\u0dcf\u0daf\u0ddd \u0dc3\u0d82\u0dc3\u0dcf\u0dbb\u0dba\u0dda \n\r\n\u0dad\u0dae\u0dcf\u0d9c\u0dad\u0dba\u0dcf\u0dab\u0db1\u0dda.. \u0dad\u0dae\u0dcf\u0d9c\u0dad\u0dba\u0dcf\u0dab\u0db1\u0dda..\r\n\u0daf\u0dd4\u0d9a \u0daf\u0dd0\u0db1\u0dd4\u0dab\u0dcf \u0daf\u0dd4\u0d9a\u0da7 \u0dc4\u0dda\u0dad\u0dd4\u0dc0 \u0dad\u0dda\u0dbb\u0dd4\u0dab\u0dcf ///\n"
    },
    {
        "uuid": "a87d2d54-8a24-11e9-928e-3863bb98c88b",
        "song": "Thawa Dura Noyanna ",
        "singer": "Nadini Premadasa ",
        "lyricUnicode": "\u0dad\u0dc0 \u0daf\u0dd4\u0dbb \u0db1\u0ddc\u0dba\u0db1\u0dca\u0db1 \u0db8\u0d9c\u0dd9 \u0daf\u0dd9\u0db1\u0dd9\u0dad\u0dd2\u0db1\u0dca \u0daf\u0dbb\u0dcf \u0d9c\u0db1\u0dd4 \u0db6\u0dd1 \u0dc4\u0dd2\u0dad\u0dad\u0dca \u0db6\u0dd2\u0db3\u0dd2\u0dbd\u0dcf\r\n\u0d85\u0db8\u0dad\u0d9a \u0d9a\u0dbb\u0db1\u0dca\u0db1 \u0dc0\u0dd9\u0dbb \u0daf\u0dd0\u0dbb\u0dd4\u0dc0\u0dad\u0dca \u0d94\u0dba\u0dcf \u0db8\u0da7 \u0db1\u0db8\u0dca \u0db8\u0dad\u0d9a\u0dca \u0dc0\u0dd9\u0db1\u0dc0\u0dcf\r\n\u0d9a\u0db3\u0dd4\u0dbd\u0dd0\u0dbd\u0dca \u0db1\u0dd9\u0dad\u0dd2\u0db1\u0dca \u0daf\u0dbb\u0dcf\u0d9c\u0dd9\u0db1\u0dba\u0dd2 \u0d94\u0dba\u0dcf\u0da7 \u0db4\u0dd9\u0db8\u0dca \u0d9a\u0dd9\u0dbb\u0dd4\u0dc0\u0dda\r\n\u0d91\u0d9a \u0dc4\u0dd2\u0dad\u0d9a \u0db1\u0dd1 \u0d94\u0dba\u0dcf \u0d92 \u0d87\u0dba\u0dd2 \u0d9a\u0dd2\u0dba\u0dcf \u0d9a\u0dd2\u0dba\u0db1\u0dca\u0db1 \u0dbb\u0dad\u0dca\u0dad\u0dbb\u0db1\u0dda\n\r\n\u0dc4\u0daf\u0dc0\u0dad\u0dd2\u0db1\u0dca \u0dad\u0dd4\u0dbb\u0dd4\u0dc5\u0dd4 \u0dc0\u0dd3\u0dbd\u0dcf \u0d94\u0db6 \u0db8\u0d9c\u0dda\u0db8\u0dba\u0dd2 \u0d9a\u0dd2\u0dba\u0dcf\u0dbd\u0dcf\r\n\u0d8b\u0dbb\u0dc4\u0dd2\u0dc3\u0dda \u0dc4\u0dd2\u0dc3 \u0dad\u0dd2\u0dba\u0dcf\u0dbd\u0dcf \u0dbb\u0dd0\u0dc0\u0da7\u0dd4\u0dc0\u0dad\u0dca \u0db6\u0ddc\u0dbb\u0dd4 \u0d9c\u0ddc\u0dad\u0dcf\u0dbd\u0dcf\r\n\u0d91\u0d9a\u0da7 \u0d9c\u0dd9\u0dc0\u0dd4 \u0d92 \u0d85\u0dad\u0dd3\u0dad\u0dda \u0db8\u0da7 \u0dc4\u0dd3\u0db1\u0dba\u0d9a\u0dca \u0dc0\u0dcf\u0d9c\u0dda\u0db8\u0dba\u0dd2 \r\n\u0dc4\u0dd3\u0db1\u0dba\u0d9a\u0dca \u0dc0\u0dcf\u0d9c\u0dda\u0db8\u0dba\u0dd2\n\r\n\u0dad\u0db1\u0dd2\u0d9a\u0db8\u0dd9\u0db1\u0dca \u0daf\u0dd2\u0db1 \u0d9c\u0dd9\u0dc0\u0dd3\u0dbd\u0dcf \u0dc4\u0dd2\u0dad \u0db8\u0d9c\u0dda \u0db6\u0ddc\u0dbd\u0db3 \u0dc0\u0dd3\u0dbd\u0dcf\r\n\u0daf\u0dd0\u0db1 \u0daf\u0dd0\u0db1\u0dad\u0dca \u0d85\u0dc4\u0dd2\u0db8\u0dd2 \u0db6\u0dc0 \u0db8\u0dcf \u0dad\u0dc0 \u0dad\u0dc0\u0dad\u0dca \u0dc5\u0d9f\u0da7 \u0d86 \u0daf\u0dcf\r\n\u0d9a\u0dc0\u0daf\u0dcf \u0dc4\u0db8\u0dd4\u0dc0\u0dda\u0daf \u0d86\u0dba\u0dd9\u0dad\u0dca \u0d94\u0db6 \u0dc4\u0dd3\u0db1\u0dba\u0d9a\u0dca \u0dc0\u0dcf\u0d9c\u0dda\u0db8\u0dba\u0dd2\r\n\u0dc4\u0dd3\u0db1\u0dba\u0d9a\u0dca \u0dc0\u0dcf\u0d9c\u0dda\u0db8\u0dba\u0dd2\n\r\n\u0dad\u0dc0 \u0daf\u0dd4\u0dbb \u0db1\u0ddc\u0dba\u0db1\u0dca\u0db1...."
    },
    {
        "uuid": "aa6fd57a-8a24-11e9-87db-3863bb98c88b",
        "song": "Thawa Hinawenna Dun Sathuta Aran ",
        "singer": "Shan Hassim ",
        "lyricUnicode": "\u0dad\u0dc0 \u0dc4\u0dd2\u0db1\u0dcf\u0dc0\u0dd9\u0db1\u0dca\u0db1 \u0daf\u0dd4\u0db1\u0dca \u0dc3\u0dad\u0dd4\u0da7 \u0d85\u0dbb\u0db1\u0dca\r\n\u0db8\u0da7 \u0dc4\u0daf\u0dcf\u0d9c\u0db1\u0dca\u0db1 \u0daf\u0dd4\u0db1\u0dca \u0dc4\u0dd2\u0dad \u0d8b\u0db3\u0dd4\u0dbb\u0db1\u0dca\r\n\u0db8\u0ddc\u0d9a\u0dd4\u0dad\u0dca \u0db1\u0ddc\u0daf\u0db1\u0dca\u0db1\u0dcf \u0dc3\u0dd4\u0dc5\u0d9f \u0dc0\u0d9c\u0dda \u0db1\u0dd4\u0db9\r\n\u0db1\u0dd4\u0db9\u0dc0\u0dad\u0dca \u0daf\u0db1\u0dca\u0db1\u0dd0\u0dad\u0dd2 \u0daf\u0dd4\u0dbb\u0d9a \u0d9c\u0dd2\u0dc4\u0dd2\u0db1\u0dca //\n\r\n\u0d85\u0dad\u0dca\u0dc0\u0dd0\u0dbd\u0dca \u0db4\u0da7\u0dbd\u0dcf \u0dc4\u0dd2\u0db8\u0dd2\u0dc4\u0dd2\u0da7 \u0d9a\u0ddc\u0db3\u0dd4\u0dbb\u0dcf\r\n\u0d89\u0dc3\u0dca\u0dc3\u0dbb \u0db8\u0dd4\u0db8\u0dd4\u0dab\u0db4\u0dd4 \u0dbb\u0dc4\u0dc3\u0dca \u0d9a\u0dad\u0dcf\r\n\u0db8\u0dad\u0d9a\u0dba\u0dd9\u0dc0\u0dad\u0dca \u0db1\u0dd0\u0dad\u0dd2 \u0dad\u0dbb\u0db8\u0da7 \u0d94\u0dba \u0dc4\u0dd2\u0dad\r\n\u0d87\u0dba\u0dd2 \u0db8\u0dda \u0dad\u0dbb\u0db8\u0da7 \u0dc0\u0dd9\u0db1\u0dc3\u0dca \u0dc0\u0dd9\u0dbd\u0dcf\n\r\n\u0dad\u0dc0 \u0dc4\u0dd2\u0db1\u0dcf\u0dc0\u0dd9\u0db1\u0dca\u0db1..... \n\r\n\u0dba\u0dc5\u0dd2\u0dad\u0dca \u0dc4\u0dd0\u0db6\u0dd1\u0dc0\u0da7 \u0d87\u0dc0\u0dd2\u0dad\u0dca \u0dba\u0db1\u0dca\u0db1 \u0dc4\u0dbb\u0dd2\r\n\u0db6\u0dd0\u0dbd\u0dd6\u0dc0\u0da7 \u0d91\u0db1\u0dad\u0dd4\u0dbb\u0dd4 \u0dc4\u0dd4\u0d9f\u0dcf\u0d9a\u0dca \u0dc0\u0dd9\u0dbd\u0dcf\r\n\u0daf\u0dd2\u0db1 \u0dc3\u0dad\u0dd2 \u0d85\u0dbb\u0d9c\u0dd9\u0db1 \u0d9a\u0dcf\u0dbd\u0dba \u0dba\u0db1 \u0daf\u0dd4\u0dbb\r\n\u0d9c\u0dd2\u0dba\u0dda \u0d94\u0dba\u0dcf \u0dc4\u0dd2\u0dad \u0dbb\u0dc0\u0da7\u0dca\u0da7\u0dbd\u0dcf\n\r\n\u0dad\u0dc0 \u0dc4\u0dd2\u0db1\u0dcf\u0dc0\u0dd9\u0db1\u0dca\u0db1..... //"
    },
    {
        "uuid": "aaec14de-8a24-11e9-8808-3863bb98c88b",
        "song": "Thawa Mahalu Na Isurumuniye ",
        "singer": "Bachi Susan ",
        "lyricUnicode": "\u0dad\u0dc0 \u0db8\u0dc4\u0dc5\u0dd4 \u0db1\u0dd1 \u0d89\u0dc3\u0dd4\u0dbb\u0dd4\u0db8\u0dd4\u0dab\u0dd2\u0dba\u0dda\r\n\u0db4\u0dd9\u0db8\u0dca \u0dba\u0dd4\u0dc0\u0dc5 \u0dad\u0dbb\u0dd4\u0dab\u0dba\u0dd2\r\n\u0db4\u0dd2\u0da7 \u0d9c\u0db8\u0dca \u0d9c\u0dd2\u0dba\u0dad\u0dca \u0db1\u0dd4\u0db9 \r\n\u0db6\u0dd0\u0db1\u0dca\u0daf \u0d86\u0dbd\u0dba \u0dc4\u0dd2\u0dad\u0dda \u0dad\u0dc0 \u0d91\u0dc4\u0dd9\u0db8\u0dba\u0dd2 //\n\r\n\u0dad\u0dd2\u0dc3\u0dcf \u0dc0\u0dd0\u0dc0\u0dca \u0dad\u0dd4\u0dbb\u0dd4 \u0dc3\u0dd9\u0dc0\u0dab\u0dda \u0d85\u0dc0\u0dc3\u0db1\u0dca\r\n\u0db8\u0ddc\u0dc4\u0ddc\u0dad \u0db8\u0da7 \u0dc3\u0dd2\u0dc4\u0dd2\u0dc0\u0dd9\u0dba\u0dd2\r\n\u0db8\u0dd4\u0dbd\u0dcf\u0d9a\u0dbb \u0db8\u0dcf \u0d85\u0dad\u0dd0\u0dbb \u0d9c\u0dd2\u0dba \u0dc4\u0dd0\u0da7\u0dd2\r\n\u0d85\u0daf\u0dad\u0dca \u0db8\u0da7 \u0db8\u0dad\u0d9a\u0dba\u0dd2\r\n\u0db8\u0dd9\u0db8\u0dcf \u0daf\u0dd4\u0da7\u0dd4 \u0daf\u0dc4\u0dc3\u0d9a\u0dca \u0dc3\u0dd2\u0dc4\u0dd2\u0db1\r\n\u0dc0\u0dd0\u0dc0\u0dca \u0daf\u0dd2\u0dba\u0dda \u0daf\u0dd2\u0dba \u0dc0\u0dd6\u0dc0\u0dba\u0dd2\n\r\n\u0dc3\u0daf\u0dcf \u0dad\u0db1\u0dd2\u0d9a\u0da9 \u0dc0\u0dd4\u0dc0\u0dad\u0dca \u0d85\u0daf \u0db8\u0db8\r\n\u0d91\u0dba \u0d85\u0db8\u0dd2\u0dbd \u0dc3\u0dd0\u0db4\u0dad\u0dba\u0dd2\r\n\u0d91\u0daf\u0dcf \u0db8\u0db1\u0dca\u0daf\u0dd2\u0dbb \u0db1\u0dd0\u0dad\u0dd0\u0dba\u0dd2 \u0db8\u0dcf \u0dc4\u0da7\r\n\u0db1\u0dd4\u0db9 \u0d91\u0dba\u0db8 \u0db4\u0dd0\u0dad\u0dd4\u0dc0\u0dba\u0dd2\r\n\u0db8\u0dd9\u0daf\u0dcf \u0daf\u0dd0\u0dc3\u0dd2 \u0daf\u0dc3\u0dca \u0db8\u0dd0\u0daf\u0dd4\u0dbb\u0dd4 \u0d87\u0dad \u0db8\u0da7\r\n\u0d92\u0dad\u0dca \u0db1\u0dd4\u0db9 \u0daf\u0dd2\u0dc5\u0dd2\u0db3\u0dd4\u0dba\u0dd2\n\r\n\u0dad\u0dc0 \u0db8\u0dc4\u0dc5\u0dd4 \u0db1\u0dd1.... //\n"
    },
    {
        "uuid": "abe90db4-8a24-11e9-b078-3863bb98c88b",
        "song": "Therum Ganne Kawadada Oba Ma ",
        "singer": "Ishan Priyasanka ",
        "lyricUnicode": "\u0dad\u0dda\u0dbb\u0dd4\u0db8\u0dca \u0d9c\u0db1\u0dca\u0db1\u0dda \u0d9a\u0dc0\u0daf\u0daf \u0d94\u0db6 \u0db8\u0dcf\r\n\u0dc4\u0dd0\u0db8 \u0dad\u0db4\u0dca\u0db4\u0dbb\u0dba\u0dda \u0db8\u0d82 \u0dc0\u0dd0\u0dbb\u0daf\u0dd2\u0d9a\u0dcf\u0dbb\u0dba\u0dcf \r\n\u0d94\u0db6 \u0db1\u0dd1 \u0daf\u0db1\u0dca\u0db1\u0dda \u0db8\u0d9c\u0dda \u0dc3\u0dd9\u0db1\u0dda\u0dc4\u0dda\r\n\u0db8\u0dcf \u0db8\u0dc5 \u0daf\u0dc0\u0dc3\u0d9a \u0d91\u0dba \u0dc0\u0dd0\u0da7\u0dc4\u0dda \r\n\u0d91\u0daf\u0dcf\u0da7 \u0db1\u0db8\u0dca \u0db4\u0dc3\u0dd4\u0dad\u0dd0\u0dc0\u0dd9\u0db1\u0dd4 \u0d91\u0db4\u0dcf\r\n\u0db8\u0dcf \u0dc0\u0dd9\u0db1\u0dd4\u0dc0\u0dd9\u0db1\u0dca \u0db1\u0db8\u0dca \u0dc4\u0da9\u0db1\u0dd4 \u0d91\u0db4\u0dcf\r\n\u0d94\u0db6 \u0dc4\u0dd0\u0dbb \u0d9a\u0dc0\u0dd4\u0dbb\u0dd4\u0dad\u0dca \u0daf\u0dd0\u0db1\u0dca \u0db8\u0da7 \u0db1\u0dd1\u0db1\u0dda \r\n\u0dbd\u0dd0\u0db6\u0dd4\u0db1\u0dd4 \u0dc3\u0db8\u0dca\u0db4\u0dad\u0dad\u0dca \u0daf\u0dd4\u0dbb\u0dc3\u0dca \u0dc0\u0dd9\u0dbd\u0dcf\u0db1\u0dda \r\n\u0d86\u0daf\u0dbb\u0dda \u0db8\u0da7 \u0db1\u0dd0\u0daf\u0dca\u0daf \u0d94\u0dba\u0dcf \n\r\n\u0db8\u0dcf\u0dc0 \u0dc4\u0da9\u0dc0\u0dcf \u0dc0\u0dd2\u0dba\u0dad\u0d9a\u0dca \u0d88\u0dad\u0dd2\u0db1\u0dca \u0d89\u0db1\u0dca\u0db1 \u0d91\u0db4\u0dcf \r\n\u0d9c\u0dd0\u0dc4\u0dd9\u0db1 \u0dc4\u0dd4\u0dc3\u0dca\u0db8\u0dda \u0dc0\u0dd2\u0dbd\u0dcf\u0db4\u0dba\u0da7 \u0d9a\u0db1\u0dca \u0daf\u0dd9\u0db1\u0dca\u0db1 \u0d91\u0db4\u0dcf \r\n\u0dad\u0db1\u0dd2 \u0dc0\u0dd6 \u0db8\u0db1\u0dc3\u0dd2\u0db1\u0dca \u0dc3\u0dd0\u0dbb\u0dd2\u0dc3\u0dbb\u0db1\u0dca\u0db1 \u0d89\u0da9 \u0dad\u0dd2\u0dba\u0db1\u0dd4 \u0d91\u0db4\u0dcf \r\n\u0db8\u0dcf \u0daf\u0dd4\u0db1\u0dca \u0dc3\u0dd9\u0db1\u0dd9\u0dc4\u0dc3 \u0dc0\u0dd9\u0db1\u0d9a\u0dd9\u0d9a\u0dd4\u0d9c\u0dd9\u0db1\u0dca \u0dc3\u0ddc\u0dba\u0db1\u0dd4 \u0d91\u0db4\u0dcf \n\r\n\u0dad\u0dda\u0dbb\u0dd4\u0db8\u0dca \u0d9c\u0db1\u0dca\u0db1\u0dda......\n\r\n\u0d94\u0db6\u0d9c\u0dd9\u0db1\u0dca \u0dad\u0ddc\u0dbb\u0dc0\u0dd4 \u0dbd\u0ddc\u0dc0\u0d9a\u0da7 \u0dba\u0db1\u0dca\u0db1\u0da7 \u0dc0\u0dd9\u0db1\u0dca\u0db1 \u0d91\u0db4\u0dcf \r\n\u0dad\u0dd4\u0dbb\u0dd4\u0db1\u0dd4 \u0db4\u0db4\u0dd4\u0dc0\u0dda \u0dad\u0dc0\u0d9a\u0dd9\u0d9a\u0dca \u0db1\u0dd4\u0dc4\u0dd4\u0dbb\u0da7 \u0d89\u0db1\u0dca\u0db1 \u0d91\u0db4\u0dcf \r\n\u0dc0\u0dd0\u0dbb\u0daf\u0dd2 \u0d87\u0dad\u0dca\u0db1\u0db8\u0dca \u0dad\u0dd9\u0dbb\u0dd4\u0db8\u0dca \u0d9b\u0dd9\u0dbb\u0dd4\u0db8\u0dca \u0d9a\u0dbb\u0dbd\u0dcf \u0d94\u0dba\u0dcf \r\n\u0d86\u0daf\u0dbb\u0dd9\u0db1\u0dca \u0d89\u0db8\u0dd4 \u0dc3\u0d82\u0dc3\u0dcf\u0dbb\u0dda \u0db1\u0dd2\u0db8 \u0db1\u0ddc\u0dc0\u0db1 \u0dad\u0dd4\u0dbb\u0dcf\n\r\n\u0dad\u0dda\u0dbb\u0dd4\u0db8\u0dca \u0d9c\u0db1\u0dca\u0db1\u0dda...... //"
    },
    {
        "uuid": "ac695fa8-8a24-11e9-a15c-3863bb98c88b",
        "song": "Theruwan Saranai Oyata ",
        "singer": "Manjula Pushpakumara ",
        "lyricUnicode": "\u0dad\u0dd9\u0dbb\u0dd4\u0dc0\u0db1\u0dca \u0dc3\u0dbb\u0dab\u0dba\u0dd2 \u0d94\u0dba\u0dcf\u0da7 \u0daf\u0dd4\u0d9a \u0db8\u0da7 \u0daf\u0dd3 \u0dc0\u0dd9\u0db1\u0dca \u0d8b\u0db1\u0dcf\u0da7\r\n\u0db4\u0dd9\u0db8\u0dca \u0d9a\u0dd9\u0dbb\u0dd6 \u0dc4\u0dd2\u0dad \u0db8\u0d9c\u0dda \u0d85\u0daf\u0da7\u0dad\u0dca \u0db7\u0dcf\u0dbb\u0dba\u0dd2 \u0d94\u0dba\u0dcf\u0da7\r\n\u0dad\u0dc0\u0db8\u0dad\u0dca \u0db7\u0dcf\u0dbb\u0dba\u0dd2 \u0d94\u0dba\u0dcf\u0da7 \u0dad\u0dd9\u0dbb\u0dd4\u0dc0\u0db1\u0dca \u0dc3\u0dbb\u0dab\u0dba\u0dd2 \u0d94\u0dba\u0dcf\u0da7\n\r\n\u0d94\u0db6\u0da7 \u0db8\u0dcf \u0dc3\u0dd2\u0dc4\u0dd2\u0dc0\u0dd9\u0db1\u0dcf \u0db8\u0ddc\u0dc4\u0ddc\u0dad\u0d9a\u0dca\u0dc0\u0dad\u0dca \u0daf\u0dd0\u0db1\u0dca \u0db1\u0dd0\u0dad\u0dd4\u0dc0\u0dd0\u0dad\u0dd2\r\n\u0db8\u0dad\u0d9a\u0dba\u0db1\u0dca \u0daf\u0dd0\u0db1\u0dca \u0db8\u0d9c\u0dda \u0d85\u0dad\u0dd3\u0dad\u0dba\u0da7 \u0d91\u0d9a\u0dca \u0dc0\u0dd3 \u0d87\u0dad\u0dd2\r\n\u0db8\u0d9c\u0dd9\u0db1\u0dca \u0db8\u0dd2\u0daf\u0dd3 \u0dc3\u0dd0\u0daf\u0dd6 \u0dbd\u0ddc\u0dc0\u0dda \u0d94\u0dba\u0dcf \u0dc4\u0dd4\u0d9c\u0d9a\u0dca \u0dc3\u0dad\u0dd4\u0da7\u0dd2\u0db1\u0dca \u0d87\u0dad\u0dd2\r\n\u0d92 \u0da7\u0dd2\u0d9a \u0db8\u0da7 \u0dc4\u0ddc\u0daf\u0da7\u0db8 \u0d87\u0dad\u0dd2.. \u0d92 \u0da7\u0dd2\u0d9a \u0db8\u0da7 \u0dc4\u0ddc\u0daf\u0da7\u0db8 \u0d87\u0dad\u0dd2\n\r\n\u0dad\u0dd9\u0dbb\u0dd4\u0dc0\u0db1\u0dca \u0dc3\u0dbb\u0dab\u0dba\u0dd2 \u0d94\u0dba\u0dcf\u0da7......\n\r\n\u0daf\u0dd4\u0d9a \u0db8\u0d9c\u0dda \u0dc0\u0dd2\u0db3\u0daf\u0dbb\u0db1\u0dca \u0d94\u0dba\u0dcf\u0d9c\u0dd9 \u0dba\u0dc4\u0db4\u0dad \u0db4\u0dad\u0db8\u0dd2 \u0db8\u0d82\r\n\u0db4\u0dab \u0dad\u0dbb\u0db8\u0dca \u0d86\u0daf\u0dbb\u0dd9\u0db1\u0dca \u0db8\u0dad\u0d9a\u0dba \u0d85\u0db4\u0d9c\u0dda \u0dbb\u0d9a\u0dd2\u0db8\u0dd2 \u0db8\u0d82\r\n\u0dc3\u0d82\u0dc3\u0dcf\u0dbb\u0dda \u0d9a\u0dc0\u0daf\u0dcf \u0dc4\u0ddd \u0d94\u0dba\u0dcf\u0d9c\u0dda \u0d85\u0dba\u0dd2\u0dad\u0dd2\u0dba \u0dbd\u0dd0\u0d9b\u0dd9\u0db1\u0d9a\u0d82\r\n\u0d89\u0db4\u0daf\u0dd9\u0db8\u0dd2 \u0db7\u0dc0\u0dba\u0dd9\u0db1\u0dca \u0db7\u0dc0\u0dba \u0db8\u0d82.. \u0d89\u0db4\u0daf\u0dd9\u0db8\u0dd2 \u0db7\u0dc0\u0dba\u0dd9\u0db1\u0dca \u0db7\u0dc0\u0dba \u0db8\u0d82\n\r\n\u0dad\u0dd9\u0dbb\u0dd4\u0dc0\u0db1\u0dca \u0dc3\u0dbb\u0dab\u0dba\u0dd2 \u0d94\u0dba\u0dcf\u0da7......\n"
    },
    {
        "uuid": "b17c280c-8a24-11e9-b94b-3863bb98c88b",
        "song": "Thuhina Wessa Watena Raaka Heethale ",
        "singer": "Amal Perera ",
        "lyricUnicode": "\u0dad\u0dd4\u0dc4\u0dd2\u0db1 \u0dc0\u0dd0\u0dc3\u0dca\u0dc3 \u0dc0\u0dd0\u0da7\u0dd9\u0db1 \u0dbb\u0dd1\u0d9a \u0dc4\u0dd3\u0dad\u0dbd\u0dda\r\n\u0dad\u0dd4\u0dbb\u0dbd\u0dca \u0d9a\u0dbb\u0db1 \u0dad\u0dd4\u0dbb\u0dd4\u0db8 \u0dc4\u0dd3\u0dad \u0dc4\u0dd2\u0dbb\u0dd2\u0db4\u0ddc\u0daf\u0dda\r\n\u0d94\u0db6\u0dda \u0d86\u0daf\u0dbb\u0dda \u0dbb\u0dc3 \u0dc4\u0dd3\u0db1\u0dba\u0dda \r\n\u0dc3\u0dd0\u0db1\u0dc4\u0dd3 \u0dc4\u0dd2\u0db3\u0dd2\u0db1\u0dca\u0db1\u0db8\u0dca \u0dc3\u0dd0\u0db8 \u0daf\u0dd2\u0db1\u0dda\r\n\u0dad\u0dd4\u0dc4\u0dd2\u0db1 \u0dc0\u0dd0\u0dc3\u0dca\u0dc3 \u0dc0\u0dd0\u0da7\u0dd9\u0db1 \u0dbb\u0dd1\u0d9a \u0dc4\u0dd3\u0dad\u0dbd\u0dda\r\n\u0dad\u0dd4\u0dbb\u0dbd\u0dca \u0d9a\u0dbb\u0db1 \u0dad\u0dd4\u0dbb\u0dd4\u0db8 \u0dc4\u0dd3\u0dad \u0dc4\u0dd2\u0dbb\u0dd2\u0db4\u0ddc\u0daf\u0dda\n\r\n\u0daf\u0dda\u0dc0\u0daf\u0dcf\u0dbb \u0dad\u0dd4\u0dbb\u0dd4 \u0db4\u0dd9\u0dc5 \u0dc5\u0d9f \u0db1\u0dd2\u0db8\u0dca\u0dad\u0dd9\u0dbb\u0dda\r\n\u0daf\u0dd1\u0dbd \u0daf\u0dd9\u0dc0\u0dd4\u0dbb \u0dad\u0dd4\u0dbb\u0dd4\u0dc5\u0da7 \u0dc0\u0dd3 \u0dc3\u0dd0\u0db1\u0dc3\u0dd9\u0db8\u0dd2 //\r\n\u0dc3\u0dd4\u0dc5\u0d82 \u0d9a\u0ddd\u0da9\u0dba\u0dda \u0dc4\u0dd3\u0d9c\u0da9\u0dd4 \u0db4\u0dd2\u0db4\u0dda\r\n\u0dc3\u0dd4\u0dc0\u0dc3\u0dda \u0dc0\u0dd9\u0dbd\u0dd9\u0db1\u0dca\u0db1\u0db8\u0dca \u0dad\u0dd4\u0dbb\u0dd4\u0db1\u0dd9\u0dad\u0dda\n\r\n\u0dad\u0dd4\u0dc4\u0dd2\u0db1 \u0dc0\u0dd0\u0dc3\u0dca\u0dc3 \u0dc0\u0dd0\u0da7\u0dd9\u0db1 \u0dbb\u0dd1\u0d9a \u0dc4\u0dd3\u0dad\u0dbd\u0dda\r\n\u0dad\u0dd4\u0dbb\u0dbd\u0dca \u0d9a\u0dbb\u0db1 \u0dad\u0dd4\u0dbb\u0dd4\u0db8 \u0dc4\u0dd3\u0dad \u0dc4\u0dd2\u0dbb\u0dd2\u0db4\u0ddc\u0daf\u0dda\n\r\n\u0db4\u0dd2\u0db1\u0dd2 \u0dc3\u0dc5\u0dd4\u0dc0 \u0db8\u0dd4\u0daf\u0dcf \u0dc4\u0dbb\u0dd2\u0db1\u0dcf \u0d9d\u0dab \u0db8\u0dd3\u0daf\u0dd4\u0db8\u0dda\r\n\u0d89\u0db8 \u0d9a\u0ddc\u0dad\u0dd0\u0db1 \u0d9a\u0ddc\u0dba\u0dd2\u0daf \u0dc3\u0dd3\u0db8\u0dcf\u0dc0\u0d9a\u0dca \u0db1\u0ddc\u0dad\u0dda\u0dbb\u0dda //\r\n\u0dc4\u0dbd\u0dca\u0db8\u0dda \u0dc0\u0d9c\u0dda \u0d86\u0dba\u0dda\u0dad\u0dca \u0db1\u0ddc\u0dba\u0dda\r\n\u0db4\u0dd1\u0dc4\u0dd3 \u0dc4\u0dd2\u0db3\u0dd2\u0db1\u0dca\u0db1\u0db8\u0dca \u0dc3\u0dd2\u0dad\u0dd4 \u0dbd\u0dd9\u0dc3\u0dda\n\r\n\u0dad\u0dd4\u0dc4\u0dd2\u0db1 \u0dc0\u0dd0\u0dc3\u0dca\u0dc3......"
    },
    {
        "uuid": "b1f77012-8a24-11e9-81bd-3863bb98c88b",
        "song": "Thumula Namunukula Giri Hisa ",
        "singer": "Saman Jayanath Jinadasa ",
        "lyricUnicode": "\u0dad\u0dd4\u0db8\u0dd4\u0dbd \u0db1\u0db8\u0dd4\u0dab\u0dd4\u0d9a\u0dd4\u0dbd \u0d9c\u0dd2\u0dbb\u0dd2\u0dc4\u0dd2\u0dc3 \u0d8b\u0daf\u0dd4\u0dbd \u0dc3\u0db3 \u0db8\u0dac\u0dc5 \u0daf\u0dd4\u0da7\u0dd4 \u0db1\u0dd9\u0dad \r\n\u0dbb\u0dd0\u0dc0\u0da7\u0dd4\u0db1\u0dcf \u0dad\u0db8\u0dba\u0dd2\r\n\u0d9a\u0dd2\u0db8\u0daf \u0db8\u0dda \u0dad\u0dbb\u0db8\u0dca \u0d92 \u0d9c\u0dd0\u0db1 \u0dc4\u0dd2\u0db1\u0dd0\u0dc4\u0dd9\u0db1\u0dca\u0db1\u0da7 \u0d9a\u0dcf\u0dbb\u0dab\u0dcf\r\n\u0db8\u0dd4\u0dc4\u0dd4\u0db1 \u0dbb\u0dad\u0dd4 \u0dc0\u0dd9\u0dbd\u0dcf \u0daf\u0dd9\u0db1\u0dd9\u0dad\u0dd2\u0db1\u0dca \u0d9a\u0db3\u0dd4\u0dc5\u0dd4 \u0db4\u0db1\u0dd2\u0db1 \u0dad\u0dd4\u0dbb\u0dd4 \u0d91\u0dc5\u0dd2\u0dba\u0da7\r\n\u0d94\u0dc4\u0ddc\u0db8 \u0dc4\u0dd2\u0db1\u0dcf \u0dc0\u0dd9\u0db1\u0d9a\u0ddc\u0da7 \u0d8b\u0db9 \u0dbd\u0dc3\u0dca\u0dc3\u0db1\u0dba\u0dd2 \u0d8b\u0db8\u0dcf\n\r\n\u0db1\u0dd4\u0db9\u0dda \u0dc0\u0dad \u0db8\u0dac\u0dc5 \u0dc3\u0d9f\u0dc0\u0dcf \u0db8\u0dd4\u0dc0\u0dcf\u0dc0\u0dd9\u0db1 \u0dbd\u0dd9\u0dc3\u0dd2\u0db1\u0dca \u0d85\u0dad\u0dd4\u0dbb\u0db1\r\n\u0dc3\u0dd3\u0dad \u0db4\u0dd2\u0dab\u0dd2 \u0db1\u0dd2\u0dc3\u0dcf \u0dad\u0dd2\u0dbd\u0d9a\u0dba \u0db4\u0dcf\u0dc5\u0dd4 \u0dc0\u0dd9\u0dba\u0dd2 \u0d8b\u0db8\u0dcf\r\n\u0dc3\u0dd3\u0dad \u0db8\u0dd3\u0daf\u0dd4\u0db8\u0dda \u0dad\u0dd2\u0dbb\u0db4\u0da7 \u0dc0\u0dc5\u0dbd\u0dd4 \u0dbd\u0dd6 \u0d85\u0dad\u0dd2\u0db1\u0dca \u0d89\u0dc0\u0dad\u0da7\r\n\u0d88\u0dad\u0dca \u0d9a\u0dbb \u0dc4\u0ddc\u0dbb\u0dd9\u0db1\u0dca \u0dc4\u0dd9\u0db8\u0dd2\u0dc4\u0dd2\u0da7 \u0db6\u0dbd\u0dcf\u0db4\u0db1\u0dca \u0d8b\u0db8\u0dcf\n\r\n\u0dad\u0dd4\u0db8\u0dd4\u0dbd \u0db1\u0db8\u0dd4\u0dab\u0dd4\u0d9a\u0dd4\u0dbd...... \n\r\n\u0d9a\u0db1\u0dca\u0daf \u0d8b\u0da9 \u0dbb\u0dd4\u0dc0\u0dd2\u0db1\u0dca \u0daf\u0dd2\u0daf\u0dd4\u0dbd\u0db1 \u0d9a\u0db1\u0dca\u0daf \u0d9a\u0daf\u0dd2\u0dbb \u0daf\u0dda\u0dc0\u0dcf\u0dbd\u0dba\r\n\u0d85\u0db4\u0da7 \u0db4\u0dd2\u0dc4\u0dd2\u0da7 \u0dc0\u0dd9\u0dba\u0dd2 \u0d9a\u0dd2\u0dba\u0dbd\u0dcf \u0dc4\u0dd2\u0dad\u0dd9\u0db1\u0dc0\u0daf \u0d8b\u0db8\u0dcf\r\n\u0d85\u0db4 \u0dc0\u0da7\u0dcf \u0db1\u0dd0\u0d9c\u0dd9\u0db1 \u0d8b\u0dc0\u0daf\u0dd4\u0dbb\u0dd4 \u0d88\u0dad\u0dca \u0dc0\u0dd3 \u0db1\u0ddc\u0db6\u0ddd \u0d9a\u0dbd\u0d9a\u0dd2\u0db1\u0dca\r\n\u0db4\u0dd2\u0da0\u0dca\u0da0 \u0db8\u0dbd\u0dca \u0dc3\u0dd4\u0dc0\u0db3 \u0dc0\u0dd2\u0dad\u0dbb\u0d9a\u0dca \u0d89\u0dad\u0dd2\u0dbb\u0dd2\u0dc0\u0dd9\u0daf \u0d8b\u0db8\u0dcf\n\r\n\u0dad\u0dd4\u0db8\u0dd4\u0dbd \u0db1\u0db8\u0dd4\u0dab\u0dd4\u0d9a\u0dd4\u0dbd......"
    },
    {
        "uuid": "b28ed1ca-8a24-11e9-adcc-3863bb98c88b",
        "song": "Thun Ruwane Saranai ",
        "singer": "Malani Bulathsinghala ",
        "lyricUnicode": "\u0dad\u0dd4\u0db1\u0dca \u0dbb\u0dd4\u0dc0\u0dab\u0dda \u0dc3\u0dbb\u0dab\u0dba\u0dd2\r\n\u0dc4\u0dd0\u0daf\u0dd6 \u0dc0\u0dd0\u0da9\u0dd4 \u0daf\u0dd9\u0db8\u0dcf\u0db4\u0dd2\u0dba\u0db1\u0dca \u0dc3\u0dbb\u0dab\u0dba\u0dd2\r\n\u0dba\u0dd4\u0dc0\u0dad\u0dd2\u0db4\u0dad\u0dd2\u0db1\u0dca \u0dc4\u0da7 \u0dc3\u0dad\u0dbb \u0dc0\u0dbb\u0db8\u0dca \u0daf\u0dd9\u0dc0\u0dd2 \r\n\u0dc3\u0dbb\u0dab\u0dba\u0dd2 \u0dbb\u0dd0\u0d9a\u0dc0\u0dbb\u0dab\u0dba\u0dd2\r\n\u0dc3\u0dbb\u0dab\u0dba\u0dd2 \u0dbb\u0dd0\u0d9a\u0dc0\u0dbb\u0dab\u0dba\u0dd2 //\n\r\n\u0da2\u0dba\u0dc3\u0dd2\u0dbb\u0dd2\u0db8\u0dcf \u0db6\u0ddd \u0dc3\u0db8\u0dd2\u0db3\u0dd4 \u0d9b\u0dd9\u0dbd\u0dd9\u0db1\u0dca\r\n\u0dbb\u0db1\u0dca \u0dc0\u0dd0\u0dbd\u0dd2 \u0d86\u0dc3\u0dd2\u0dbb\u0dd2 \u0d92 \u0d85\u0db1\u0dd4\u0dc4\u0dc3\u0dd2\u0db1\u0dca\r\n\u0dc3\u0dd2\u0dbb\u0dd2 \u0dc3\u0dd4\u0db7 \u0db8\u0d82\u0d9c\u0dbd \u0da2\u0dba \u0da2\u0dba \u0db8\u0d82\u0d9c\u0dbd //\r\n\u0dba\u0dd9\u0dc4\u0dd9\u0db1\u0dca \u0daf\u0dd2\u0db1\u0dda\u0dc0\u0dcf \u0dba\u0dd4\u0dc0\u0dad\u0dd2\u0db4\u0dad\u0dd2\u0db1\u0dca //\n\r\n\u0dad\u0dd4\u0db1\u0dca \u0dbb\u0dd4\u0dc0\u0dab\u0dda \u0dc3\u0dbb\u0dab\u0dba\u0dd2...\n\r\n\u0dc3\u0dd2\u0dbb\u0dd2\u0d9a\u0dad \u0daf\u0dd2\u0db1 \u0daf\u0dd2\u0db1 \u0d9c\u0dd9\u0da7 \u0d9a\u0dd0\u0db3\u0dc0\u0dcf\r\n\u0daf\u0dd6 \u0daf\u0dbb\u0dd4\u0dc0\u0db1\u0dca \u0dbd\u0db6\u0db8\u0dd2\u0db1\u0dca \u0dc3\u0ddc\u0db3\u0dc0\u0dcf\r\n\u0db6\u0ddd\u0dc0\u0dcf \u0d9a\u0dbd\u0dca\u0dc3\u0dd9\u0dad \u0dc0\u0dda\u0dc0\u0dcf \u0dba\u0dd4\u0dc0\u0dc5\u0da7 //\r\n\u0dc3\u0dad\u0dbb \u0d9a\u0dd4\u0dbd\u0dda \u0d86\u0dc3\u0dd2\u0dbb\u0dd2 \u0dc0\u0da9\u0dc0\u0dcf //\n\r\n\u0dad\u0dd4\u0db1\u0dca \u0dbb\u0dd4\u0dc0\u0dab\u0dda \u0dc3\u0dbb\u0dab\u0dba\u0dd2..."
    },
    {
        "uuid": "b48978cc-8a24-11e9-bfb1-3863bb98c88b",
        "song": "Thushara Binduwak Wage ",
        "singer": "Dhanushka Prabhath ",
        "lyricUnicode": "\u0dad\u0dd4\u0dc2\u0dbb \u0db6\u0dd2\u0db3\u0dd4\u0dc0\u0d9a\u0dca \u0dc0\u0d9c\u0dda \r\n\u0d86\u0daf\u0dbb\u0dba \u0dc3\u0dd0\u0dbd\u0dd6\u0db1\u0dcf \u0db8\u0d9c\u0dda\r\n\u0d85\u0dc4\u0dc3 \u0d9c\u0dd4\u0d9c\u0dd4\u0dbb\u0dcf \u0dbb\u0dd0\u0dba\u0dda\r\n\u0dc0\u0dd0\u0dc4\u0dd2 \u0db4\u0ddc\u0daf\u0d9a\u0dca \u0dc0\u0dd0\u0da7\u0dd4\u0db1\u0dcf\r\n\u0dc3\u0dc0\u0db4\u0dca\u0db1\u0dba\u0d9a\u0dca \u0dc3\u0dda\r\n\u0dc4\u0dac\u0dba\u0dd2 \u0dc4\u0daf\u0dc0\u0dad \u0db8\u0d9c\u0dda\r\n\u0dc0\u0dc3\u0dca\u0dc3\u0dcf\u0db1 \u0dc3\u0dd2\u0dc4\u0dd2\u0db1\u0dba\u0dda \u0d9c\u0dd0\u0dbd\u0dd3\r\n\u0db8\u0db1\u0dca\u0daf\u0dcf\u0d9a\u0dd2\u0db1\u0dd2\u0dba \u0dc4\u0dac\u0db1\u0dcf \u0dbb\u0dd0\u0dba\u0dda\r\n\u0dc3\u0dd2\u0dad\u0dd2\u0da2 \u0db1\u0dd2\u0db8\u0dca\u0db1\u0dba \u0d85\u0dbb\u0dcf\n\r\n\u0da0\u0dab\u0dca\u0da9 \u0db8\u0dcf\u0dbb\u0dd4\u0dad \u0dc4\u0db8\u0dcf\r\n\u0dc3\u0dd0\u0da9 \u0dad\u0dbb\u0d9f\u0dba \u0daf\u0dd2\u0d9c\u0dda\r\n\u0dc0\u0dd2\u0daf\u0dd4\u0dbd\u0dd2 \u0dc3\u0dbb \u0dc3\u0dda \r\n\u0db1\u0dd2\u0dc0\u0dd3 \u0db1\u0dd2\u0dc0\u0dd3 \u0daf\u0dd2\u0dbd\u0dd4\u0dab\u0dcf\r\n\u0d94\u0db6\u0dda \u0db1\u0dd9\u0dad\u0dca\u0dc3\u0dbb \r\n\u0db8\u0dc4\u0daf \u0dbb\u0dd2\u0daf\u0dc0\u0dcf \r\n\u0dc3\u0dd9\u0db1\u0dd9\u0dc4\u0dd9 \u0d9c\u0dbd\u0db8\u0dd2\u0db1\u0dca \r\n\u0db4\u0dd4\u0db4\u0dd4\u0dbb\u0dd4 \u0d9c\u0dd0\u0dc3\u0dd4\u0dc0\u0dcf\r\n\u0db1\u0dd9\u0dad\u0dda \u0d9a\u0db3\u0dd4\u0dbd\u0d9a\u0dca \u0daf\u0dc0\u0dcf //\n\r\n\u0dad\u0dd4\u0dc2\u0dbb \u0db6\u0dd2\u0db3\u0dd4\u0dc0\u0d9a\u0dca..."
    }
]