[
    {
        "uuid": "ba0ea0ca-8a24-11e9-8472-3863bb98c88b",
        "song": "Udu Sulange Bim Pathule Kalathenne ",
        "singer": "Pradeep Rangana ",
        "lyricUnicode": "\u0d8b\u0da9\u0dd4 \u0dc3\u0dd4\u0dc5\u0d9c\u0dda \u0db6\u0dd2\u0db8\u0dca \u0db4\u0dad\u0dd4\u0dbd\u0dda \u0d9a\u0dd0\u0dbd\u0dad\u0dd9\u0db1\u0dca\u0db1\u0dda //\r\n\u0dc3\u0dd2\u0dad \u0d9c\u0dd2\u0db1\u0dd2\u0d9c\u0dad\u0dca\u0dad \u0dc3\u0dd2\u0dad\u0dd4\u0dc0\u0dd2\u0dbd\u0dca\u0dbd \u0db4\u0dd4\u0db4\u0dd4\u0dbb\u0dcf //\r\n\u0dc3\u0dd2\u0dad \u0d85\u0db1\u0db0\u0dba\u0dd2 \u0db1\u0dd9\u0dad\u0dca \u0d9a\u0dd4\u0dbb\u0dd2\u0dbb\u0dd4\u0dba\u0dd2 \u0db4\u0dd2\u0dbb\u0dd2 \u0db8\u0dcf\u0dba\u0dcf \u0db6\u0db1\u0dca\u0db0\u0db1\u0dda\r\n\u0dc3\u0db1\u0dca\u0dc3\u0dd4\u0db1\u0dca \u0db1\u0dd1 \u0d94\u0db6 \u0da0\u0db1\u0dca\u0da0\u0dbd \u0dc4\u0dd2\u0dad\u0dd2\u0db1\u0dca\n\r\n\u0db4\u0dd9\u0db8\u0dca \u0db4\u0dd4\u0da2\u0dcf\u0dc3\u0db1\u0dda \u0db1\u0dd1 \u0d94\u0db6\u0dda\r\n\u0d85\u0daf\u0dbb\u0dda \u0db8\u0dbd\u0dca\u0dc0\u0dd0\u0dbd\u0dca \u0dad\u0db6\u0dcf \r\n\u0d91\u0dba\u0dd2 \u0db4\u0dbd\u0dd2\u0d9c\u0db1\u0dca\u0db1 \u0dc4\u0dd2\u0dad \u0dc0\u0dd2\u0dba\u0dbb\u0dd4\u0dc0\u0dd9\u0db1\u0dca\r\n\u0db8\u0dd2\u0dbb\u0dd2\u0d9c\u0dd4\u0dc0\u0d9a\u0dca \u0dc3\u0dda \u0dad\u0dd0\u0db1 \u0dad\u0dd0\u0db1\u0dcf\r\n\u0db4\u0dca\u200d\u0dbb\u0dda\u0db8 \u0daf\u0da9\u0dba\u0db8 \u0dc3\u0ddc\u0dba\u0dcf //\r\n\u0dc3\u0dd2\u0dad \u0d85\u0db1\u0db0\u0dba\u0dd2 \u0db1\u0dd9\u0dad\u0dca \u0d9a\u0dd4\u0dbb\u0dd2\u0dbb\u0dd4\u0dba\u0dd2 \u0db4\u0dd2\u0dbb\u0dd2 \u0db8\u0dcf\u0dba\u0dcf \u0db6\u0db1\u0dca\u0db0\u0db1\u0dda\r\n\u0dc3\u0db1\u0dca\u0dc3\u0dd4\u0db1\u0dca \u0db1\u0dd1 \u0d94\u0db6 \u0da0\u0db1\u0dca\u0da0\u0dbd \u0dc4\u0dd2\u0dad\u0dd2\u0db1\u0dca\n\r\n\u0d86\u0daf\u0dbb \u0dc4\u0dd2\u0dad\u0dca \u0dad\u0dd9\u0dad\u0db8\u0db1\u0dd9\u0db1\u0dca\r\n\u0da2\u0dd3\u0dc0\u0dd2\u0dad\u0dda \u0d85\u0dbb\u0dd4\u0dad\u0d9a\u0dca \u0dc3\u0ddc\u0dba\u0dcf\r\n\u0dbd\u0d82 \u0dc0\u0dd3 \u0d89\u0db1\u0dca\u0db1 \u0db8\u0dcf \u0dbd\u0d9c \u0dc3\u0daf\u0dcf\r\n\u0dbb\u0ddd\u0dc3 \u0db8\u0dbd\u0dca \u0dba\u0dc4\u0db1\u0dcf \u0dad\u0db1\u0dcf ///\r\n\u0dc3\u0dd2\u0dad \u0d85\u0db1\u0db0\u0dba\u0dd2 \u0db1\u0dd9\u0dad\u0dca \u0d9a\u0dd4\u0dbb\u0dd2\u0dbb\u0dd4\u0dba\u0dd2 \u0db4\u0dd2\u0dbb\u0dd2 \u0db8\u0dcf\u0dba\u0dcf \u0db6\u0db1\u0dca\u0db0\u0db1\u0dda\r\n\u0dc3\u0db1\u0dca\u0dc3\u0dd4\u0db1\u0dca \u0db1\u0dd1 \u0d94\u0db6 \u0da0\u0db1\u0dca\u0da0\u0dbd \u0dc4\u0dd2\u0dad\u0dd2\u0db1\u0dca\n\r\n\u0d8b\u0da9\u0dd4 \u0dc3\u0dd4\u0dc5\u0d9c\u0dda.....\n"
    },
    {
        "uuid": "bf401964-8a24-11e9-9dfb-3863bb98c88b",
        "song": "Upul Nuwan Vidaha Oba Sinasuna ",
        "singer": "Milton Mallawaarachchi ",
        "lyricUnicode": "\u0d8b\u0db4\u0dd4\u0dbd\u0dca \u0db1\u0dd4\u0dc0\u0db1\u0dca \u0dc0\u0dd2\u0daf\u0dc4\u0dcf \u0d94\u0db6 \u0dc3\u0dd2\u0db1\u0dcf\u0dc3\u0dd4\u0dab\u0dcf\r\n\u0db8\u0db8 \u0dc3\u0dd2\u0db1\u0dcf\u0dc3\u0dd4\u0dab\u0dcf\r\n\u0db4\u0dd4\u0dc5\u0dd4\u0db1\u0dca \u0db4\u0ddc\u0daf\u0d9a\u0dca \u0d9a\u0dc5 \u0db8\u0dcf \u0dc5\u0db3\u0d9a\u0dd2 \u0dc0\u0dcf\u0dc3\u0db1\u0dcf\r\n\u0db1\u0db8 \u0db8\u0ddd\u0db1\u0dcf\u0dbd\u0dd2\u0dc3\u0dcf\n\r\n\u0dc4\u0daf \u0db4\u0dcf\u0dbb\u0db1 \u0db8\u0dcf\u0dbb\u0dd4\u0dad\u0dba\u0dda\r\n\u0d94\u0db6 \u0d86 \u0dc4\u0dd0\u0da7\u0dd2 \u0d86\u0daf\u0dbb\u0dd2\u0dba\u0dda\r\n\u0dc4\u0dd0\u0db8\u0daf\u0dcf\u0d9a\u0db8 \u0db8\u0dcf \u0db4\u0dd0\u0dad\u0dd4\u0dc0\u0dda\r\n\u0dc3\u0dd4\u0dc0\u0db3\u0dba\u0dd2 \u0db8\u0dbd\u0dba\u0dd2 \u0d94\u0db6\u0db8\u0dba\u0dd2\n\r\n\u0d8b\u0db4\u0dd4\u0dbd\u0dca \u0db1\u0dd4\u0dc0\u0db1\u0dca \u0dc0\u0dd2\u0daf\u0dc4\u0dcf \u0d94\u0db6 \u0dc3\u0dd2\u0db1\u0dcf\u0dc3\u0dd4\u0dab\u0dcf\r\n\u0db8\u0db8 \u0dc3\u0dd2\u0db1\u0dcf\u0dc3\u0dd4\u0dab\u0dcf\r\n\u0d9c\u0dd2\u0db8\u0db1\u0dca \u0db1\u0dd2\u0dc0\u0dcf \u0dba\u0db1 \u0d9c\u0db8\u0db1\u0dda \u0dc0\u0dcf\u0dbb\u0dd4 \u0db1\u0d9c\u0dcf\u0dbd\u0dcf\r\n\u0dad\u0dd4\u0dbb\u0dd4\u0dbd\u0dca \u0dc0\u0dd4\u0dab\u0dcf \u0d88 \u0dc4\u0dd2\u0dbb\u0dd2\u0db4\u0ddc\u0daf \u0dc4\u0dd0\u0d9f\u0dd4\u0db8\u0dca \u0dc3\u0dbd\u0dcf\u0dbd\u0dcf\r\n\u0db4\u0dd0\u0dad\u0dd4\u0db8\u0dca \u0dc0\u0dd2\u0db8\u0dcf\u0db1\u0dda \u0daf\u0dd0\u0dbd\u0dca \u0d9a\u0dc0\u0dd4\u0dc5\u0dd4\u0dc0\u0dd9\u0db1\u0dca \u0db6\u0dbd\u0dcf\u0dbd\u0dcf\r\n\u0daf\u0dd4\u0da7\u0dd4 \u0dc0\u0dd4\u0dc0\u0db1\u0dba\u0dd2 \u0db1\u0dd2\u0dc3\u0dbd \u0d9a\u0dc5\u0dda \u0db8\u0dcf \u0dc4\u0daf \u0da2\u0dcf\u0dbd\u0dcf\n\r\n\u0dc4\u0daf \u0db4\u0dcf\u0dbb\u0db1....\n\r\n\u0d8b\u0db4\u0dd4\u0dbd\u0dca \u0db1\u0dd4\u0dc0\u0db1\u0dca \u0dc0\u0dd2\u0daf\u0dc4\u0dcf \u0d94\u0db6 \u0dc3\u0dd2\u0db1\u0dcf\u0dc3\u0dd4\u0dab\u0dcf\r\n\u0db8\u0db8 \u0dc3\u0dd2\u0db1\u0dcf\u0dc3\u0dd4\u0dab\u0dcf\n\r\n\u0d8b\u0db4\u0dd4\u0dbd\u0dca \u0db1\u0dd4\u0dc0\u0db1\u0dca....\r\n\u0dc4\u0daf \u0db4\u0dcf\u0dbb\u0db1....\n"
    },
    {
        "uuid": "bfb8c18c-8a24-11e9-a4f0-3863bb98c88b",
        "song": "Urathalaye Hisa Tiyana ",
        "singer": "Saman Jayanath Jinadasa ",
        "lyricUnicode": "\u0d8b\u0dbb\u0dad\u0dbd\u0dba\u0dda \u0dc4\u0dd2\u0dc3 \u0dad\u0dd2\u0dba\u0dcf\u0db1\r\n\u0d94\u0dba \u0db1\u0dd2\u0dbd\u0dca\u0db1\u0dd9\u0dad\u0dd4 \u0daf\u0dd9\u0dc3 \u0db6\u0dbd\u0dcf\u0db1\r\n\u0db8\u0da7 \u0dad\u0dd2\u0dba\u0dd9\u0db1\u0dc0 \u0dc4\u0dbb\u0dd2 \u0d85\u0db4\u0dd4\u0dbb\u0dd4 \u0d9a\u0dad\u0dcf \u0d9a\u0dd2\u0dba\u0db1\u0dca\u0db1\r\n\u0db1\u0dd4\u0db9 \u0d91\u0db1\u0dc0\u0daf \u0db8\u0d9c\u0dda \u0dbd\u0d9c\u0da7 \u0d9a\u0dad\u0dcf \u0d85\u0dc3\u0db1\u0dca\u0db1 //\n\r\n\u0db1\u0dd4\u0db9 \u0d85\u0dc4\u0dc3\u0dda \u0d88\u0dad \u0daf\u0dd4\u0dbb\u0d9a\r\n\u0db8\u0db8 \u0db4\u0ddc\u0dbd\u0dc0\u0dda \u0db8\u0dd1\u0dad \u0d89\u0db8\u0dda\u0d9a\r\n\u0daf\u0dda\u0daf\u0dd4\u0db1\u0dd4 \u0db4\u0dcf\u0dbd\u0db8\u0da7 \u0dc4\u0dd2\u0db8\u0dd2\u0db1\u0dca \u0d85\u0da9\u0dd2\u0dba \u0dad\u0dd2\u0dba\u0db1\u0dca\u0db1\r\n\u0dc4\u0daf\u0dd2\u0dc3\u0dca\u0dc3\u0dd2\u0dba\u0d9a\u0dca \u0db1\u0dd1 \u0dc4\u0dd9\u0db8\u0dd2\u0dc4\u0dd2\u0da7 \u0d87\u0dc0\u0dd2\u0daf\u0db1\u0dca \u0d91\u0db1\u0dca\u0db1\r\n\u0daf\u0dda\u0daf\u0dd4\u0db1\u0dd4 \u0db4\u0dcf\u0dbd\u0db8\u0da7 \u0dc4\u0dd9\u0db8\u0dd2\u0db1\u0dca \u0d85\u0da9\u0dd2\u0dba \u0dad\u0dd2\u0dba\u0db1\u0dca\u0db1\n\r\n\u0db8\u0dbd\u0dca \u0dc3\u0dd4\u0dc0\u0daf \u0dc0\u0dd9\u0dbd\u0dcf \u0d89\u0db1\u0dca\u0db1\r\n\u0db8\u0daf \u0db4\u0dc0\u0db1\u0dda \u0daf\u0dd0\u0dc0\u0da7\u0dd2 \u0d91\u0db1\u0dca\u0db1\r\n\u0dc4\u0dd0\u0db8\u0daf\u0dcf\u0db8\u0dad\u0dca \u0daf\u0dd4\u0dbb\u0dd2\u0db1\u0dca \u0d89\u0daf\u0db1\u0dca \u0d91\u0db4\u0dcf \u0dad\u0dd0\u0dc0\u0dd9\u0db1\u0dca\u0db1\r\n\u0db4\u0dd4\u0dc5\u0dd4\u0dc0\u0db1\u0dca \u0db1\u0db8\u0dca \u0dbd\u0d9c\u0da7 \u0d87\u0dc0\u0dd2\u0dad\u0dca \u0dc3\u0dd2\u0db1\u0dcf \u0dc3\u0dbd\u0db1\u0dca\u0db1\r\n\u0dc4\u0dd0\u0db8\u0daf\u0dcf\u0db8\u0dad\u0dca \u0daf\u0dd4\u0dbb\u0dd2\u0db1\u0dca \u0d89\u0daf\u0db1\u0dca \u0d91\u0db4\u0dcf \u0dad\u0dd0\u0dc0\u0dd9\u0db1\u0dca\u0db1\n\r\n\u0d8b\u0dbb\u0dad\u0dbd\u0dba\u0dda \u0dc4\u0dd2\u0dc3.....\n"
    }
]