[
    {
        "uuid": "c45093f0-8a24-11e9-a997-3863bb98c88b",
        "song": "Vadakayaneni Obe Sitharaya ",
        "singer": "Sunil Edirisinghe ",
        "lyricUnicode": "\u0dc0\u0dcf\u0daf\u0d9a\u0dba\u0dcf\u0dab\u0dd9\u0db1\u0dd2 \u0d94\u0db6\u0dda \u0dc3\u0dd2\u0dad\u0dcf\u0dbb\u0dba\r\n\u0dc3\u0dad\u0dca\u0dc3\u0dbb \u0db1\u0d82\u0dc0\u0db1 \u0dc3\u0dd4\u0db8\u0dd2\u0dc4\u0dd2\u0dbb\u0dd2 \u0dbb\u0dcf\u0dc0\u0dba... \u0dc3\u0dd4\u0db8\u0dd2\u0dc4\u0dd2\u0dbb\u0dd2 \u0dbb\u0dcf\u0dc0\u0dba\r\n\u0d9a\u0dd9\u0dad\u0d9a \u0d9c\u0ddc\u0dba\u0db8\u0dca \u0db1\u0dd9\u0dc5\u0db1\u0dcf \u0dc5\u0db3\u0dd4\u0db1\u0dca\u0d9c\u0dda\r\n\u0daf\u0dd9\u0dad\u0ddc\u0dbd\u0dda \u0d9c\u0dd3\u0dba\u0da7 \u0db8\u0dd4\u0dc3\u0dd4\u0d9a\u0dc5 \u0db8\u0dd0\u0db1\u0dd0\u0dc0\u0dd3... \u0db8\u0dd4\u0dc3\u0dd4\u0d9a\u0dc5 \u0db8\u0dd0\u0db1\u0dd0\u0dc0\u0dd3\r\n\u0dc0\u0dcf\u0daf\u0d9a\u0dba\u0dcf\u0dab\u0dd9\u0db1\u0dd2\n\r\n\u0d85\u0da9 \u0d85\u0db3\u0dd4\u0dbb\u0dda \u0db8\u0db1\u0dca\u0db8\u0dad\u0dca \u0d9a\u0dc5 \u0dbb\u0dcf\u0d9c\u0dba\r\n\u0dad\u0ddc\u0dbd \u0d9c\u0dcf\u0db8\u0dd2\u0db1\u0dca \u0db8\u0ddd\u0dc4\u0dba\u0dda \u0dc3\u0dd4\u0dbb\u0dcf\u0dc0\u0dd2\u0dad\r\n\u0d86\u0dbd\u0dd2\u0d82\u0d9c\u0db1 \u0db1\u0dd0\u0da7\u0dd4\u0db8\u0d9a\u0da7 \u0dc3\u0dcf\u0daf\u0dba\u0d9a\r\n\u0d9a\u0dd4\u0db8\u0da7 \u0dc0\u0dba\u0db1\u0dca\u0db1\u0dd9\u0daf \u0d91\u0dc0\u0db1\u0dca \u0dc3\u0dd2\u0dad\u0dcf\u0dbb\u0dba\r\n\u0dc0\u0dcf\u0daf\u0d9a\u0dba\u0dcf\u0dab\u0dd9\u0db1\u0dd2\n\r\n\u0db1\u0dc0 \u0dbd\u0ddc\u0dc0 \u0d91\u0dc5\u0dd2\u0d9a\u0dc5 \u0d85\u0dbb\u0dd4\u0dab\u0dcf\u0dbd\u0ddd\u0d9a\u0dba\r\n\u0dbb\u0db1\u0dca\u0d9a\u0dd9\u0dad \u0d9a\u0dbb\u0db1\u0dcf \u0dc3\u0db3 \u0d86\u0dbd\u0ddd\u0d9a\u0dba\r\n\u0dc3\u0dc0\u0dca\u0dc3\u0dd2\u0dbb\u0dd2 \u0d85\u0dc3\u0dca\u0dc0\u0db1\u0dd4 \u0db1\u0dd9\u0dc5\u0db1\u0dcf \u0d9c\u0dd3\u0dad\u0dba\r\n\u0dbb\u0dc3\u0dc0\u0dad\u0dca \u0d9a\u0dc5 \u0db8\u0dd0\u0db1 \u0dc0\u0dba\u0dcf \u0dc3\u0dd2\u0dad\u0dcf\u0dbb\u0dba\n\r\n\u0dc0\u0dcf\u0daf\u0d9a\u0dba\u0dcf\u0dab\u0dd9\u0db1\u0dd2..."
    },
    {
        "uuid": "c9f68046-8a24-11e9-963e-3863bb98c88b",
        "song": "Vikasitha Pem Pokuru Piyum ",
        "singer": "W D Amaradeva ",
        "lyricUnicode": "\u0dc0\u0dd2\u0d9a\u0dc3\u0dd2\u0dad \u0db4\u0dd9\u0db8\u0dca \u0db4\u0ddc\u0d9a\u0dd4\u0dbb\u0dd4 \u0db4\u0dd2\u0dba\u0dd4\u0db8\u0dca\r\n\u0d94\u0db6\u0dda \u0db4\u0dba\u0da7 \u0db4\u0ddc\u0da9\u0dd2 \u0dc0\u0dd3 \u0d9c\u0dd2\u0dba\u0dcf\u0daf\u0dd9\u0db1\u0dca\r\n\u0db4\u0dad\u0dd2\u0d9a\u0dd4\u0dbd\u0dba\u0da7 \u0d85\u0daf \u0db8\u0da7 \u0db4\u0dd2\u0da7\u0dd4\u0db4\u0dcf \u0dba\u0db1\r\n\u0db8\u0d9c\u0dda \u0dc3\u0ddc\u0db3\u0dd4\u0dbb\u0dd4 \u0dc5\u0db3\u0dd4\u0db1\u0dda //\n\r\n\u0dc4\u0dd2\u0dad\u0dda \u0d9a\u0db3\u0dd4\u0dc5\u0dd4 \u0db6\u0dd2\u0db3\u0dd4 \u0dbb\u0dd1 \u0dad\u0db1\u0dd2 \u0dba\u0dc4\u0db1\u0dda\r\n\u0d89\u0dc4 \u0d89\u0daf\u0dca\u0daf\u0dbb \u0dc4\u0dd2\u0db3 \u0d89\u0d9a\u0dd2 \u0db6\u0dd2\u0db3\u0dd2\u0db1\u0dcf \u0dc3\u0db3\r\n\u0d86\u0daf\u0dbb \u0dc3\u0dd0\u0db8\u0dbb\u0dd4\u0db8\u0dca \u0db4\u0dca\u200d\u0dbb\u0dda\u0db8 \u0db4\u0dd4\u0dbb\u0dcf\u0dab\u0dda\r\n\u0d94\u0db6\u0da7 \u0dc0\u0dd2\u0dbb\u0dc4 \u0d9c\u0dd2\u0db1\u0dd2 \u0db1\u0ddc\u0d9c\u0dd9\u0db1\u0dda\u0dc0\u0dcf //\n\r\n\u0dc0\u0dd2\u0d9a\u0dc3\u0dd2\u0dad \u0db4\u0dd9\u0db8\u0dca.....\n\r\n\u0dad\u0db1\u0dd2\u0d9a\u0db8 \u0dbb\u0da2\u0dba\u0db1 \u0db4\u0dcf\u0dc5\u0dd4 \u0dc0\u0dd2\u0db8\u0dcf\u0db1\u0dda\r\n\u0d9c\u0ddc\u0db8\u0dca\u0db8\u0db1\u0dca \u0d9a\u0dc5\u0dd4\u0dc0\u0dbb \u0dc4~\u0dcf \u0dc0\u0dd0\u0da7\u0dd9\u0daf\u0dca\u0daf\u0dd3\r\n\u0d94\u0db6 \u0daf\u0dd2\u0dc0\u0dd2 \u0d85\u0dbb\u0dab\u0dda \u0db4\u0dd0\u0dad\u0dd4\u0db8\u0dca \u0dc0\u0dd2\u0da2\u0dd2\u0dad\u0dba\u0dda\r\n\u0db8\u0dd0\u0dab\u0dd2\u0d9a\u0dca \u0db4\u0dc4\u0db1\u0dca \u0dc0\u0dd0\u0da7 \u0daf\u0dd0\u0dbd\u0dca\u0dc0\u0dda\u0dc0\u0dcf //\n\r\n\u0dc0\u0dd2\u0d9a\u0dc3\u0dd2\u0dad \u0db4\u0dd9\u0db8\u0dca....."
    },
    {
        "uuid": "cbe9285c-8a24-11e9-a776-3863bb98c88b",
        "song": "Vinde Numbai (Be Balannata) ",
        "singer": "Shashika Nisansala ",
        "lyricUnicode": "\u0dc0\u0dd2\u0db1\u0dca\u0daf\u0dda \u0db1\u0dd4\u0db9\u0dba\u0dd2 \u0d86\u0daf\u0dbb\u0dda \u0d87\u0dad\u0dd2 \u0dad\u0dbb\u0db8\u0dca\r\n\u0dc3\u0ddc\u0dba\u0dcf\u0d9c\u0db1\u0dca\u0db1 \u0db6\u0dd1 \u0d9a\u0dd9\u0dbd\u0dc0\u0dbb\u0d9a\u0dca \u0d9a\u0ddc\u0dba\u0dd2 \u0dad\u0dbb\u0db8\u0dca\r\n\u0db8\u0dcf \u0db1\u0dd4\u0db9\u0da7 \u0daf\u0dd4\u0db1\u0dca \u0d86\u0daf\u0dbb\u0dda \u0dad\u0dbb\u0db8\u0dca\r\n\u0db8\u0da7 \u0dc0\u0dd0\u0dbb\u0daf\u0dd4\u0db1\u0dda \u0d92\u0d9a\u0db8\u0dba\u0dd2 \u0db8\u0dda \u0dad\u0dbb\u0db8\u0dca\r\n\u0d92\u0d9a\u0dba\u0dd2 \u0db8\u0dda \u0dad\u0dbb\u0db8\u0dca\n\r\n\u0db6\u0dd1 \u0db6\u0dbd\u0db1\u0dca\u0db1\u0da7 \u0daf\u0dd1\u0dc3\u0dca \u0daf\u0dd2\u0dc4\u0dcf \r\n\u0d88 \u0db1\u0dd4\u0db9\u0dda \u0dc4\u0dd2\u0db1\u0dca\u0daf\u0dcf \r\n\u0db8\u0dcf \u0db1\u0ddc\u0dc0\u0dda \u0d88 \u0db1\u0dd4\u0db9\u0dda \u0da2\u0dd3\u0dc0\u0dd2\u0dad\u0dda \u0dc4\u0dd2\u0db1\u0dca\u0daf\u0dcf //\n\r\n\u0db4\u0dd2\u0dc3 \u0daf\u0db8\u0db1\u0dca\u0db1\u0da7 \u0d94\u0db1\u0dda \u0db1\u0dd1 \u0dc0\u0dda\u0dbd\u0dd9\u0db1\u0dcf \u0d9a\u0daf\u0dd4\u0dc5\u0dd4\r\n\u0dc3\u0dd2\u0db3\u0dd3 \u0db1\u0ddc\u0dba\u0dcf\u0dc0\u0dd3 \u0dc0\u0dda\u0daf\u0db1\u0dcf \u0db8\u0dda \u0dc4\u0dd2\u0dad\u0dda \u0db4\u0dd2\u0dbb\u0dd4\u0dab\u0dd6\r\n\u0dbb\u0dd2\u0daf\u0dd2 \u0dbb\u0dd2\u0daf\u0dd3 \u0dc0\u0dd2\u0db3\u0dc0\u0db4\u0dd4 \u0dc0\u0dda\u0daf\u0db1\u0dcf \u0db1\u0dd2\u0db8 \u0db1\u0dd1\r\n\u0d86\u0dba\u0dda \u0db8\u0d9c\u0dda \u0dbd\u0ddd\u0d9a\u0dba\u0dda \u0db1\u0dd4\u0db9 \u0d9a\u0dd2\u0dba\u0dcf \u0d9a\u0dd9\u0db1\u0dd9\u0d9a\u0dca \u0dad\u0dc0 \u0db1\u0dd1\n\r\n\u0db6\u0dd1 \u0db6\u0dbd\u0db1\u0dca\u0db1\u0da7 \u0daf\u0dd1\u0dc3\u0dca \u0daf\u0dd2\u0dc4\u0dcf...\n\r\n\u0daf\u0dd1\u0dc3\u0dca \u0db4\u0dd2\u0dba\u0dcf\u0d9c\u0dd9\u0db1 \u0db8\u0dcf \u0db1\u0dd4\u0db9\u0dda \u0dad\u0dd4\u0dbb\u0dd4\u0dbd\u0dda \u0dc4\u0dd2\u0da7\u0dd2 \u0d85\u0dba\u0dd4\u0dbb\u0dd6\r\n\u0d9a\u0dcf\u0dad\u0dca \u0d9a\u0dc0\u0dd4\u0dbb\u0dd4\u0dc0\u0dad\u0dca \u0d85\u0dad\u0dbd\u0d9f \u0db1\u0dd1 \u0db8\u0dd2\u0dc3\u0dd9\u0d9a \u0db1\u0dd9\u0dad\u0dda \u0d9a\u0daf\u0dd4\u0dc5\u0dd4\r\n\u0dbb\u0dd2\u0daf\u0dd2 \u0dbb\u0dd2\u0daf\u0dd3 \u0dc0\u0dd2\u0db3\u0dc0\u0db4\u0dd4 \u0dc0\u0dda\u0daf\u0db1\u0dcf \u0db1\u0dd2\u0db8 \u0db1\u0dd1\r\n\u0d86\u0dba\u0dda \u0db8\u0d9c\u0dda \u0dbd\u0ddd\u0d9a\u0dba\u0dda \u0db1\u0dd4\u0db9 \u0d9a\u0dd2\u0dba\u0dcf \u0d9a\u0dd9\u0db1\u0dd9\u0d9a\u0dca \u0dad\u0dc0 \u0db1\u0dd1\n\r\n\u0dc0\u0dd2\u0db1\u0dca\u0daf\u0dda \u0db1\u0dd4\u0db9\u0dba\u0dd2 \u0d86\u0daf\u0dbb\u0dda...\n\r\n\u0db6\u0dd1 \u0db6\u0dbd\u0db1\u0dca\u0db1\u0da7 \u0daf\u0dd1\u0dc3\u0dca \u0daf\u0dd2\u0dc4\u0dcf...//"
    }
]