[
    {
        "uuid": "d0eb39ae-8a24-11e9-b92d-3863bb98c88b",
        "song": "Wadimal Obe Hithata Man Lanwela ",
        "singer": "Pawan Minon ",
        "lyricUnicode": "\u0dc0\u0dd0\u0da9\u0dd2\u0db8\u0dbd\u0dca \u0d94\u0db6\u0dda \u0dc4\u0dd2\u0dad\u0da7 \u0db8\u0d82 \u0dbd\u0d82\u0dc0\u0dd9\u0dbd\u0dcf \r\n\u0db4\u0dab\u0da7\u0dad\u0dca \u0dc0\u0da9\u0dcf \u0d94\u0db6\u0da7 \u0d86\u0daf\u0dbb\u0dda \u0d9a\u0dbd\u0dcf \r\n\u0d91\u0dba \u0db1\u0ddc\u0dc3\u0dbd\u0d9a\u0dcf \u0d94\u0db6 \u0d85\u0daf \u0db8\u0d9c\u0dda \u0dc4\u0dd2\u0dad \u0d91\u0d9a\u0dca\u0d9a \u0dc3\u0dd9\u0dbd\u0dca\u0dbd\u0db8\u0dca \u0d9a\u0dbd\u0dcf\r\n\u0d9c\u0dd2\u0dba \u0dad\u0dd0\u0db1 \u0dc4\u0ddc\u0daf\u0dd2\u0db1\u0dca \u0d89\u0db1\u0dca\u0db1\u0da7 \u0d9a\u0dd2\u0dba\u0dcf \u0db8\u0db8 \u0d94\u0db6\u0da7 \u0dc3\u0dd4\u0db6 \u0db4\u0dad\u0db1\u0dc0\u0dcf //\n\r\n\u0d85\u0db4\u0dda \u0dc0\u0dba\u0dc3\u0dca \u0db4\u0dbb\u0dad\u0dbb\u0dba \u0d9a\u0dd2\u0dc3\u0dd2\u0daf\u0dcf \u0db1\u0dd1 \u0d95\u0db1\u0dda \u0d85\u0db4 \u0dc0\u0dd9\u0dad\u0da7 \u0d9a\u0dd2\u0dba\u0dbd\u0dcf \r\n\u0db8\u0d9c\u0dda \u0dc4\u0dd2\u0dc3\u0da7 \u0d94\u0db6\u0dda \u0dc3\u0dd4\u0dbb\u0dad \u0dad\u0dd2\u0dba\u0dbd\u0dcf \u0daf\u0dd2\u0dc0\u0dd4\u0dbb\u0dd4\u0db8\u0dca \u0daf\u0dc4\u0dc3\u0dca \u0d9c\u0dab\u0db1\u0dca \u0db4\u0dd4\u0dbb\u0dc0\u0dcf \r\n\u0dc0\u0dbb\u0daf \u0db8\u0dcf... \u0db4\u0dd2\u0da7 \u0dad\u0dd2\u0dba\u0dcf... \u0db8\u0d9c\u0dda \u0db4\u0dd9\u0db8\u0da7 \u0daf\u0dd9\u0db4\u0dba\u0dd2\u0db1\u0dca \u0d9c\u0dc3\u0dcf \r\n\u0d94\u0db6 \u0d9c\u0dd2\u0dba\u0dcf \u0d87\u0dba\u0dd2 \u0d9a\u0dd2\u0dba\u0dcf\u0dbd\u0dcf \u0db1\u0dd1 \u0dad\u0dbb\u0dc4\u0dcf \u0d94\u0db6 \u0d91\u0d9a\u0dca\u0d9a \u0db8\u0dcf\r\n\u0d9c\u0dd2\u0dba \u0dad\u0dd0\u0db1 \u0dc4\u0ddc\u0daf\u0dd2\u0db1\u0dca \u0d89\u0db1\u0dca\u0db1\u0da7 \u0d9a\u0dd2\u0dba\u0dcf \u0db8\u0db8 \u0d94\u0db6\u0da7 \u0dc3\u0dd4\u0db6 \u0db4\u0dad\u0db1\u0dc0\u0dcf  //\n\r\n\u0daf\u0dd2\u0db1 \u0db8\u0dcf\u0dc3\u0dba\u0d9a\u0dca \u0d9c\u0dd2\u0dba\u0dad\u0dca \u0d9c\u0dd9\u0dc0\u0dd2\u0dbd\u0dcf \u0db8\u0d9c \u0dad\u0ddc\u0da7\u0d9a \u0dc4\u0dbb\u0dd2 \u0d94\u0db6\u0dc0 \u0daf\u0dd0\u0d9a\u0dbd\u0dcf \r\n\u0daf\u0dd4\u0d9a \u0dad\u0dd4\u0db1\u0dd3 \u0d9a\u0dbb\u0d9c\u0db1\u0dca\u0db1 \u0dc4\u0dd0\u0db8\u0daf\u0dcf \u0dbb\u0dad\u0dca\u0dad\u0dbb\u0db1\u0dda \u0db8\u0db8 \u0d87\u0d9c\u0dd2\u0dbd\u0dd2 \u0d9c\u0dd0\u0db1\u0dca\u0db1\u0dcf \r\n\u0d91\u0dbd\u0d9b\u0dd9\u0db1\u0dcf \u0d86\u0dad\u0dca\u0db8\u0dba\u0dda \u0dc0\u0dd9\u0db1 \u0d9a\u0dcf\u0d9c\u0dd9\u0dc0\u0dad\u0dca \u0dc0\u0dd9\u0db1\u0dca\u0db1 \u0d91\u0db4\u0dcf \r\n\u0db8\u0da7 \u0d85\u0db4\u0dda \u0daf\u0dd1\u0dad \u0d95\u0db1\u0dda \u0d85\u0db1\u0dca\u0dc3\u0dad\u0dd4 \u0dc0\u0dd4\u0db1\u0dad\u0dca \u0db8\u0da7 \u0db8\u0dd9\u0daf\u0dcf\r\n\u0d9c\u0dd2\u0dba \u0dad\u0dd0\u0db1 \u0dc4\u0ddc\u0daf\u0dd2\u0db1\u0dca \u0d89\u0db1\u0dca\u0db1\u0da7 \u0d9a\u0dd2\u0dba\u0dcf \u0db8\u0db8 \u0d94\u0db6\u0da7 \u0dc3\u0dd4\u0db6 \u0db4\u0dad\u0db1\u0dc0\u0dcf...//\n\r\n\u0dc0\u0dd0\u0da9\u0dd2\u0db8\u0dbd\u0dca \u0d94\u0db6\u0dda... ...  "
    },
    {
        "uuid": "d85250c8-8a24-11e9-9757-3863bb98c88b",
        "song": "Wane Wana Malak Nowi Uyanaka Pipune Ai ",
        "singer": "Amarasiri Peiris ",
        "lyricUnicode": "\u0dc0\u0db1\u0dda \u0dc0\u0db1 \u0db8\u0dbd\u0d9a\u0dca \u0db1\u0ddc\u0dc0\u0dd3 \u0d8b\u0dba\u0db1\u0d9a \u0db4\u0dd2\u0db4\u0dd4\u0dab\u0dda \u0d87\u0dba\u0dd2\r\n\u0d9a\u0dd2\u0dba\u0db1\u0dca\u0db1 \u0db8\u0da7 \u0db8\u0d9c\u0dd9 \u0db4\u0dd4\u0d82\u0da0\u0dd2 \u0d9a\u0dd4\u0db8\u0dcf\u0dbb\u0dd3 \u0d91\u0dc4\u0dd9\u0db8 \u0d9a\u0dc5\u0dda \u0d87\u0dba\u0dd2\r\n\u0daf\u0dd9\u0daf\u0dd9\u0db1\u0dd9\u0d9a\u0dd4 \u0dc4\u0da7 \u0db4\u0ddc\u0daf\u0dd4 \u0db8\u0dbd\u0d9a\u0dca \u0dc0\u0dd9\u0dbd\u0dcf \u0db1\u0dd4\u0db9 \u0db4\u0dd2\u0db4\u0dd4\u0dab\u0dda\r\n\u0db8\u0dda \u0d9c\u0dd2\u0db8\u0dca\u0dc4\u0dcf\u0db1 \u0d9a\u0dcf\u0dbd\u0dba\u0dda\n\r\n\u0d8b\u0dba\u0db1\u0dca \u0db8\u0dd0\u0daf\u0dd2\u0db1\u0dca \u0d9c\u0d9f \u0d9c\u0dbd\u0dcf \u0db6\u0dc3\u0dd2\u0daf\u0dca\u0daf\u0dd2 \r\n\u0d92 \u0db8\u0dd0\u0daf \u0db4\u0dd2\u0db4\u0dd4\u0dab\u0dda \u0d87\u0dba\u0dd2\r\n\u0d9a\u0dd2\u0dba\u0db1\u0dca\u0db1 \u0db8\u0da7 \u0db8\u0d9c\u0dda \u0db4\u0dd4\u0d82\u0da0\u0dd2 \u0d9a\u0dd4\u0db8\u0dcf\u0dbb\u0dd3 \r\n\u0d91\u0dc4\u0dd9\u0db8 \u0d9a\u0dc5\u0dda \u0d87\u0dba\u0dd2\r\n\u0db8\u0dda \u0dc0\u0dc3\u0dca\u0dc3\u0dcf\u0db1 \u0d9a\u0dcf\u0dbd\u0dba\u0dda\n\r\n\u0d9a\u0ddc\u0dc4\u0dda\u0daf\u0ddd \u0dc3\u0dd2\u0da7 \u0d86 \u0db8\u0dad\u0dca \u0db6\u0db9\u0dbb\u0dd9\u0d9a\u0dd4 \u0dc4\u0da7\r\n\u0dbb\u0ddc\u0db1\u0dca\u0dc3\u0dd4\u0dab\u0dd4 \u0daf\u0dd4\u0db1\u0dca\u0db1\u0dda \u0d87\u0dba\u0dd2\r\n\u0d9a\u0dd2\u0dba\u0db1\u0dca\u0db1 \u0db8\u0da7 \u0db8\u0d9c\u0dda \u0db4\u0dd4\u0d82\u0da0\u0dd2 \u0d9a\u0dd4\u0db8\u0dcf\u0dbb\u0dd3 \r\n\u0d91\u0dc4\u0dd9\u0db8 \u0d9a\u0dc5\u0dda \u0d87\u0dba\u0dd2\r\n\u0db8\u0dda \u0dc0\u0dc3\u0db1\u0dca\u0dad \u0d9a\u0dcf\u0dbd\u0dba\u0dda\n\r\n\u0dc0\u0db1\u0dda \u0dc0\u0db1 \u0db8\u0dbd\u0d9a\u0dca \u0db1\u0ddc\u0dc0\u0dd3..."
    },
    {
        "uuid": "d97b2fb8-8a24-11e9-bd8a-3863bb98c88b",
        "song": "Waradak Kiyanne Na Obata Ma ",
        "singer": "Dimanka Wellalage ",
        "lyricUnicode": "\u0dc0\u0dbb\u0daf\u0d9a\u0dca \u0d9a\u0dd2\u0dba\u0db1\u0dca\u0db1\u0dda \u0db1\u0dd1 \u0d94\u0db6\u0da7 \u0db8\u0dcf \r\n\u0d9c\u0dd2\u0dba\u0daf\u0dcf \u0db4\u0da7\u0db1\u0dca \u0db8\u0d9c\u0dda \u0da2\u0dd3\u0dc0\u0dd2\u0dad\u0dd9\u0db1\u0dca \r\n\u0dc3\u0dad\u0dd4\u0da7\u0dd2\u0db1\u0dca\u0db8 \u0d87\u0dad\u0dd2 \u0db1\u0db8\u0dca \u0d94\u0dba\u0dcf\r\n\u0db8\u0da7\u0db8 \u0daf\u0dd4\u0db1\u0dca \u0dc3\u0dd9\u0db1\u0dda \u0d94\u0dc4\u0dd4\u0da7\u0dad\u0dca \u0d94\u0db6 \u0db4\u0dd4\u0daf \u0d9a\u0dbd\u0dd9\r\n\u0d87\u0dba\u0dd2 \u0db4\u0dca\u200d\u0dbb\u0dae\u0db8 \u0db4\u0dca\u200d\u0dbb\u0dda\u0db8\u0dba \u0d9a\u0dd2\u0dba\u0dcf //\n\r\n\u0d86\u0daf\u0dbb\u0dda \u0d94\u0db6\u0dda \u0db4\u0db1 \u0dc0\u0dcf\u0d9c\u0dda \u0db4\u0dd0\u0dc0\u0dc3\u0dd4\u0dc0\u0dad\u0dca \u0d91\u0daf\u0dcf\r\n\u0daf\u0dd0\u0db1\u0db1\u0dca \u0dc4\u0dd2\u0da7\u0dd2\u0dba\u0dda \u0db1\u0dd1 \u0d94\u0db6 \u0d9a\u0dd9\u0dbb\u0dd4\u0dc0\u0dda \u0dc0\u0dd2\u0dc4\u0dd2\u0dbd\u0dd6\u0dc0\u0d9a\u0dca \u0d9a\u0dd2\u0dba\u0dcf //\r\n\u0db8\u0da7\u0db8 \u0daf\u0dd4\u0db1\u0dca \u0dc3\u0dd9\u0db1\u0dda \u0d94\u0dc4\u0dd4\u0da7\u0dad\u0dca \u0d94\u0db6 \u0db4\u0dd4\u0daf \u0d9a\u0dbd\u0dd9\r\n\u0d87\u0dba\u0dd2 \u0db4\u0dca\u200d\u0dbb\u0dae\u0db8 \u0db4\u0dca\u200d\u0dbb\u0dda\u0db8\u0dba \u0d9a\u0dd2\u0dba\u0dcf\n\r\n\u0da2\u0dd3\u0dc0\u0dd2\u0dad\u0dda \u0daf\u0dd4\u0d9a\u0d9a\u0dca \u0dbd\u0dd0\u0db6\u0dd4\u0db1\u0ddd\u0dad\u0dd2\u0db1\u0dca \u0d85\u0dbd\u0dd6\u0dad\u0dca \u0db4\u0dd9\u0db8 \u0db1\u0dd2\u0dc3\u0dcf\r\n\u0dba\u0dbd\u0dd2\u0dad\u0dca \u0d91\u0db1\u0dca\u0db1 \u0db8\u0dcf \u0dc0\u0dd9\u0dad \u0dbb\u0dc4\u0dc3\u0dda \u0db1\u0dd0\u0dad\u0dd2\u0dc0 \u0db6\u0dd1 \u0d94\u0dba\u0dcf //\r\n\u0db8\u0da7\u0db8 \u0daf\u0dd4\u0db1\u0dca \u0dc3\u0dd9\u0db1\u0dda \u0d94\u0dc4\u0dd4\u0da7\u0dad\u0dca \u0d94\u0db6 \u0db4\u0dd4\u0daf \u0d9a\u0dbd\u0dd9\r\n\u0d87\u0dba\u0dd2 \u0db4\u0dca\u200d\u0dbb\u0dae\u0db8 \u0db4\u0dca\u200d\u0dbb\u0dda\u0db8\u0dba \u0d9a\u0dd2\u0dba\u0dcf\n\r\n\u0dc0\u0dbb\u0daf\u0d9a\u0dca \u0d9a\u0dd2\u0dba\u0db1\u0dca\u0db1\u0dda \u0db1\u0dd1....."
    },
    {
        "uuid": "daee4c06-8a24-11e9-8190-3863bb98c88b",
        "song": "Waradi Karala Obama Hamada Kalath Mata Chodana ",
        "singer": "Jude Rogance ",
        "lyricUnicode": "\u0dc0\u0dd0\u0dbb\u0daf\u0dd2 \u0d9a\u0dbb\u0dbd\u0dcf \u0d94\u0db6\u0db8 \u0dc4\u0dd0\u0db8\u0daf\u0dcf \u0d9a\u0dbd\u0dad\u0dca \u0db8\u0da7 \u0da0\u0ddd\u0daf\u0db1\u0dcf\r\n\u0d94\u0db6\u0da7 \u0dc0\u0dd0\u0da7\u0dc4\u0dd9\u0dba\u0dd2 \u0db1\u0dd4\u0daf\u0dd4\u0dbb\u0dd4 \u0daf\u0dd2\u0db1\u0d9a\u0dd2\u0db1\u0dca \u0db8\u0db8\u0dba\u0dd2 \u0db1\u0dd2\u0dc0\u0dd0\u0dbb\u0daf\u0dd2 \u0d9a\u0dd2\u0dba\u0dcf\r\n\u0d89\u0d9a\u0dca\u0db8\u0db1\u0dd2\u0db1\u0dca \u0dad\u0dbb\u0dc4\u0dcf \u0dc0\u0dd3\u0dbd\u0dcf \u0db8\u0dcf\u0dc0 \u0dc3\u0dd0\u0d9a \u0db1\u0ddc\u0d9a\u0dd9\u0dbb\u0dd4\u0dc0\u0dcf \u0db1\u0db8\u0dca\r\n\u0dad\u0dcf\u0db8 \u0d94\u0db6\u0d9c\u0dd9\u0dba\u0dd2 \u0dad\u0db8\u0dba\u0dd2 \u0db8\u0d82 \u0d86\u0daf\u0dbb\u0dd9\u0db1\u0dca \u0dc3\u0dd1\u0db8\u0daf\u0dcf\n\r\n\u0daf\u0dd9\u0db1\u0dba\u0db1 \u0d94\u0db6\u0d9c\u0dda \u0dc3\u0dd2\u0dc4\u0dd2\u0dc0\u0db1 \u0db8\u0ddc\u0dc4\u0ddc\u0dad\u0dda\r\n\u0dc4\u0daf\u0dcf \u0d9c\u0db1\u0dca\u0db1 \u0db6\u0dd1 \u0dc4\u0dd2\u0dad \u0db8\u0dcf\u0d9c\u0dda\r\n\u0db8\u0dad\u0d9a\u0dba \u0d85\u0db4\u0d9c\u0dda \u0d94\u0db6 \u0dc4\u0dd0\u0dbb \u0d9c\u0dd2\u0dba \u0dc3\u0dda\r\n\u0daf\u0db8\u0dcf \u0dba\u0db1\u0dca\u0db1 \u0db6\u0dd1 \u0db8\u0da7 \u0d86\u0dba\u0dda\r\n\u0d89\u0d9a\u0dca\u0db8\u0db1\u0dd2\u0db1\u0dca \u0dad\u0dbb\u0dc4\u0dcf \u0dc0\u0dd3\u0dbd\u0dcf \u0db8\u0dcf\u0dc0 \u0dc3\u0dd0\u0d9a \u0db1\u0ddc\u0d9a\u0dd9\u0dbb\u0dd4\u0dc0\u0dcf \u0db1\u0db8\u0dca\r\n\u0dad\u0dcf\u0db8 \u0d94\u0db6\u0d9c\u0dd9\u0dba\u0dd2 \u0dad\u0db8\u0dba\u0dd2 \u0db8\u0d82 \u0d86\u0daf\u0dbb\u0dd9\u0db1\u0dca \u0dc3\u0dd1\u0db8\u0daf\u0dcf\n\r\n\u0dc0\u0dd9\u0db1\u0dad\u0d9a \u0dbb\u0dc4\u0dc3\u0dda \u0d94\u0db6 \u0d9c\u0dd2\u0dba \u0daf\u0dd2\u0db1\u0dba\u0dda\r\n\u0db6\u0dbd\u0dcf \u0d89\u0db1\u0dca\u0db1 \u0db6\u0dd0\u0dbb\u0dd2 \u0db1\u0dd9\u0dad\u0da7 \u0db8\u0dcf\u0d9c\u0dda\r\n\u0d9a\u0db3\u0dd4\u0dc5\u0dd0\u0dbd\u0dd2 \u0d89\u0db1\u0dd4\u0dc0\u0dda \u0daf\u0dd4\u0d9a\u0da7\u0dba\u0dd2 \u0db8\u0dc4\u0daf\u0dda\r\n\u0daf\u0dbb\u0dcf \u0d9c\u0db1\u0dca\u0db1 \u0db6\u0dd0\u0dbb\u0dd2 \u0dad\u0dd0\u0db1\u0db8 \u0dc5\u0db3\u0dda\r\n\u0d89\u0d9a\u0dca\u0db8\u0db1\u0dd2\u0db1\u0dca \u0dad\u0dbb\u0dc4\u0dcf \u0dc0\u0dd3\u0dbd\u0dcf \u0db8\u0dcf\u0dc0 \u0dc3\u0dd0\u0d9a \u0db1\u0ddc\u0d9a\u0dd9\u0dbb\u0dd4\u0dc0\u0dcf \u0db1\u0db8\u0dca\r\n\u0dad\u0dcf\u0db8 \u0d94\u0db6\u0d9c\u0dd9\u0dba\u0dd2 \u0dad\u0db8\u0dba\u0dd2 \u0db8\u0d82 \u0d86\u0daf\u0dbb\u0dd9\u0db1\u0dca \u0dc3\u0dd1\u0db8\u0daf\u0dcf\n\r\n\u0dc0\u0dd0\u0dbb\u0daf\u0dd2 \u0d9a\u0dbb\u0dbd\u0dcf....\n"
    },
    {
        "uuid": "db6c5d30-8a24-11e9-9405-3863bb98c88b",
        "song": "Waradune Matai ",
        "singer": "Pawan Minon ",
        "lyricUnicode": "\u0dc0\u0dd0\u0dbb\u0daf\u0dd4\u0db1\u0dda \u0db8\u0da7\u0dba\u0dd2 \u0d9a\u0dd2\u0dba\u0dcf \u0dad\u0dda\u0dbb\u0dd4\u0db1\u0dda \u0db4\u0db8\u0dcf \u0dc0\u0dd9\u0dbd\u0dcf\r\n\u0d9a\u0ddd\u0da7\u0dd2\u0dba\u0d9a\u0dca \u0db4\u0dca\u200d\u0dbb\u0dcf\u0dbb\u0dca\u0dae\u0dab\u0dcf \u0dc3\u0dd4\u0db1\u0dca \u0d9a\u0dbd\u0dda \u0d94\u0dba\u0dcf \u0dad\u0db8\u0dcf\r\n\u0db8\u0d82 \u0d94\u0dba\u0dcf\u0da7 \u0db6\u0dcf\u0dbb\u0daf\u0dd4\u0db1\u0dca\u0db1\u0dd4 \u0da2\u0dd3\u0dc0\u0dd2\u0dad\u0dda \u0d91\u0daf\u0dcf\r\n\u0db4\u0db1\u0db4\u0dd2\u0da7\u0dd2\u0db1\u0dca\u0db8 \u0dc0\u0dd0\u0dbd\u0dbd\u0dd6\u0dc0\u0dcf \u0db1\u0ddc\u0dc0\u0dda\u0daf \u0d85\u0daf \u0d94\u0dba\u0dcf\n\r\n\u0db8\u0dcf \u0db1\u0ddc\u0db8\u0dbb\u0dcf \u0db8\u0dbb\u0db1\u0dcf \u0daf\u0dda\u0dc0\u0dbd\u0dca \u0d9a\u0dd2\u0dba\u0dbd\u0dcf \u0dc0\u0dd9\u0db1\u0dca \u0dc0\u0dd4\u0db1\u0dcf \u0d94\u0dba\u0dcf\r\n\u0dc3\u0dad\u0dca\u0dad\u0dba\u0dd2 \u0db8\u0d82 \u0db8\u0dd2\u0dba\u0daf\u0dd4\u0db1\u0dd4 \u0daf\u0dc0\u0dc3\u0d9a \u0d94\u0db6 \u0db1\u0db8\u0dca \u0d91\u0db1\u0dca\u0db1 \u0dc0\u0dad\u0dca \u0d91\u0db4\u0dcf //\n\r\n\u0db8\u0dc4\u0db4\u0ddc\u0dc5\u0ddc\u0dc0 \u0d8b\u0dc4\u0dd4\u0dbd\u0db1\u0dca\u0db1\u0dda \u0db1\u0dd1 \u0d92 \u0d9a\u0dad\u0dcf\r\n\u0dc3\u0dd0\u0d9a\u0d9a\u0dbb\u0dbd\u0dcf \u0db8\u0da7 \u0d9a\u0dd9\u0dbb\u0dd4\u0dc0 \u0db6\u0ddc\u0dbb\u0dd4 \u0da0\u0ddd\u0daf\u0db1\u0dcf\r\n\u0daf\u0dd4\u0d9a\u0dca \u0daf\u0dd9\u0db1\u0dca\u0db1 \u0db4\u0dd9\u0dbb\u0dd4\u0db8\u0db1\u0dca \u0db4\u0dd4\u0dbb\u0dcf \u0d86\u0dc0\u0daf\u0ddd\r\n\u0dbd\u0ddd\u0d9a\u0dba \u0d94\u0db6\u0dda \u0dc4\u0dd2\u0dad\u0da7 \u0dc0\u0dd2\u0dc3 \u0d9a\u0dd0\u0dc0\u0dd4\u0dc0\u0daf\u0ddd\r\n\u0db4\u0dc5\u0dd2\u0d9c\u0db1\u0dca\u0db1 \u0db8\u0dcf\u0d9c\u0dd9\u0db1\u0dca \u0db4\u0dd9\u0dbd\u0db9\u0dd9\u0dc0\u0dd4\u0dc0\u0daf\u0ddd\n\r\n\u0db8\u0dcf \u0db1\u0ddc\u0db8\u0dbb\u0dcf \u0db8\u0dbb\u0db1\u0dcf... //\n\r\n\u0dc4\u0dbb\u0dd2 \u0dc0\u0dd0\u0dbb\u0daf\u0dd2 \u0dad\u0dda\u0dbb\u0dda\u0dc0\u0dd2 \u0d9a\u0ddc\u0dba\u0dd2 \u0d9a\u0dc0\u0dbb\u0daf\u0dcf\r\n\u0dc4\u0ddc\u0dba\u0dbd\u0dcf \u0daf\u0dd4\u0dc0\u0db1\u0dca \u0d92\u0dc0\u0dd2 \u0db8\u0dcf \u0db1\u0dd9\u0dad\u0dca \u0d94\u0dba\u0dcf\r\n\u0dc4\u0dd2\u0dad \u0db4\u0dd4\u0db4\u0dd4\u0dbb\u0dbd\u0dcf \u0dba\u0dcf\u0dc0\u0dd2 \u0daf\u0dd4\u0d9a\u0dca\u0db6\u0dbb \u0dc0\u0dd9\u0dbd\u0dcf\r\n\u0dc0\u0dd0\u0dbd\u0db4\u0dda\u0dc0\u0dd3 \u0db8\u0d9c\u0dd9 \u0dc3\u0ddc\u0dc4\u0ddc\u0db1 \u0daf\u0ddd\u0dad\u0dd2\u0db1\u0dca \u0db6\u0daf\u0dcf\r\n\u0d94\u0db6 \u0daf\u0db1\u0dca\u0db1 \u0dc4\u0dd2\u0db1\u0dca\u0daf\u0dcf \u0db8\u0d82 \u0db1\u0dd2\u0dc0\u0dd0\u0dbb\u0daf\u0dd3 \u0d9a\u0dd2\u0dba\u0dcf\n\r\n\u0dc0\u0dd0\u0dbb\u0daf\u0dd4\u0db1\u0dda \u0db8\u0da7\u0dba\u0dd2 \u0d9a\u0dd2\u0dba\u0dcf...\r\n\u0db8\u0dcf \u0db1\u0ddc\u0db8\u0dbb\u0dcf \u0db8\u0dbb\u0db1\u0dcf... //"
    },
    {
        "uuid": "de06336c-8a24-11e9-a623-3863bb98c88b",
        "song": "Wasan Wesi Imu Gan Iwure ",
        "singer": "Amarasiri Peiris ",
        "lyricUnicode": "\u0dc0\u0dc3\u0db1\u0dca \u0dc0\u0dd9\u0dc0\u0dd3 \u0d89\u0db8\u0dd4 \u0d9c\u0d82 \u0d89\u0dc0\u0dd4\u0dbb\u0dda\r\n\u0dc3\u0dd3\u0dad \u0d9a\u0db3\u0dd4 \u0d85\u0dad\u0dbb\u0dda\r\n\u0db4\u0dcf\u0dc5\u0dd4 \u0d9a\u0db1\u0dca\u0daf\u0da7 \u0dc4\u0dd2\u0dc3 \u0dad\u0dd2\u0dba\u0dcf\u0d9c\u0dd9\u0db1 \r\n\u0dc3\u0dd0\u0db3\u0dd1 \u0dba\u0dcf\u0db8\u0dba\u0dda... \u0dc3\u0dd0\u0db3\u0dd1 \u0dba\u0dcf\u0db8\u0dba\u0dd9\n\r\n\u0dc3\u0db3 \u0d91\u0dc5\u0dd2\u0dba \u0dad\u0dd4\u0dc5\u0dd2\u0db1\u0dca \r\n\u0d9c\u0dd0\u0dba\u0dd9\u0db1\u0dcf \u0d9a\u0dd4\u0dbb\u0dd4\u0dc5\u0dd4 \u0d9c\u0dd3\u0dba\u0d9a \r\n\u0db8\u0db0\u0dd4\u0dbb \u0dc3\u0dca\u0dc0\u0dbb\u0dba \u0d94\u0db6 \u0dc0\u0dda \u0db1\u0db8\u0dca \r\n\u0dc5\u0d82 \u0dc0\u0dd9\u0dbd\u0dcf \u0d85\u0dc3\u0dcf \u0d89\u0db1\u0dca\u0db1\u0db8\u0dca ///\n\r\n\u0db6\u0dd2\u0db8 \u0db6\u0dbd\u0dcf \u0dc3\u0dd2\u0da7\u0dd2 \u0d94\u0db6\u0dda \u0daf\u0dd1\u0dc3 \u0dc5\u0d9f \r\n\u0d9a\u0dcf\u0dad\u0dca \u0d9a\u0dc0\u0dd4\u0dbb\u0dd4\u0dc0\u0dad\u0dca \u0db1\u0dd0\u0dad\u0dd0\u0dba\u0dd2 \u0dc3\u0dd2\u0dad\u0dd6\u0dc0\u0da7 \r\n\u0d94\u0dba \u0dc4\u0daf\u0da7 \u0daf\u0dd4\u0d9a \u0dc4\u0dd2\u0dad\u0dda\u0dc0\u0dd3\u0dba\u0dd2 \r\n\u0dc0\u0dc3\u0db1\u0dca\u0dad\u0dba\u0d9a\u0dca \u0d8b\u0daf\u0dcf\u0dc0\u0dda \u0db1\u0db8\u0dca\r\n\u0d94\u0db6\u0dda \u0dc5\u0d9f\u0dd2\u0db1\u0dca \u0dc4\u0dd2\u0db3 \u0dc4\u0dd2\u0db1\u0dd0\u0dc4\u0dd9\u0db1\u0dca\u0db1\u0db8\u0dca \u0dbb\u0dc4\u0dc3\u0dd2\u0db1\u0dca\n\r\n\u0dc0\u0dc3\u0db1\u0dca \u0dc0\u0dd9\u0dc0\u0dd3....."
    },
    {
        "uuid": "df091140-8a24-11e9-b3f9-3863bb98c88b",
        "song": "Wasana Wewa ",
        "singer": "Sanath Nandasiri ",
        "lyricUnicode": "\u0dc0\u0dcf\u0dc3\u0db1\u0dcf \u0dc0\u0dda\u0dc0\u0dcf.. \u0dc0\u0dcf\u0dc3\u0db1\u0dcf \u0dc0\u0dda\u0dc0\u0dcf\r\n\u0db4\u0dd2\u0db1\u0dca\u0db6\u0dbb \u0dba\u0dd4\u0dc0\u0dad\u0dd2\u0dba \u0d9a\u0dd4\u0dbd \u0d9a\u0dd4\u0db8\u0dbb\u0dd2\u0dba \u0dc0\u0dd3\r\n\u0db8\u0d82\u0d9c\u0dbd \u0db8\u0dbd\u0dca \u0db1\u0dd0\u0d9a\u0dad\u0dda\r\n\u0db4\u0dd9\u0db8\u0dca\u0db6\u0dbb \u0d9a\u0dd4\u0db8\u0dbb\u0d9a\u0dd4 \u0d85\u0dad\u0dd2\u0db1\u0dad \u0d9c\u0dd9\u0db1 \u0d88\r\n\u0daf\u0dd3\u0d9c\u0dd9\u0d9a \u0dba\u0db1 \u0daf\u0dc0\u0dc3\u0dda\r\n\u0dc0\u0dcf\u0dc3\u0db1\u0dcf \u0dc0\u0dda\u0dc0\u0dcf.. \u0dc0\u0dcf\u0dc3\u0db1\u0dcf \u0dc0\u0dda\u0dc0\u0dcf\n\r\n\u0d9a\u0dd4\u0dc5\u0dd4\u0daf\u0dd4\u0dbd\u0dca \u0db8\u0d82\u0d9c\u0dbd \u0db4\u0dd2\u0dba\u0dc0\u0dbb \u0dad\u0db6\u0db1\u0dcf\r\n\u0db1\u0ddc\u0d89\u0daf\u0dd4\u0dbd\u0dca \u0dc3\u0dd4\u0db1\u0dca\u0daf\u0dbb \u0dba\u0dd4\u0dc0\u0dbd\u0d9a\u0dd2 \u0d85\u0d9c\u0db1\u0dcf\r\n\u0da0\u0dcf\u0db8\u0dbb \u0dc3\u0dd9\u0dc3\u0dad\u0dca \u0dc3\u0dd0\u0dbd\u0dd9\u0db8\u0dd2\u0db1\u0dca \u0dc3\u0daf\u0db1\u0dcf\r\n\u0d85\u0dc1\u0dd2\u0dbb\u0dca\u0dc0\u0dcf\u0daf\u0dd9\u0db1\u0dca \u0d86\u0dc3\u0dd2\u0dbb\u0dd2 \u0dc0\u0dda\u0dc0\u0dcf\n\r\n\u0dc0\u0dcf\u0dc3\u0db1\u0dcf \u0dc0\u0dda\u0dc0\u0dcf......\n\r\n\u0dc3\u0dd2\u0dad\u0dd2\u0dc0\u0dd2\u0dbd\u0dd2 \u0db4\u0dd2\u0dc0\u0dd2\u0dad\u0dd4\u0dbb\u0dd4 \u0db1\u0db8\u0dca \u0d85\u0daf \u0daf\u0dc0\u0dc3\u0dda\r\n\u0dc4\u0dd9\u0da7 \u0daf\u0dc0\u0dc3\u0dad\u0dca \u0d91\u0dbd\u0dd9\u0dc3\u0dd2\u0db1\u0dca \u0db4\u0dd2\u0dc0\u0dd2\u0dad\u0dd4\u0dbb\u0dd4\u0dc0\u0dda\r\n\u0daf\u0dd2\u0dc0\u0dd2\u0db8\u0d9c \u0dc3\u0dd9\u0dad\u0dca \u0db8\u0dbd\u0dca \u0db4\u0dd2\u0db4\u0dd9\u0db1 \u0db4\u0dd0\u0dba\u0dda\r\n\u0db4\u0dd2\u0dc0\u0dd2\u0dad\u0dd4\u0dbb\u0dd4 \u0db6\u0dc0 \u0dbb\u0dd0\u0d9a\u0dc0\u0dbb\u0db1\u0dba \u0dc0\u0dda\n\r\n\u0dc0\u0dcf\u0dc3\u0db1\u0dcf \u0dc0\u0dda\u0dc0\u0dcf......"
    },
    {
        "uuid": "df872a98-8a24-11e9-ac20-3863bb98c88b",
        "song": "Wasanawa Dora Arala Balanawa ",
        "singer": "H R Jothipala ",
        "lyricUnicode": "\u0dc0\u0dcf\u0dc3\u0db1\u0dcf\u0dc0 \u0daf\u0ddc\u0dbb \u0d87\u0dbb\u0dbd\u0dcf \u0db6\u0dbd\u0db1\u0dc0\u0dcf\r\n\u0dc3\u0dd2\u0dc4\u0dd2\u0db1 \u0dbd\u0ddc\u0dc0\u0dd2\u0db1\u0dca \u0dc3\u0dd2\u0dad \u0db4\u0dd2\u0db6\u0dd2\u0daf\u0dd9\u0db1\u0dc0\u0dcf\r\n\u0dc4\u0dd2\u0db1\u0dcf \u0dc4\u0dd3\u0db1\u0dd9\u0db1\u0dca \u0daf\u0dd0\u0d9a\u0dbd\u0dcf\r\n\u0da2\u0dd3\u0dc0\u0dd2\u0dad\u0dda \u0dbb\u0dc4 \u0dc0\u0dd0\u0da7\u0dd2\u0dbd\u0dcf\r\n\u0d85\u0db4\u0dda \u0dc4\u0dd2\u0dad\u0dda \u0dc4\u0dd2\u0db1\u0dcf \u0d87\u0db3\u0dda \u0dc3\u0ddd\u0d9a \u0db1\u0dd2\u0dc0\u0dd3\u0dbd\u0dcf //\n\r\n\u0d87\u0dc3\u0da7 \u0d87\u0dc3\u0d9a \u0dbb\u0dd0\u0dc3\u0dca \u0dc0\u0dd0\u0daf\u0dd3\r\n\u0dc4\u0dd2\u0dad\u0d9a \u0db1\u0dd9\u0dc5\u0dd4\u0db8\u0dca \u0db8\u0dbd\u0dca \u0db4\u0dd2\u0db4\u0dd3\r\n\u0db8\u0dd4\u0dc5\u0dd4 \u0dbd\u0ddd\u0d9a\u0dda \u0db8\u0d9f=\u0dbd\u0dca \u0d9c\u0dd9\u0dba\u0d9a\u0dca \u0dc0\u0dda\r\n\u0dc3\u0db1\u0dca\u0dad\u0ddd\u0dc3\u0dda \u0d86\u0dc0\u0dda \u0db8\u0dbd\u0dca \u0dc3\u0dd2\u0dc4\u0dd2\u0db1\u0dda \u0dba\u0dcf\u0dc0\u0dda\r\n\u0dc3\u0db1\u0dca\u0dad\u0ddd\u0dc3\u0dda \u0d86\u0dc0\u0dda \u0db8\u0dbd\u0dca \u0dc3\u0dd2\u0dc4\u0dd2\u0db1\u0dda \u0dba\u0dcf\u0dc0\u0dda\r\n\u0daf\u0dd4\u0d9a \u0dc3\u0ddd\u0d9a\u0dba \u0dba\u0dba\u0dd2 \u0d87\u0dad\u0d9a \u0db4\u0dcf\u0dc0\u0dd3\u0dbd\u0dcf\n\r\n\u0dc0\u0dcf\u0dc3\u0db1\u0dcf\u0dc0 \u0daf\u0ddc\u0dbb \u0d87\u0dbb\u0dbd\u0dcf \u0db6\u0dbd\u0db1\u0dc0\u0dcf...\n\r\n\u0dc3\u0dd2\u0dc4\u0dd2\u0db1 \u0dad\u0ddc\u0da7\u0dd2\u0dbd\u0dca\u0dbd\u0dda \u0dc0\u0dd0\u0daf\u0dd3\r\n\u0daf\u0dd1\u0dc3 \u0d86\u0daf\u0dbb\u0dd9\u0db1\u0dca \u0db8\u0dd2\u0daf\u0dd3\r\n\u0db4\u0dd9\u0db8\u0dca \u0dbd\u0ddd\u0d9a\u0dda \u0dbb\u0db1\u0dca \u0dad\u0ddc\u0dbb\u0db1\u0dca \u0db6\u0db3\u0dd3\r\n\u0dc3\u0db1\u0dca\u0dad\u0ddd\u0dc3\u0dda \u0d86\u0dc0\u0dda \u0db8\u0dbd\u0dca \u0dc3\u0dd2\u0dc4\u0dd2\u0db1\u0dda \u0dba\u0dcf\u0dc0\u0dda\r\n\u0dc3\u0db1\u0dca\u0dad\u0ddd\u0dc3\u0dda \u0d86\u0dc0\u0dda \u0db8\u0dbd\u0dca \u0dc3\u0dd2\u0dc4\u0dd2\u0db1\u0dda \u0dba\u0dcf\u0dc0\u0dda\r\n\u0daf\u0dd4\u0d9a \u0dc3\u0ddd\u0d9a\u0dba \u0dba\u0dba\u0dd2 \u0d87\u0dad\u0d9a \u0db4\u0dcf\u0dc0\u0dd3\u0dbd\u0dcf\n\r\n\u0dc0\u0dcf\u0dc3\u0db1\u0dcf\u0dc0 \u0daf\u0ddc\u0dbb \u0d87\u0dbb\u0dbd\u0dcf \u0db6\u0dbd\u0db1\u0dc0\u0dcf..."
    },
    {
        "uuid": "eafe921c-8a24-11e9-821a-3863bb98c88b",
        "song": "Wassana Ahase ",
        "singer": "Shiromi Rathnayaka ",
        "lyricUnicode": "\u0dc0\u0dc3\u0dca\u0dc3\u0dcf\u0db1 \u0d85\u0dc4\u0dc3\u0dda \u0db6\u0dd2\u0d82\u0daf\u0dd4 \u0d89\u0dc4\u0dd9\u0db1 \u0dba\u0dcf\u0db8\u0dda\r\n\u0dc3\u0dd2\u0dad\u0dd4\u0dc0\u0db8\u0dca \u0db8\u0dd0\u0dc0\u0dd3\u0dbd\u0dcf \u0db4\u0dd9\u0db8\u0dca\u0db6\u0dbb \u0dc4\u0dd3\u0db1\u0dda\r\n\u0db4\u0dd9\u0db8\u0dca\u0db6\u0dbb \u0dc4\u0dd3\u0db1\u0dda \u0dc3\u0dd2\u0dad\u0dd4\u0dc0\u0db8\u0dca \u0db8\u0dd0\u0dc0\u0dd3\u0dbd\u0dcf\r\n\u0dbb\u0db1\u0dca \u0d9a\u0dd9\u0db1\u0dca\u0daf \u0daf\u0dd1\u0d9f\u0dd2\u0dbd\u0dd2 \u0db4\u0dd0\u0da7\u0dc5\u0dd4 \u0d85\u0dad\u0dd3\u0dad\u0dda //\r\n\u0dc4\u0dd2\u0db3\u0dd2\u0db8\u0dd2 \u0db1\u0dd9\u0dad\u0dd4 \u0dc0\u0dc3\u0dcf\n\r\n\u0db4\u0ddc\u0daf \u0db6\u0dd2\u0d82\u0daf\u0dd4 \u0dc0\u0dd0\u0dc3\u0dca\u0dc3\u0dda \u0db8\u0dbd\u0dca \u0d9a\u0dd4\u0da9\u0dba \u0d85\u0dc3\u0dca\u0dc3\u0dda\r\n\u0daf\u0dd9\u0d9a\u0ddc\u0db4\u0dd4\u0dbd\u0dca \u0dad\u0dd9\u0db8\u0dcf\u0dbd\u0dd4 \u0dbb\u0dc3 \u0db4\u0dc4\u0dc3\u0dda \u0db8\u0dcf\r\n\u0db8\u0dbd\u0dca \u0db4\u0dd2\u0db4\u0dd4\u0dab\u0dd4 \u0db6\u0dd2\u0dc3\u0dca\u0dc3\u0dda \u0dbb\u0dc3 \u0dc4\u0dcf\u0daf\u0dd4 \u0dc0\u0dd0\u0dc3\u0dca\u0dc3\u0dda\r\n\u0dc3\u0dd3\u0dad\u0dda \u0dad\u0dd4\u0dbb\u0dd4\u0dbd\u0dca \u0dc0\u0dd6 \u0d9a\u0dd2\u0db1\u0dca\u0db1\u0dbb \u0daf\u0dcf\r\n\u0dc4\u0dd2\u0db3\u0dd2\u0db8\u0dd2 \u0db1\u0dd9\u0dad\u0dd4 \u0dc0\u0dc3\u0dcf\n\r\n\u0db8\u0dda \u0dc3\u0dd3\u0dad \u0dc0\u0dd0\u0dc3\u0dca\u0dc3\u0dda \u0dc3\u0dd0\u0dbb \u0d85\u0d9a\u0dab\u0dd4 \u0db8\u0dd0\u0daf\u0dca\u0daf\u0dda\r\n\u0db4\u0dd2\u0dba\u0db8\u0db1\u0dca \u0d9a\u0dbb\u0db1\u0dca\u0db1\u0dda \u0dad\u0db1\u0dd2\u0dc0\u0dd3 \u0dc3\u0daf\u0dcf\r\n\u0dc3\u0dd2\u0dad\u0dd4\u0dc0\u0db8\u0dca\u0daf \u0db6\u0ddc\u0db3\u0dc0\u0dd3 \u0d9a\u0daf\u0dd4\u0dc5\u0dd4\u0dba\u0dd2 \u0dc0\u0dd0\u0da7\u0dd9\u0db1\u0dca\u0db1\u0dda\r\n\u0dbb\u0db1\u0dca \u0d9a\u0dd9\u0db1\u0dca\u0daf \u0dc0\u0dd2\u0dc3\u0dc0\u0dd6 \u0d86\u0dad\u0dd4\u0dbb \u0daf\u0dcf\r\n\u0dc4\u0dd2\u0db3\u0dd2\u0db8\u0dd2 \u0db1\u0dd9\u0dad\u0dd4 \u0dc0\u0dc3\u0dcf\n\r\n\u0dc0\u0dc3\u0dca\u0dc3\u0dcf\u0db1 \u0d85\u0dc4\u0dc3\u0dda..."
    },
    {
        "uuid": "ed506340-8a24-11e9-b03e-3863bb98c88b",
        "song": "Wassane ",
        "singer": "Gaurav Dagaonkar ",
        "lyricUnicode": "\u0dc0\u0dc3\u0dca\u0dc3\u0dcf\u0db1\u0dda \u0d87\u0dbd\u0dca\u0dbd\u0dd2\u0dba\u0dcf \u0db8\u0db8\u0db8\u0daf \u0d92 \u0db4\u0dd9\u0db8\u0dca \u0dc4\u0ddc\u0dbb\u0dcf\r\n\u0db8\u0db8\u0dba\u0dd2 \u0d94\u0dba\u0dcf\u0d9c\u0dda \u0daf\u0dd0\u0db1\u0dca \u0dc4\u0dd2\u0db8\u0dd2\u0d9a\u0dcf\u0dbb\u0dba\u0dcf\r\n\u0d89\u0dbb\u0dab\u0db8\u0dca \u0d9c\u0db8\u0db1\u0dda \u0db4\u0dc0\u0dcf \u0db8\u0dcf \u0dc0\u0dd9\u0db1\u0dd4\u0dc0\u0dd9\u0db1\u0dca \u0db8\u0dd0\u0dc0\u0dca \u0d9a\u0dd9\u0db1\u0dcf\r\n\u0db8\u0dda \u0db7\u0dc0\u0dba\u0dda \u0d86\u0dba\u0dda \u0db8\u0da7 \u0dc4\u0db8\u0dd4\u0dc0\u0dd9\u0dbd\u0dcf\n\r\n\u0daf\u0dd0\u0db1\u0dca \u0daf\u0dd0\u0db1\u0dca \u0d87\u0dc3\u0dca \u0d9a\u0dad\u0dcf \u0d9a\u0dbb\u0db1\u0dc0\u0dcf\r\n\u0dba\u0da7\u0dd2 \u0dc4\u0dd2\u0dad \u0db8\u0ddc\u0db1\u0dc0\u0daf\u0ddd \u0d9a\u0dd2\u0dba\u0db1\u0dc0\u0dcf\r\n\u0da2\u0dd3\u0dc0\u0dd2\u0dad\u0dda \u0dc0\u0dd2\u0db3\u0dd2\u0db1\u0dc0\u0dcf \u0db1\u0dd4\u0dc4\u0dd4\u0dbb\u0dd4 \u0db4\u0dd9\u0db8\u0dca \u0dc4\u0ddd\u0da9\u0dd2\u0dba\u0dda \u0d89\u0db3\u0db1\u0dca\n\r\n\u0d9c\u0dd0\u0dc0\u0dc3\u0dd9\u0db1\u0dcf \u0dc4\u0dd4\u0dc3\u0dca\u0db8\u0db1\u0dca \u0db4\u0dc0\u0dcf\r\n\u0dc3\u0dd2\u0dc4\u0dd2\u0d9a\u0dc5\u0dda \u0d94\u0db6\u0db8\u0dba\u0dd2 \u0dc3\u0daf\u0dcf\r\n\u0db8\u0dd0\u0dc0\u0dca\u0dc0\u0dda\u0db8 \u0db8\u0d82 \u0d94\u0dba\u0dcf \u0dc0\u0dd9\u0db1\u0dd4\u0dc0\u0dd9\u0db1\u0dca \u0dad\u0db8\u0dcf //\n\r\n\u0daf\u0dd0\u0db1\u0dca \u0daf\u0dd0\u0db1\u0dca.....\n\r\n\u0dc5\u0d82 \u0dc0\u0dd9\u0dbd\u0dcf \u0db8\u0dd2\u0dba\u0dd9\u0db1\u0dcf \u0dad\u0dd4\u0dbb\u0dcf\r\n\u0d89\u0db8\u0dd4 \u0dc4\u0dd2\u0dad\u0dd2\u0db1\u0dca \u0dad\u0dd4\u0dbb\u0dd4\u0dc5\u0da7 \u0dc0\u0dd9\u0dbd\u0dcf\r\n\u0dc3\u0dc3\u0dbb\u0dda\u0db8 \u0db8\u0d82 \u0d94\u0dba\u0dcf \u0dc0\u0dd9\u0db1\u0dd4\u0dc0\u0dd9\u0db1\u0dca \u0dad\u0db8\u0dcf //\n\r\n\u0daf\u0dd0\u0db1\u0dca \u0daf\u0dd0\u0db1\u0dca.....\r\n\u0dc0\u0dc3\u0dca\u0dc3\u0dcf\u0db1\u0dda.....\r\n\u0daf\u0dd0\u0db1\u0dca \u0daf\u0dd0\u0db1\u0dca....."
    },
    {
        "uuid": "edcbe5fe-8a24-11e9-80a7-3863bb98c88b",
        "song": "Wathawak Thawa Wathawak  ",
        "singer": "Rukman Asitha ",
        "lyricUnicode": "\u0d86\u0dba\u0dd9\u0db8\u0dad\u0dca \u0dc0\u0dad\u0dcf\u0dc0\u0d9a\u0dca \u0dc4\u0db8\u0dd4\u0dc0\u0db1\u0dca\u0db1 \u0dad\u0dd2\u0db6\u0dd4\u0dab\u0dcf \u0db1\u0db8\u0dca\r\n\u0db8\u0dd4\u0dbd \u0d89\u0db3\u0db1\u0dca \u0dad\u0dc0 \u0dc0\u0dad\u0dcf\u0dc0\u0d9a\u0dca \u0dbd\u0dd2\u0dba\u0db1\u0dca\u0db1\u0da7 \u0dad\u0dd2\u0db6\u0dd4\u0dab\u0dcf\r\n\u0d85\u0dad\u0dbb\u0db8\u0d82 \u0dc0\u0dd4\u0dab\u0dd4 \u0da2\u0dd3\u0dc0\u0dd2\u0dad\u0dda //\n\r\n\u0dc3\u0dd2\u0dc4\u0dd2\u0db1 \u0db1\u0dbd\u0dd2\u0dba\u0db1 \u0daf\u0dd2\u0d9c\u0dd0\u0da7\u0dd2 \u0daf\u0d9f \u0d87\u0dc3\u0dca \u0daf\u0dd2\u0dc4\u0dcf //\r\n\u0d86\u0dba\u0dd9\u0db8\u0dad\u0dca \u0d86\u0daf\u0dbb\u0dd9\u0db1\u0dca \u0db6\u0dbd\u0db1\u0dca\u0db1\u0da7 \u0dad\u0dd2\u0db6\u0dd4\u0dab\u0dcf\r\n\u0dc4\u0d82\u0d9c\u0d9c\u0dd9\u0db1 \u0dad\u0daf \u0d9a\u0dbb\u0db1\u0dca \u0d8b\u0db1\u0dca\u0db1\u0dd4 \u0d86\u0daf\u0dbb \u0dc4\u0dcf\u0daf\u0dd4 \r\n\u0db8\u0dd4\u0dc0 \u0db4\u0dd4\u0dbb\u0dcf \u0dad\u0dc0\u0dbb\u0db1\u0dca\u0db1 \u0dad\u0dd2\u0db6\u0dd4\u0dab\u0dcf\r\n\u0dc0\u0dad\u0dcf\u0dc0\u0d9a\u0dca \u0dad\u0dc0 \u0dc0\u0dad\u0dcf\u0dc0\u0d9a\u0dca\n\r\n\u0db1\u0dd4\u0db9\u0dad\u0dca \u0d91\u0d9a\u0dca\u0d9a\u0db8 \u0db8\u0dd0\u0dc0\u0dd6 \u0dc4\u0dd2\u0dad\u0dda \u0dc3\u0d9a\u0dca\u0db8\u0db1\u0dca \u0d9a\u0dd9\u0dbb\u0dd6 //\r\n\u0dc4\u0dd3\u0db1 \u0d85\u0db4\u0dda \u0d9a\u0dbb\u0d9c\u0db1\u0dca\u0db1 \u0dad\u0dd2\u0db6\u0dd4\u0dab\u0dcf\r\n\u0dc4\u0db8\u0dd4\u0dc0\u0dd4\u0dab\u0dcf \u0db1\u0db8\u0dca \u0dc4\u0db8\u0dd4\u0dc0\u0dd4\u0dab\u0dcf \u0db1\u0db8\u0dca\r\n\u0db8\u0d9c\u0dd9\u0db8 \u0dc0\u0db1\u0dca\u0db1\u0da7 \u0dad\u0dd2\u0db6\u0dd4\u0dab\u0dcf\r\n\u0dc0\u0dad\u0dcf\u0dc0\u0d9a\u0dca \u0dad\u0dc0 \u0dc0\u0dad\u0dcf\u0dc0\u0d9a\u0dca //\r\n\u0d86\u0dba\u0dd9\u0db8\u0dad\u0dca \u0dad\u0dc0 \u0dc0\u0dad\u0dcf\u0dc0\u0d9a\u0dca"
    },
    {
        "uuid": "ee4844ec-8a24-11e9-b797-3863bb98c88b",
        "song": "Watunu Wahi Bindu Noweda Dola Wune ",
        "singer": "Janaka Wickramasinghe ",
        "lyricUnicode": "\u0dc0\u0dd0\u0da7\u0dd4\u0db1\u0dd4 \u0dc0\u0dd0\u0dc4\u0dd2 \u0db6\u0dd2\u0db3\u0dd4 \u0db1\u0ddc\u0dc0\u0dd9\u0daf \u0daf\u0ddc\u0dbd \u0dc0\u0dd4\u0db1\u0dda \r\n\u0db4\u0ddc\u0dc4\u0ddc\u0da7\u0dca\u0da7\u0dd4\u0dc0 \u0db1\u0ddc\u0dc0\u0dd9\u0daf \u0db4\u0dd2\u0db4\u0dd2 \u0db8\u0dbd \u0d8b\u0db1\u0dda \r\n\u0db4\u0ddc\u0da9\u0dd2 \u0db4\u0dd0\u0dbd\u0dba \u0db1\u0ddc\u0dc0\u0dd9\u0daf \u0db8\u0dc4 \u0d9c\u0dc3 \u0d8b\u0db1\u0dda \r\n\u0db4\u0dd4\u0dad\u0dda \u0db1\u0dd4\u0db9 \u0d9a\u0dc0\u0daf\u0dcf\u0daf \u0db8\u0da7 \u0dc0\u0da9\u0dcf \u0d8b\u0dc3 \u0d8b\u0db1\u0dda \n\r\n\u0db1\u0dd2\u0daf\u0db1 \u0d87\u0db3 \u0daf\u0dd0\u0db1\u0dca \u0db1\u0dd4\u0db9\u0da7 \u0d87\u0dad\u0dca\u0dad\u0da7\u0db8 \u0db4\u0ddc\u0da9\u0dd2 \u0dad\u0db8\u0dba\u0dd2 \r\n\u0d85\u0db3\u0dd2\u0db1 \u0d9a\u0db8\u0dd2\u0dc3\u0dba \u0d87\u0d9c\u0da7 \u0dc4\u0ddc\u0daf\u0da7\u0ddc\u0db8 \u0dc4\u0dd2\u0dbb \u0dad\u0db8\u0dba\u0dd2 \r\n\u0db8\u0d9c\u0dda \u0dc3\u0db4\u0dad\u0dca\u0dad\u0dd4\u0dc0 \u0db4\u0dba\u0da7 \u0dc4\u0dbb\u0dd2\u0dba\u0da7\u0db8 \u0dc4\u0dbb\u0dd2 \u0dad\u0db8\u0dba\u0dd2 \r\n\u0db8\u0da7\u0db8 \u0db8\u0dc4 \u0db4\u0dd4\u0daf\u0dd4\u0db8\u0dba\u0d9a\u0dca \u0db4\u0dd4\u0dad\u0dda \u0db1\u0dd4\u0db9 \u0db8\u0db8 \u0dad\u0db8\u0dba\u0dd2 \n\r\n\u0db1\u0dd4\u0db9\u0dda \u0d87\u0dc3\u0dca \u0db8\u0da7 \u0dc0\u0da9\u0dcf \u0db6\u0ddc\u0dc4\u0ddd \u0daf\u0dd4\u0dbb \u0daf\u0d9a\u0dd2\u0db1\u0dc0\u0dcf \r\n\u0db8\u0da7 \u0dc0\u0da9\u0dcf \u0dc4\u0dd0\u0db8 \u0daf\u0dda\u0db8 \u0db1\u0dd4\u0db9 \u0dc4\u0ddc\u0daf\u0dd2\u0db1\u0dca \u0d85\u0dc4\u0db1\u0dc0\u0dcf \r\n\u0dc4\u0ddc\u0daf\u0da7\u0ddd\u0db8 \u0dc4\u0ddc\u0daf \u0db4\u0dd4\u0dad\u0dd9\u0d9a\u0dca \u0db8\u0d82 \u0db1\u0dd4\u0db9\u0dd9\u0db1\u0dca \u0daf\u0d9a\u0dd2\u0db1\u0dc0\u0dcf \r\n\u0db8\u0dcf\u0dad\u0dca \u0db8\u0dc4 \u0db4\u0dd2\u0db1\u0dca\u0d9a\u0db8\u0d9a\u0dca \u0d9a\u0dbd \u0db6\u0dc0\u0d9a\u0dca \u0daf\u0dd0\u0db1\u0dd9\u0db1\u0dc0\u0dcf\n\r\n\u0dc0\u0dd0\u0da7\u0dd4\u0db1\u0dd4 \u0dc0\u0dd0\u0dc4\u0dd2 \u0db6\u0dd2\u0db3\u0dd4..... "
    },
    {
        "uuid": "efc3bb80-8a24-11e9-977a-3863bb98c88b",
        "song": "Wea Kanda Wage Numba Raka Gannam ",
        "singer": "T M Jayarathna ",
        "lyricUnicode": "\u0dc0\u0dd1 \u0d9a\u0db1\u0dca\u0daf \u0dc0\u0d9c\u0dda \u0db1\u0dd4\u0db9 \u0dbb\u0dd0\u0d9a\u0d9c\u0db1\u0dca\u0db1\u0db8\u0dca\r\n\u0dbb\u0dd1 \u0dc3\u0dd2\u0dc3\u0dd2\u0dbd \u0daf\u0dd2\u0daf\u0dd3 \u0dc3\u0db1\u0dc3\u0db1\u0dc0\u0dcf\u0db1\u0db8\u0dca\r\n\u0dbb\u0dd1 \u0dc4\u0db3 \u0db4\u0dcf\u0db1\u0da7 \u0dba\u0db1\u0dca\u0db1 \u0d9a\u0dd2\u0dba\u0db1\u0dca\u0db1\u0db8\u0dca\r\n\u0db8\u0dcf \u0dc5\u0d9f\u0da7 \u0dc0\u0dd9\u0dbd\u0dcf \u0db1\u0dd4\u0db9 \u0d89\u0db1\u0dca\u0db1\u0dc0\u0dcf\u0db1\u0db8\u0dca\n\r\n\u0db4\u0dd0\u0dab\u0dd2 \u0dc0\u0dc5\u0d82 \u0db4\u0dd0\u0dbd\u0dd6 \u0da2\u0dd3\u0dc0\u0dd2\u0dad \u0db4\u0dad\u0dd4\u0dbd\u0dd9\u0db1\u0dca\r\n\u0db1\u0dd2\u0dbd\u0dca \u0daf\u0dd2\u0dba\u0dc0\u0dbb \u0dc0\u0dd3 \u0db4\u0dd2\u0dbb\u0dd4\u0dab\u0dd2\u0daf \u0dc5\u0db3\u0dd4\u0db1\u0dda\r\n\u0d9a\u0dc0\u0dd2 \u0db4\u0daf \u0d87\u0dc0\u0dd2\u0dbd\u0dd9\u0db1 \u0dc4\u0dd2\u0dad \u0d89\u0dc3\u0dca\u0db8\u0dad\u0dca\u0dad\u0dda\r\n\u0db1\u0dd4\u0db9 \u0dc4\u0dd2\u0db1\u0dcf\u0dc0\u0dd9\u0dba\u0db1\u0dca \u0db8\u0d9c\u0dda \u0d95\u0dbd\u0dd6 \u0db8\u0dbd\u0dda\n\r\n\u0dc0\u0dd1 \u0d9a\u0db1\u0dca\u0daf \u0dc0\u0d9c\u0dda...\n\r\n\u0db4\u0dd9\u0dab \u0db4\u0dcf\u0dc3\u0dd2 \u0d87\u0dc0\u0dd2\u0dad\u0dca \u0dbb\u0dc5 \u0db4\u0dd2\u0da7 \u0db1\u0dd0\u0d9f\u0dbd\u0dcf\r\n\u0db1\u0dd4\u0db9\u0dda \u0dc4\u0dd2\u0dad \u0d9c\u0db1\u0dca\u0db1\u0da7 \u0db8\u0dcf\u0db1 \u0db6\u0dbd\u0db1 \u0daf\u0dcf\r\n\u0db4\u0dd2\u0da7\u0dc0\u0dcf\u0db1 \u0dc0\u0d9c\u0dda \u0db1\u0ddc\u0dc3\u0dd0\u0dbd\u0dd3 \u0dc4\u0dd2\u0da7\u0db4\u0db1\u0dca\r\n\u0d9a\u0dd0\u0db1\u0dca\u0daf\u0dcf\u0db1 \u0dba\u0db1\u0dca\u0db1 \u0daf\u0dd2\u0db1\u0dba\u0d9a\u0dca \u0d91\u0db1\u0d9a\u0db1\u0dca\n\r\n\u0dc0\u0dd1 \u0d9a\u0db1\u0dca\u0daf \u0dc0\u0d9c\u0dda...\n"
    },
    {
        "uuid": "f04468b6-8a24-11e9-9723-3863bb98c88b",
        "song": "Wedana Denne Naa ",
        "singer": "Namal Udugama ",
        "lyricUnicode": "\u0dc0\u0dda\u0daf\u0db1\u0dcf \u0daf\u0dd9\u0db1\u0dca\u0db1\u0dda \u0db1\u0dd1\r\n\u0d94\u0db6 \u0dc4\u0dd0\u0dbb \u0db8\u0dcf \u0dba\u0db1\u0dca\u0db1\u0dda \u0db1\u0dd1\r\n\u0db4\u0dcf\u0dc5\u0dd4\u0dc0\u0dda \u0d94\u0db6 \u0dbb\u0daf\u0dc0\u0dcf //\n\r\n\u0dc3\u0dd4\u0dc0\u0dd2\u0dc3\u0dbd\u0dca \u0dc3\u0dcf\u0d9c\u0dbb\u0dda \u0dc0\u0d9c\u0dda \u0db1\u0dd2\u0d9a\u0dd0\u0dc5\u0dd0\u0dbd\u0dca \u0d86\u0daf\u0dbb\u0dda \r\n\u0d9a\u0dd4\u0dc5\u0dd4\u0daf\u0dd4\u0dbd\u0dca \u0d92 \u0d94\u0db6\u0dda \u0dc3\u0dd9\u0db1\u0dda \u0db1\u0ddc\u0dba\u0dd2\u0daf\u0dd4\u0dbd\u0dca \u0dc3\u0dda \u0dc4\u0dd0\u0d9c\u0dda\r\n\u0db8\u0da7 \u0db8\u0dd4\u0dc5\u0dd4 \u0da2\u0dd2\u0dc0\u0dd2\u0dad\u0dda \u0db4\u0dd4\u0dbb\u0dcf \u0dc3\u0dd4\u0dc0\u0db3 \u0d9c\u0dd9\u0db1\u0dda //\n\r\n\u0dc0\u0dda\u0daf\u0db1\u0dcf \u0daf\u0dd9\u0db1\u0dca\u0db1\u0dda \u0db1\u0dd1....\n\r\n\u0dbd\u0dad\u0dd0\u0dc0\u0dd4\u0dbd\u0dca \u0db1\u0dd1 \u0db8\u0d9c\u0dda \u0dbd\u0ddc\u0dc0\u0dda \u0dc4\u0dc3\u0dbb\u0dd0\u0dbd\u0dca \u0dba\u0dcf \u0dc0\u0dd4\u0db1\u0dda \r\n\u0dc3\u0dd2\u0dc4\u0dd2\u0dbd\u0dd0\u0dbd\u0dca \u0dc0\u0dd6 \u0dc3\u0dd4\u0dc0\u0dda \u0d9c\u0dd9\u0db1\u0dda \u0db8\u0db1\u0dbd\u0ddc\u0dbd\u0dca \u0d86\u0daf\u0dbb\u0dda\r\n\u0db8\u0da7 \u0db8\u0dd4\u0dc5\u0dd4 \u0da2\u0dd2\u0dc0\u0dd2\u0dad\u0dda \u0db4\u0dd4\u0dbb\u0dcf \u0dc3\u0dd4\u0dc0\u0db3 \u0d9c\u0dd9\u0db1\u0dda //\n\r\n\u0dc0\u0dda\u0daf\u0db1\u0dcf \u0daf\u0dd9\u0db1\u0dca\u0db1\u0dda \u0db1\u0dd1....\n\r\n\u0dc0\u0dda\u0daf\u0db1\u0dcf \u0daf\u0dd9\u0db1\u0dca\u0db1\u0dda \u0db1\u0dd1\r\n\u0d94\u0db6 \u0dc4\u0dd0\u0dbb \u0db8\u0dcf \u0dba\u0db1\u0dca\u0db1\u0dda \u0db1\u0dd1"
    },
    {
        "uuid": "f23fbaac-8a24-11e9-9653-3863bb98c88b",
        "song": "Weeraya Numbai (Sihine Randuna) ",
        "singer": "Tehan Perera ",
        "lyricUnicode": "\u0dc3\u0dd2\u0dc4\u0dd2\u0db1\u0dda \u0dbb\u0dd0\u0db3\u0dd4\u0db1\u0dcf \u0db1\u0dd4\u0db9 \u0d9a\u0dd2\u0dbb\u0dd4\u0dc5 \u0db4\u0dd0\u0dc5\u0db3\u0dd6 \u0daf\u0dd2\u0db1\u0dda\r\n\u0dc4\u0daf\u0dd9\u0dc4\u0dd3 \u0d87\u0db3\u0dd4\u0db1\u0dcf \u0daf\u0dd2\u0dbb\u0dd2 \u0daf\u0dd4\u0db1\u0dca\u0db1\u0dd4 \u0dc3\u0dd2\u0db1\u0dc4\u0dcf \u0db1\u0dd4\u0db6\u0dda\r\n\u0dc3\u0dc3\u0db3\u0db1\u0dca\u0db1 \u0dbd\u0ddd\u0d9a\u0dda \u0daf\u0db1\u0dca\u0db1 \u0dc0\u0dd3\u0dbb\u0dba\u0ddd \u0db1\u0dd0\u0dad\u0dd2 \u0dad\u0dbb\u0db8\u0dca\r\n\u0db1\u0dd4\u0db6 \u0daf\u0db1\u0dca\u0db1\u0dd9 \u0db1\u0dd1 \u0d85\u0db4 \u0dc4\u0daf\u0dd9 \u0d89\u0da9 \u0d87\u0dad\u0dd2 \u0dad\u0dbb\u0db8\u0dca\n\r\n\u0db4\u0dd2\u0dad\u0dd2\u0d9a\u0dbb\u0dd4\u0dc0\u0dcf \u0db1\u0dd4\u0db9\u0dba\u0dd2 \u0db4\u0dd2\u0da7\u0dd2\u0dba\u0dda \u0dad\u0dda\u0da2\u0db8\u0dcf\u0db1 \u0db8\u0dc0\u0db1\u0dcf\r\n\u0dc3\u0ddc\u0dc4\u0ddc\u0dba\u0dd4\u0dbb\u0dcf \u0db1\u0dd4\u0db9\u0dba\u0dd2 \u0d85\u0db4\u0d9c\u0dda \u0dc4\u0dd2\u0dad\u0dc0\u0dad\u0dca\u0d9a\u0db8\u0dca \u0db6\u0ddd\u0db8\u0dcf\r\n\u0db4\u0dd9\u0db8\u0dca\u0dc0\u0dad\u0dd9\u0d9a\u0dca \u0db1\u0dd4\u0db9\u0dad\u0dca \u0daf\u0dd2\u0dc0\u0dd2\u0dba\u0dda \u0d86\u0daf\u0dbb\u0dda \u0dbd\u0ddc\u0dc0\u0da7 \u0db4\u0dcf\u0db1\u0dcf\r\n\u0dc0\u0dd3\u0dbb\u0dba\u0dcf \u0db1\u0dd4\u0db9\u0dba\u0dd2 \u0d85\u0db4 \u0dc4\u0daf\u0dc0\u0dad\u0dda \u0d89\u0db1\u0dca\u0db1\u0dcf\n\r\n\u0dc4\u0dd0\u0db6\u0dd0\u0dc4\u0dd2\u0db1\u0dca \u0daf\u0dd2\u0dbd\u0dd4\u0db1\u0dcf \u0dbb\u0db1\u0dca \u0dad\u0dbb\u0dd4\u0dc0 \u0dc0\u0dd3 \u0d85\u0dc4\u0dc3\u0dda\r\n\u0db1\u0dd2\u0dc3\u0dd0\u0d9a\u0dd2\u0db1\u0dca \u0dc3\u0dd4\u0dbb\u0dd0\u0d9a\u0dd3 \u0db1\u0dd4\u0db9 \u0db8\u0dc0\u0dd4 \u0db6\u0dd2\u0db8\u0dda \u0db1\u0dcf\u0db8\u0dda\r\n\u0db4\u0dd2\u0db1\u0d9a\u0dd2\u0db1\u0dca\u0daf \u0dbd\u0dd0\u0db6\u0dd4\u0dab\u0dda \u0db1\u0dd4\u0db9 \u0dc0\u0dcf\u0d9c\u0dd9 \u0db8\u0dd2\u0db1\u0dd2\u0dc3\u0dd9\u0d9a\u0dca \u0dbb\u0da7\u0dda\r\n\u0db1\u0dd2\u0db8 \u0dc0\u0dd9\u0db1\u0dca\u0db1 \u0db1\u0ddc\u0dc0 \u0dbb\u0dd0\u0db3\u0dd4\u0db1\u0dda \u0d94\u0db6 \u0d85\u0db4 \u0dc4\u0daf\u0dc0\u0dad\u0dda\n\r\n\u0db4\u0dd2\u0dad\u0dd2\u0d9a\u0dbb\u0dd4\u0dc0\u0dcf \u0db1\u0dd4\u0db9\u0dba\u0dd2\n\r\n\u0db1\u0ddc\u0db8\u0dd0\u0d9a\u0dd9\u0db1\u0dcf \u0dbd\u0dd9\u0dc3\u0da7 \u0d85\u0db4 \u0dc4\u0dd2\u0dad\u0dda \u0d89\u0dc4\u0dc5\u0dd2\u0db1\u0dca\u0db8 \u0dbb\u0da2 \u0dc0\u0dd9\u0db1\u0dca\u0db1\u0dcf\r\n\u0dc0\u0dd3\u0dbb\u0dba\u0dcf \u0db1\u0dd4\u0db9\u0dba\u0dd2 \u0d85\u0db4 \u0dc4\u0daf\u0dc0\u0dad\u0dda \u0d89\u0db1\u0dca\u0db1\u0dcf"
    },
    {
        "uuid": "f3b2c5c6-8a24-11e9-a1ee-3863bb98c88b",
        "song": "Wen Wee Giyath Perada ",
        "singer": "Ruwan Hettiarachchi ",
        "lyricUnicode": "\u0dc0\u0dd9\u0db1\u0dca \u0dc0\u0dd3 \u0d9c\u0dd2\u0dba\u0dad\u0dca \u0db4\u0dd9\u0dbb\u0daf\u0dcf \u0dc0\u0dd9\u0db1\u0dad\u0d9a\u0dca \u0db4\u0dad\u0dcf \u0d94\u0dba\u0dcf\r\n\u0db8\u0dad\u0d9a\u0dba\u0dd2\u0daf \u0d9a\u0dd3\u0dc0\u0dcf \u0db8\u0d9c\u0dd9\u0db8\u0dba\u0dd2 \u0d9a\u0dd2\u0dba\u0dcf\r\n\u0dc4\u0dd2\u0dad \u0db1\u0ddc\u0dbb\u0dd2\u0daf\u0dc0\u0dcf \u0dc0\u0dbb\u0daf\u0d9a\u0dca \u0db4\u0dd2\u0dbd\u0dd2\u0d9c\u0dad\u0dca\u0dad \u0db1\u0db8\u0dca \u0d91\u0daf\u0dcf\r\n\u0d85\u0db4\u0dd2 \u0d89\u0db1\u0dca\u0db1\u0dda \u0dad\u0dcf\u0db8\u0dad\u0dca \u0d85\u0db4\u0d9c\u0dda \u0dc0\u0dd9\u0dbd\u0dcf\r\n\u0dad\u0dda\u0dbb\u0dd4\u0db8\u0dca \u0d9c\u0dd2\u0dba\u0dcf \u0db1\u0db8\u0dca \u0d87\u0dad\u0dd3 \u0db4\u0dab \u0db8\u0d9c\u0dda \r\n\u0db1\u0dd1 \u0dc0\u0dd0\u0dbb\u0dd0\u0daf\u0dca\u0daf\u0d9a\u0dca \u0dc0\u0dd3 \u0d9a\u0dd2\u0dba\u0dcf \u0db8\u0d9c\u0dda \u0d85\u0dad\u0dda\r\n\u0d89\u0db1\u0dca\u0db1 \u0dc3\u0dad\u0dd4\u0da7\u0dd2\u0db1\u0dca \u0db8\u0d9c\u0dda \u0d86\u0dba\u0dd4\u0dc2\u0dad\u0dca \u0d9c\u0dd9\u0db1 \u0dbd\u0db3\u0dda\n\r\n\u0d94\u0db6\u0da7 \u0d86\u0daf\u0dbb\u0dda \u0d9a\u0dd9\u0dbb\u0dd4\u0dc0 \u0d9a\u0dcf\u0dbd\u0dba\u0dda \r\n\u0dc4\u0dd0\u0db8 \u0db8\u0dad\u0d9a \u0dc4\u0dd2\u0dad \u0daf\u0dc0\u0db1\u0dc0\u0dcf\r\n\u0d85\u0dc4\u0dd2\u0db8\u0dd2 \u0dc0\u0dd4 \u0d94\u0dba\u0dcf \u0d91\u0db1\u0dca\u0db1\u0dda \u0db1\u0dd1 \u0d9a\u0dd2\u0dba\u0dcf\r\n\u0dc0\u0dd0\u0da7\u0dc4\u0dd9\u0daf\u0dca\u0daf\u0dd2 \u0daf\u0dd4\u0d9a \u0dc4\u0dd2\u0dad\u0dd9\u0db1\u0dc0\u0dcf //\r\n\u0db4\u0db1\u0dca\u0dad\u0dd2\u0dba\u0dda \u0dba\u0dcf\u0dc5\u0dd4\u0dc0\u0ddd \u0d89\u0daf \u0dc4\u0dd2\u0da7\u0dad\u0dca \u0db8\u0dd4\u0db1\u0d9c\u0dd0\u0dc4\u0dd2\u0dbd\u0dcf\r\n\u0d94\u0dba\u0dcf \u0d9a\u0ddd \u0d85\u0dc4\u0db1\u0dc0\u0dcf \u0db8\u0d9c\u0dd9\u0db1\u0dca\n\r\n\u0d94\u0db6\u0d9c\u0dda \u0dbd\u0d9c \u0dbb\u0dd0\u0daf\u0dd3 \u0d9c\u0dd9\u0dc0\u0dd4\u0db1\u0dd4 \u0da2\u0dd3\u0dc0\u0dd2\u0dad\u0dda \r\n\u0db4\u0dab\u0dc3\u0dda\u0db8 \u0db8\u0da7 \u0dc0\u0da7\u0dd2\u0db1\u0dc0\u0dcf\r\n\u0d94\u0dc4\u0dd4\u0d9c\u0dda \u0dbd\u0ddd\u0d9a\u0dba\u0dda \u0db4\u0dd0\u0dad\u0dd4\u0dc0 \u0d86\u0daf\u0dbb\u0dda\r\n\u0dc4\u0dd2\u0db8\u0dd2\u0dc0\u0dd9\u0db1\u0dca\u0db1 \u0dc3\u0dd4\u0db7 \u0db4\u0dad\u0db1\u0dc0\u0dcf //\r\n\u0db4\u0db1\u0dca\u0dad\u0dd2\u0dba\u0dda \u0dba\u0dcf\u0dc5\u0dd4\u0dc0\u0ddd \u0d89\u0daf \u0dc4\u0dd2\u0da7\u0dad\u0dca \u0db8\u0dd4\u0db1\u0d9c\u0dd0\u0dc4\u0dd2\u0dbd\u0dcf\r\n\u0d94\u0dba\u0dcf \u0d9a\u0ddd \u0d85\u0dc4\u0db1\u0dc0\u0dcf \u0db8\u0d9c\u0dd9\u0db1\u0dca\n\r\n\u0dc0\u0dd9\u0db1\u0dca \u0dc0\u0dd3 \u0d9c\u0dd2\u0dba\u0dad\u0dca \u0db4\u0dd9\u0dbb\u0daf\u0dcf....."
    },
    {
        "uuid": "f4333f54-8a24-11e9-a592-3863bb98c88b",
        "song": "Wen Weela Giyada Patan Oba Maawa ",
        "singer": "Ruwan Hettiarachchi ",
        "lyricUnicode": "\u0dc0\u0dd9\u0db1\u0dca \u0dc0\u0dd3\u0dbd\u0dcf \u0d9c\u0dd2\u0dba\u0daf\u0dcf \u0db4\u0da7\u0db1\u0dca \u0d94\u0db6 \u0db8\u0dcf\u0dc0\r\n\u0d86\u0dba\u0dda \u0db1\u0ddc\u0d91\u0db1\u0dcf \u0dbd\u0dd9\u0dc3\u0dd2\u0db1\u0dca\r\n\u0d9a\u0db3\u0dd4\u0dc5\u0dd4 \u0d85\u0da9\u0dd4 \u0db1\u0dd0\u0dad\u0dd2\u0dc0 \u0dc0\u0dd2\u0db3\u0dd2\u0db1\u0dc0\u0dcf \u0dad\u0dc0\u0db8\r\n\u0d94\u0db6\u0da7 \u0dc3\u0dad\u0dd4\u0da7\u0dd4\u0dba\u0dd2\u0daf \u0daf\u0dd0\u0db1\u0dca //\n\r\n\u0d9a\u0dd0\u0daf\u0dbd\u0dd2 \u0dad\u0db1\u0dcf \u0db8\u0dd0\u0dc0\u0dca\u0dc0 \u0db8\u0dd4\u0dc3\u0dcf \r\n\u0db6\u0ddc\u0dbb\u0dd4 \u0db1\u0ddc\u0dc0\u0dda \u0dba\u0dd0\u0dba\u0dd2 \u0dc3\u0dd2\u0dad\u0dcf\r\n\u0dbd\u0dd6\u0dc4\u0dd4 \u0db6\u0dd0\u0db3\u0dbd\u0dcf \u0daf\u0dd2\u0dc0\u0dd2\u0dba \u0db4\u0dc0\u0dcf \u0dc3\u0dd4\u0dc3\u0dd4\u0db8\u0dca \u0dba\u0dcf\u0dba\u0d9a\u0dca \u0dc0\u0dd9\u0dbd\u0dcf\r\n\u0db8\u0dd4\u0dc0\u0d9f \u0dc3\u0dd2\u0db1\u0dcf \u0db4\u0dcf\u0dc0\u0dd3 \u0d9c\u0dd2\u0dba\u0dcf \r\n\u0d9a\u0dd2\u0dc3\u0dd2\u0daf\u0dcf \u0dc3\u0dd2\u0dad\u0dd2\u0db1\u0dca \u0db1\u0ddc\u0dc3\u0dd2\u0dad\u0dd6 \u0daf\u0dd4\u0dbb\u0dd2\u0db1\u0dca \n\r\n\u0dc0\u0dd9\u0db1\u0dca \u0dc0\u0dd3 \u0d9c\u0dd2\u0dba\u0daf\u0dcf \u0db4\u0da7\u0db1\u0dca...\n\r\n\u0dba\u0dc4\u0db1 \u0db4\u0dd4\u0dbb\u0dcf \u0db8\u0dd4\u0d9a\u0dd4\u0dc5\u0dd4 \u0d9a\u0dad\u0dcf \u0db8\u0dad\u0d9a\u0dba\u0dda \u0db1\u0dd0\u0dc0\u0dad\u0dd2\u0dbd\u0dcf\r\n\u0daf\u0dd9\u0db1\u0dd9\u0dad \u0dad\u0dd9\u0db8\u0dcf \u0d9a\u0db3\u0dd4\u0dc5\u0dd4 \u0dbd\u0dd2\u0dba\u0dcf\r\n\u0dc3\u0dd2\u0dc4\u0dd2\u0db1\u0dba\u0d9a\u0dca \u0dc3\u0dda \u0db8\u0dd9\u0daf\u0dcf\r\n\u0db8\u0dd0\u0dab\u0dd2\u0d9a \u0d9a\u0dd2\u0dba\u0dcf \u0dbb\u0dd0\u0d9a\u0d9c\u0dad\u0dca \u0d94\u0dba\u0dcf \r\n\u0db4\u0dd2\u0dba\u0db9\u0dcf \u0d9c\u0dd2\u0dc4\u0dd2\u0db1\u0dca \u0d9a\u0dcf\u0da7\u0dad\u0dca \u0dc4\u0ddc\u0dbb\u0dd9\u0db1\u0dca\n\r\n\u0dc0\u0dd9\u0db1\u0dca \u0dc0\u0dd3 \u0d9c\u0dd2\u0dba\u0daf\u0dcf \u0db4\u0da7\u0db1\u0dca...\n"
    },
    {
        "uuid": "f6542328-8a24-11e9-a4a4-3863bb98c88b",
        "song": "Wen Wennata Hitha Keewoth ",
        "singer": "Jude Rogance ",
        "lyricUnicode": "\u0dc0\u0dd9\u0db1\u0dca \u0dc0\u0dd9\u0db1\u0dca\u0db1\u0da7 \u0dc4\u0dd2\u0dad \u0d9a\u0dd3\u0dc0\u0ddc\u0dad\u0dca \u0d94\u0db6 \u0dc0\u0dd9\u0db1\u0dca \u0dc0\u0dd9\u0db1\u0dc0\u0dcf\u0daf\r\n\u0dc4\u0dd0\u0dbb \u0dba\u0db1\u0dca\u0db1\u0da7 \u0dc4\u0dd2\u0dad \u0d9a\u0dd3\u0dc0\u0ddc\u0dad\u0dca \u0db8\u0dcf \u0dc4\u0dd0\u0dbb \u0dba\u0db1\u0dc0\u0dcf\u0daf\r\n\u0dad\u0db1\u0dd2 \u0dc0\u0dd9\u0db1\u0dca\u0db1\u0da7 \u0dc4\u0dd2\u0dad \u0d9a\u0dd3\u0dc0\u0ddc\u0dad\u0dca \u0dad\u0db1\u0dd2\u0d9a\u0dbb \u0dba\u0db1\u0dc0\u0dcf\u0daf\r\n\u0dba\u0dbd\u0dd2 \u0d91\u0db1\u0dca\u0db1\u0da7 \u0dc4\u0dd2\u0dad \u0d9a\u0dd3\u0dc0\u0ddc\u0dad\u0dca \u0d94\u0db6 \u0dba\u0dbd\u0dd2 \u0d91\u0db1\u0dc0\u0dcf\u0daf\n\r\n\u0da2\u0dd3\u0dc0\u0dd2\u0dad\u0dda \u0db4\u0dd0\u0dad\u0dd4 \u0d86\u0daf\u0dbb\u0dda \u0dc3\u0ddc\u0dba\u0dcf \u0daf\u0dd4\u0db1\u0dca\u0db1\u0dd4 \u0db1\u0dd4\u0db9 \u0d86\u0daf\u0dbb\u0dd3\r\n\u0db8\u0dcf \u0dc4\u0daf\u0dda \u0d87\u0dad\u0dd2\u0dbb\u0dd4\u0dc0\u0dcf \u0d86\u0daf\u0dbb\u0dda \u0db4\u0dcf\u0da7 \u0dba\u0dcf\u0dc0\u0dd9\u0dc0\u0dd2 //\r\n\u0db4\u0db8\u0dcf \u0dc0\u0dd3 \u0db1\u0dd1 \u0dc0\u0d9c\u0dda \u0daf\u0dbb\u0dcf \u0d9c\u0db8\u0dd4 \u0d86\u0daf\u0dbb\u0dd3\r\n\u0db8\u0dda \u0daf\u0dd4\u0d9a\u0dca \u0d86\u0daf\u0dbb\u0dda \u0db1\u0dcf\u0db8\u0dba\u0dd9\u0db1\u0dca \u0d85\u0db4\u0dda \u0d86\u0daf\u0dbb\u0dda \u0db1\u0dcf\u0db8\u0dba\u0dd9\u0db1\u0dca\n\r\n\u0dc3\u0dd9\u0db1\u0dd9\u0dc4\u0dc3\u0dda \u0db1\u0dc0\u0dcf\u0dad\u0dd0\u0db1\u0dda \u0dbd\u0dd0\u0d9c\u0dd4\u0db8\u0dca \u0daf\u0dd4\u0db1\u0dca\u0db1\u0dd4 \u0db8\u0d9c\u0dda \u0db4\u0dd9\u0db8\u0dca\u0db6\u0dbb\u0dd3\r\n\u0d86\u0dba\u0dda \u0db1\u0db8\u0dca \u0dbb\u0dd2\u0daf\u0dc0\u0db1\u0dca\u0db1\u0dda \u0db1\u0dd1 \u0db6\u0dbd\u0dcf\u0d9c\u0db1\u0dd2\u0db8\u0dd2 \u0db8\u0d9c\u0dd9 \u0db4\u0db1 \u0dc0\u0d9c\u0dda //\r\n\u0daf\u0dd4\u0dbb\u0dc3\u0dca \u0dc0\u0dd3 \u0db1\u0dd1 \u0dc0\u0d9c\u0dda \u0daf\u0dbb\u0dcf \u0d9c\u0db8\u0dd4 \u0d86\u0daf\u0dbb\u0dd3\r\n\u0db8\u0dda \u0daf\u0dd4\u0d9a\u0dca \u0d86\u0daf\u0dbb\u0dda \u0db1\u0dcf\u0db8\u0dba\u0dd9\u0db1\u0dca \u0d85\u0db4\u0dda \u0d86\u0daf\u0dbb\u0dda \u0db1\u0dcf\u0db8\u0dba\u0dd9\u0db1\u0dca\n\r\n\u0dc0\u0dd9\u0db1\u0dca \u0dc0\u0dd9\u0db1\u0dca\u0db1\u0da7...."
    },
    {
        "uuid": "f8dad2e6-8a24-11e9-b84c-3863bb98c88b",
        "song": "Werala Konaka Hinda Bala Hidinnemi ",
        "singer": "Prince Udaya Priyantha ",
        "lyricUnicode": "\u0dc0\u0dd9\u0dbb\u0dc5 \u0d9a\u0ddc\u0db1\u0d9a \u0dc4\u0dd2\u0db3 \u0db6\u0dbd\u0dcf \u0dc4\u0dd2\u0db3\u0dd2\u0db1\u0dca\u0db1\u0dd9\u0db8\u0dd2\r\n\u0d94\u0db6 \u0d91\u0db1 \u0db8\u0d9c \u0db8\u0dcf \u0db4\u0dc0\u0db1\u0dca \u0dc3\u0dd0\u0dbd\u0dd3\r\n\u0db4\u0dd9\u0dbb \u0daf\u0dd2\u0db1\u0dba\u0d9a \u0d85\u0db4 \u0dc4\u0db8\u0dd4 \u0dc0\u0dd6 \u0dad\u0dd0\u0db1 \u0dc4\u0dd2\u0db3 \r\n\u0dc0\u0dd9\u0db1\u0dca\u0dc0\u0db1\u0dca\u0db1\u0da7 \u0db8\u0dd4\u0dab\u0d9c\u0dd0\u0dc3\u0dd9\u0db8\u0dd4 \u0dba\u0dc5\u0dd2 //\n\r\n\u0dc0\u0dd9\u0dbb\u0dc5\u0dda \u0dc4\u0dd0\u0db4\u0dd9\u0db1\u0dcf \u0daf\u0dc5 \u0dbb\u0dc5 \u0d85\u0dad\u0dbb\u0dda\r\n\u0db8\u0dd4\u0db8\u0dd4\u0dab\u0dba\u0dd2 \u0dc4\u0dd9\u0db8\u0dd2\u0dc4\u0dd2\u0da7 \u0d85\u0db4\u0dda \u0d9a\u0dae\u0dcf\r\n\u0dbb\u0dd0\u0dbd\u0dca\u0dbd\u0da7 \u0db1\u0ddc\u0db4\u0dd9\u0db1\u0dd3 \u0dc0\u0dd9\u0db1\u0dad\u0d9a \u0d9c\u0dd2\u0dba \u0db8\u0dd4\u0dad\u0dca \r\n\u0dc3\u0dd4\u0daf\u0dd4 \u0dc0\u0dd0\u0dbd\u0dd2 \u0db8\u0dd4\u0db8\u0dd4\u0dab\u0dba\u0dd2 \u0d85\u0db4\u0dda \u0d9a\u0dad\u0dcf\n\r\n\u0dc0\u0dd9\u0dbb\u0dc5 \u0d9a\u0ddc\u0db1\u0d9a \u0dc4\u0dd2\u0db3....\n\r\n\u0d94\u0db6 \u0dc4\u0dcf \u0daf\u0ddc\u0da9\u0db1\u0da7 \u0d9c\u0dad \u0dc3\u0dd2\u0dad \u0dc1\u0d9a\u0dca\u0dad\u0dd2\u0dba \r\n\u0db1\u0dd0\u0dad\u0dd2 \u0dbd\u0dd9\u0dc3 \u0dc4\u0daf\u0dc0\u0dad \u0dc4\u0dac\u0dcf \u0dc0\u0dd0\u0da7\u0dda\r\n\u0d91\u0db1\u0db8\u0dd4\u0daf\u0dd4 \u0d85\u0db4 \u0db4\u0dd9\u0db8\u0dca \u0d9a\u0dad\u0dcf\u0dc0 \u0db1\u0dd2\u0db8 \u0dc0\u0dd3 \r\n\u0dc3\u0db8\u0dd4\u0d9c\u0db1\u0dca\u0db1\u0db8\u0dca \u0d85\u0daf \u0dad\u0dbb\u0dc4 \u0db1\u0ddc\u0dc0\u0dd3\n\r\n\u0dc0\u0dd9\u0dbb\u0dc5 \u0d9a\u0ddc\u0db1\u0d9a \u0dc4\u0dd2\u0db3.... //"
    },
    {
        "uuid": "fce9366c-8a24-11e9-b217-3863bb98c88b",
        "song": "Wirasaka Wee Adaren ",
        "singer": "Buddhika Krishan ",
        "lyricUnicode": "\u0dc0\u0dd2\u0dbb\u0dc3\u0d9a \u0dc0\u0dd3 \u0d86\u0daf\u0dbb\u0dd9\u0db1\u0dca \u0d9c\u0dd2\u0dba\u0dad\u0dca \u0db8\u0dcf \u0d9a\u0dd9\u0dbb\u0dd9\u0db1\u0dca\r\n\u0dc4\u0daf\u0dda \u0d89\u0db1\u0dca\u0db1\u0dda \u0d94\u0db6\u0db8\u0dba\u0dd2 \u0dc3\u0daf\u0dcf\r\n\u0d85\u0db8\u0dad\u0d9a \u0dc0\u0dd3 \u0db8\u0dda \u0dc4\u0dd2\u0dad\u0dd9\u0db1\u0dca \u0db1\u0ddc\u0dba\u0dba\u0dd2 \u0da2\u0dd3\u0dc0\u0dd2\u0dad\u0dd9\u0db1\u0dca\r\n\u0d9a\u0ddc\u0dc4\u0dda \u0d9a\u0ddc\u0dad\u0dd0\u0db1 \u0d8b\u0db1\u0dca\u0db1\u0dcf \u0d9a\u0dd2\u0dba\u0dcf\r\n\u0dc0\u0dd9\u0db1 \u0d9a\u0dc0\u0dd4\u0dbb\u0dd4\u0dad\u0dca \u0dbd\u0ddc\u0dc0\u0dda \u0db1\u0dd1 \u0db4\u0dd0\u0dad\u0dd4\u0dc0\u0dda \u0db7\u0dc0\u0dda \r\n\u0db8\u0d9c\u0dda \u0dc3\u0dd2\u0dc4\u0dd2\u0db1 \u0d94\u0db6 \u0dc4\u0dd0\u0da9 \u0d9a\u0dbd\u0dda\r\n\u0d94\u0dba \u0dc4\u0dc3\u0dbb\u0dbd\u0dca \u0db8\u0dd4\u0dc0\u0dda \u0dad\u0dc0 \u0dad\u0dc0\u0db8\u0dad\u0dca \u0db8\u0dd0\u0dc0\u0dda \r\n\u0db8\u0d9c\u0dda \u0dc3\u0dd2\u0dc4\u0dd2\u0db1 \u0d94\u0db6 \u0dc4\u0dd0\u0da9 \u0d9a\u0dbd\u0dda\n\r\n\u0dc0\u0dd2\u0dbb\u0dc3\u0d9a \u0dc0\u0dd3 \u0d86\u0daf\u0dbb\u0dd9\u0db1\u0dca \u0d9c\u0dd2\u0dba\u0dad\u0dca \u0db8\u0dcf \u0d9a\u0dd9\u0dbb\u0dd9\u0db1\u0dca\r\n\u0dc4\u0daf\u0dda \u0d89\u0db1\u0dca\u0db1\u0dda \u0d94\u0db6\u0db8\u0dba\u0dd2 \u0dc3\u0daf\u0dcf\n\r\n\u0db8\u0ddc\u0dc4\u0ddc\u0dad\u0d9a\u0dca \u0db4\u0dcf\u0dc3\u0dcf \u0dc3\u0dd9\u0db1\u0dd9\u0dc4\u0dc3 \u0db4\u0dd1 \u0dc0\u0daf\u0db1\u0dca\r\n\u0db8\u0dda \u0db4\u0db4\u0dd4\u0dc0 \u0d9c\u0dd0\u0db9\u0dd4\u0dbb\u0dda \u0dad\u0dd2\u0dba\u0db1\u0dca \r\n\u0db8\u0dcf \u0d8b\u0db1\u0dca\u0db1\u0dda \u0d94\u0db6 \u0db8\u0d9c\u0dda \u0dc4\u0dd2\u0dad\u0db1\u0dca\r\n\u0db1\u0ddc\u0d9a\u0dd2\u0dba\u0dcf\u0db8 \u0db1\u0dc0\u0dad\u0dd2\u0db1\u0dca\u0db1 \u0dc4\u0dd2\u0dad\u0dd4\u0dc0\u0dad\u0dca \u0d89\u0dad\u0dd2\u0db1\u0dca\r\n\u0db8\u0dda \u0dbb\u0dd2\u0daf\u0dd4\u0db8 \u0db8\u0da7 \u0d94\u0db6 \u0dc0\u0d9c\u0dda \u0db6\u0dd0\u0dbb\u0dd2 \u0d9a\u0db8\u0dd2\u0db1\u0dca\n\r\n\u0dc0\u0dd2\u0dbb\u0dc3\u0d9a \u0dc0\u0dd3 \u0d86\u0daf\u0dbb\u0dd9\u0db1\u0dca \u0d9c\u0dd2\u0dba\u0dad\u0dca \u0db8\u0dcf \u0d9a\u0dd9\u0dbb\u0dd9\u0db1\u0dca\r\n\u0dc4\u0daf\u0dda \u0d89\u0db1\u0dca\u0db1\u0dda \u0d94\u0db6\u0db8\u0dba\u0dd2 \u0dc3\u0daf\u0dcf\n\r\n\u0dc4\u0dd4\u0dbb\u0dd4\u0dc0\u0d9a\u0dca \u0dc0\u0dd3\u0dbd\u0dcf \u0d85\u0dc0\u0daf\u0dd2\u0dc0 \u0dbb\u0dd0 \u0d9c\u0db1\u0db1\u0dca\r\n\u0d92 \u0daf\u0dd9\u0da9\u0dd4\u0dc0 \u0dc4\u0dd0\u0db8\u0daf\u0dda\u0db8 \u0daf\u0dd0\u0db1\u0dca\r\n\u0db1\u0dd1 \u0daf\u0db1\u0dca\u0db1\u0dda \u0d8b\u0db1 \u0dc0\u0dbb\u0daf \u0db8\u0d82\r\n\u0db4\u0dd9\u0dbb \u0dc0\u0dcf\u0d9c\u0dda \u0dc4\u0db8\u0dd4\u0dc0\u0db1\u0dca\u0db1 \u0db1\u0dd0\u0dad\u0dd4\u0dc0\u0dad\u0dca \u0d89\u0dad\u0dd2\u0db1\u0dca\r\n\u0db8\u0da7 \u0d95\u0db1 \u0d8b\u0db1\u0dda \u0d89\u0db1\u0dca\u0db1\u0db8\u0dba\u0dd2 \u0d94\u0db6\u0dda \u0dc5\u0d9f\u0dd2\u0db1\u0dca\n\r\n\u0dc0\u0dd2\u0dbb\u0dc3\u0d9a \u0dc0\u0dd3 \u0d86\u0daf\u0dbb\u0dd9\u0db1\u0dca \u0d9c\u0dd2\u0dba\u0dad\u0dca \u0db8\u0dcf \u0d9a\u0dd9\u0dbb\u0dd9\u0db1\u0dca\r\n\u0dc4\u0daf\u0dda \u0d89\u0db1\u0dca\u0db1\u0dda \u0d94\u0db6\u0db8\u0dba\u0dd2 \u0dc3\u0daf\u0dcf\r\n\u0d85\u0db8\u0dad\u0d9a \u0dc0\u0dd3 \u0db8\u0dda \u0dc4\u0dd2\u0dad\u0dd9\u0db1\u0dca \u0db1\u0ddc\u0dba\u0dba\u0dd2 \u0da2\u0dd3\u0dc0\u0dd2\u0dad\u0dd9\u0db1\u0dca\r\n\u0d9a\u0ddc\u0dc4\u0dda \u0d9a\u0ddc\u0dad\u0dd0\u0db1 \u0d8b\u0db1\u0dca\u0db1\u0dcf \u0d9a\u0dd2\u0dba\u0dcf"
    }
]