[
    {
        "uuid": "ffd6fe12-8a24-11e9-a5ff-3863bb98c88b",
        "song": "Yaluwe Sithin Handannepa ",
        "singer": "Neela Wickramasinghe ",
        "lyricUnicode": "\u0dba\u0dcf\u0dc5\u0dd4\u0dc0\u0dda \u0dc3\u0dd2\u0dad\u0dd2\u0db1\u0dca \u0dc4\u0dac\u0db1\u0dca\u0db1\u0dd9\u0db4\u0dcf\r\n\u0db8\u0dcf\u0dc5\u0dd4\u0dc0\u0ddd \u0dad\u0dc0\u0dad\u0dca \u0dc4\u0dd2\u0db3\u0dd3 \u0da2\u0dbd\u0dda \r\n\u0db4\u0dca\u200d\u0dbb\u0dda\u0db8\u0dba\u0dda \u0dbb\u0dd9\u0d9f\u0dca \u0dad\u0dcf\u0dbb\u0dd4\u0d9a\u0dcf \u0dc0\u0d9c\u0dda \r\n\u0dbb\u0dd1 \u0daf\u0dd2\u0dbd\u0dd3 \u0d8b\u0daf\u0dda \u0db1\u0dd2\u0dc0\u0dd3 \u0db1\u0dd2\u0dc0\u0dda\r\n\u0dba\u0dcf\u0dc5\u0dd4\u0dc0\u0dda \u0dc3\u0dd2\u0dad\u0dd2\u0db1\u0dca \u0dc4\u0dac\u0db1\u0dca\u0db1\u0dd9\u0db4\u0dcf\n\r\n\u0dc3\u0dd1\u0db8 \u0db4\u0dca\u200d\u0dbb\u0dda\u0db8\u0dc0\u0db1\u0dca\u0dad\u0dba\u0ddd \u0dbb\u0dd1 \u0daf\u0dd2\u0dc0\u0dcf \u0dc4\u0dd0\u0dac\u0dd6 \u0db1\u0dd9\u0dad\u0dda\r\n\u0db6\u0dd2\u0d82\u0daf\u0dd4 \u0db6\u0dd2\u0d82\u0daf\u0dd4 \u0d88\u0dad \u0db4\u0dcf\u0dba\u0dbd\u0dcf \r\n\u0dc3\u0dcf\u0d9c\u0dbb\u0dda \u0dad\u0dbb\u0d82\u0d9c \u0dc3\u0dda \u0dc4\u0ddd \u0dc4\u0dac\u0dd2\u0db1\u0dca \u0dc0\u0dd2\u0dbd\u0dcf\u0db4 \u0daf\u0dda \r\n\u0d92 \u0d8b\u0daf\u0dcf\u0dbb \u0d86\u0daf\u0dbb\u0dda \u0d85\u0db8\u0dcf\n\r\n\u0dba\u0dcf\u0dc5\u0dd4\u0dc0\u0dda \u0dc3\u0dd2\u0dad\u0dd2\u0db1\u0dca......\n\r\n\u0dbd\u0ddd \u0d8b\u0db4\u0db1\u0dca\u0daf\u0dd2\u0db1\u0dda \u0db4\u0da7\u0db1\u0dca \u0db4\u0dca\u200d\u0dbb\u0dda\u0db8 \u0dc0\u0dda\u0daf\u0db1\u0dcf \u0dc3\u0dd4\u0dc3\u0dd4\u0db8\u0dca\r\n\u0db8\u0dda \u0d9a\u0dd4\u0dab\u0dcf\u0da7\u0dd4 \u0dc3\u0dd3\u0dad \u0db8\u0dcf\u0dbb\u0dd4\u0dad\u0dda \r\n\u0daf\u0dda\u0dc1 \u0daf\u0dda\u0dc1\u0dba\u0dda \u0db8\u0dc0\u0dcf \u0dbd\u0ddd \u0db1\u0dd2\u0dbb\u0db1\u0dca\u0dad\u0dbb\u0dda \u0daf\u0dc0\u0dcf \r\n\u0dba\u0dd9\u0ddf\u0dc0\u0db1\u0dda \u0db1\u0dc3\u0dcf\u0dbd\u0dd6 \u0dba\u0dcf\u0dc5\u0dd4\u0dc0\u0dda \n\r\n\u0dba\u0dcf\u0dc5\u0dd4\u0dc0\u0dda \u0dc3\u0dd2\u0dad\u0dd2\u0db1\u0dca...... \r\n\u0dba\u0dcf\u0dc5\u0dd4\u0dc0\u0dda \u0dc3\u0dd2\u0dad\u0dd2\u0db1\u0dca \u0dc4\u0dac\u0db1\u0dca\u0db1\u0dd9\u0db4\u0dcf //"
    },
    {
        "uuid": "00d1d87a-8a25-11e9-aebd-3863bb98c88b",
        "song": "Yana Thanaka Inna Saamada Sathutin Oya ",
        "singer": "Mihindu Ariyaratne ",
        "lyricUnicode": "\u0dba\u0db1 \u0dad\u0dd0\u0db1\u0d9a \u0d89\u0db1\u0dca\u0db1 \u0dc3\u0dd1\u0db8\u0daf\u0dcf \u0dc3\u0dad\u0dd4\u0da7\u0dd2\u0db1\u0dca \u0d94\u0dba\u0dcf\r\n\u0db8\u0dad\u0dd4 \u0daf\u0dd2\u0db1\u0d9a \u0db8\u0dcf \u0dc0\u0d9c\u0dda \u0d94\u0db6\u0dad\u0dca \u0dbb\u0dd0\u0dc0\u0da7\u0dd9\u0db1\u0dca\u0db1\u0dd9\u0db4\u0dcf\r\n\u0d94\u0d9b\u0dd9\u0db1\u0dca \u0dbd\u0daf \u0d86\u0daf\u0dbb\u0dba \u0db8\u0d82 \u0dc4\u0dd2\u0dad\u0dda \u0dc3\u0d9f\u0dc0\u0dcf\u0db1 \u0dc4\u0dd0\u0db8\u0d9a\u0dbd\u0dca\r\n\u0db1\u0dd0\u0dc0\u0dad \u0d94\u0db6 \u0dc4\u0dcf \u0dc3\u0dc3\u0dbb\u0dda \u0db8\u0dad\u0dd4\u0daf\u0dcf \u0d91\u0d9a\u0dca\u0dc0\u0dd9\u0db1\u0dca\u0db1 \u0daf\u0dd2\u0db1 \u0d9c\u0db1\u0dd2\u0db1\u0dcf\r\n\u0db8\u0d9c\u0dda \u0dc4\u0dd2\u0dad \u0dc3\u0ddc\u0dba\u0dcf \u0daf\u0dc0\u0dc3\u0d9a \u0d94\u0dba\u0dcf \u0dba\u0dbd\u0dd2 \u0d91\u0db1\u0dca\u0db1 \u0db1\u0dd1 \u0dad\u0dbb\u0dc4\u0dcf\n\r\n\u0dbd\u0d9f\u0dd2\u0db1\u0dca \u0d94\u0db6 \u0dad\u0dd2\u0dba\u0db1\u0dca \u0db8\u0d9c\u0dda \u0db4\u0dab \u0d9a\u0dd2\u0dba\u0db1\u0dca \u0d91\u0d9a\u0da7 \u0dc4\u0dd2\u0da7\u0dd2\u0dba \u0daf\u0dd2\u0db1\u0dba\u0dda\r\n\u0db8\u0d9c\u0dd9\u0db1\u0dca \u0dad\u0ddc\u0dbb \u0dbd\u0ddc\u0dc0\u0d9a\u0dca \u0d94\u0db6\u0da7 \u0d87\u0dad\u0dd2 \u0db6\u0dc0\u0d9a\u0dca \u0db1\u0dd0\u0dc4\u0dd0\u0db1\u0dda \u0dc4\u0dd2\u0dad\u0da7 \u0daf\u0dd0\u0db1\u0dd4\u0db1\u0dda\r\n\u0dba\u0dbd\u0dd2\u0dad\u0dca \u0d94\u0db6\u0dc0 \u0dc4\u0dd2\u0db8\u0dd2\u0db1\u0dd0\u0dad\u0dd2 \u0db1\u0db8\u0dca \u0db8\u0d9c\u0dda \u0dc3\u0dd9\u0db1\u0dd9\u0dc4\u0dda \u0d85\u0da9\u0dd4\u0db1\u0db8\u0dca\r\n\u0db1\u0dd0\u0dc0\u0dad \u0d94\u0db6 \u0dc4\u0dcf \u0dc3\u0dc3\u0dbb\u0dda \u0db8\u0dad\u0dd4\u0daf\u0dcf \u0d91\u0d9a\u0dca\u0dc0\u0dd9\u0db1\u0dca\u0db1 \u0daf\u0dd2\u0db1 \u0d9c\u0db1\u0dd2\u0db1\u0dcf\r\n\u0db8\u0d9c\u0dda \u0dc4\u0dd2\u0dad \u0dc3\u0ddc\u0dba\u0dcf \u0daf\u0dc0\u0dc3\u0d9a \u0d94\u0dba\u0dcf \u0dba\u0dbd\u0dd2 \u0d91\u0db1\u0dca\u0db1 \u0db1\u0dd1 \u0dad\u0dbb\u0dc4\u0dcf\n\r\n\u0d9a\u0dd2\u0dba\u0db1\u0dca \u0db8\u0d9c\u0dda \u0dc4\u0dd2\u0dad\u0dd2\u0db1\u0dca \u0dad\u0dc0\u0dad\u0dca \u0d9a\u0dd9\u0db1\u0dd9\u0d9a\u0dd4\u0d9c\u0dd9\u0db1\u0dca \u0db4\u0dd9\u0db8\u0d9a\u0dca \u0db4\u0dad\u0dbd\u0dcf \u0dc3\u0dda\r\n\u0d85\u0dbd\u0dd6\u0dad\u0dca \u0dc3\u0dd9\u0db1\u0dd9\u0dc4\u0dc3\u0dd2\u0db1\u0dca \u0daf\u0dd4\u0d9a\u0d9a\u0dca \u0dbd\u0dd0\u0db6\u0dd4\u0db1\u0ddc\u0dad\u0dd2\u0db1\u0dca \u0db8\u0dc0\u0dd9\u0dad \u0d91\u0db1\u0dca\u0db1 \u0db4\u0dd9\u0dbb\u0dc3\u0dda\r\n\u0db4\u0dd9\u0dbb\u0dd4\u0db8\u0dca \u0db4\u0dd2\u0dbb\u0dd4\u0dc0\u0dd9 \u0d94\u0db6 \u0dc4\u0dcf \u0db8\u0d82 \u0d9a\u0dd6\u0da9\u0dd4 \u0dc0\u0dd9\u0db1\u0dca\u0db1 \u0dc4\u0dd0\u0db8\u0d9a\u0dbd\u0dca\r\n\u0db1\u0dd0\u0dc0\u0dad \u0d94\u0db6 \u0dc4\u0dcf \u0dc3\u0dc3\u0dbb\u0dda \u0db8\u0dad\u0dd4\u0daf\u0dcf \u0d91\u0d9a\u0dca\u0dc0\u0dd9\u0db1\u0dca\u0db1 \u0daf\u0dd2\u0db1 \u0d9c\u0db1\u0dd2\u0db1\u0dcf\r\n\u0db8\u0d9c\u0dda \u0dc4\u0dd2\u0dad \u0dc3\u0ddc\u0dba\u0dcf \u0daf\u0dc0\u0dc3\u0d9a \u0d94\u0dba\u0dcf \u0dba\u0dbd\u0dd2 \u0d91\u0db1\u0dca\u0db1 \u0db1\u0dd1 \u0dad\u0dbb\u0dc4\u0dcf\n\r\n\u0dba\u0db1 \u0dad\u0dd0\u0db1\u0d9a....."
    },
    {
        "uuid": "02537224-8a25-11e9-b3cb-3863bb98c88b",
        "song": "Yashodaraa ",
        "singer": "Sanath Nandasiri ",
        "lyricUnicode": "\u0dba\u0dc1\u0ddd\u0db0\u0dbb\u0dcf \u0dba\u0dc1\u0ddd\u0db0\u0dbb\u0dcf\n\r\n\u0dc3\u0dd2\u0dad\u0dda \u0db1\u0dd0\u0d9c\u0dd4\u0dab\u0dd4 \u0d9a\u0dbd\u0d9a\u0dd2\u0dbb\u0dd3\u0db8 \u0d9a\u0dd4\u0db8\u0dbb\u0dd2\u0dba\r\n\u0d94\u0db6 \u0db4\u0db8\u0dab\u0dba\u0dd2 \u0daf\u0dd0\u0db1 \u0dc3\u0dd2\u0da7\u0dd2\u0dba\u0dda \u0db4\u0dd9\u0dbb \u0dc3\u0dd2\u0da7 //\r\n\u0dba\u0dc1\u0ddd\u0db0\u0dbb\u0dcf \u0dba\u0dc1\u0ddd\u0db0\u0dbb\u0dcf\n\r\n\u0d91\u0dba\u0dd2\u0db1\u0dca \u0db8\u0dd2\u0daf\u0dd9\u0db1 \u0db8\u0d82 \u0db4\u0dd9\u0dad \u0dc3\u0ddc\u0dba\u0db1\u0dcf \u0dc3\u0db3\r\n\u0d94\u0d9b\u0dd9\u0db1\u0dca \u0dbd\u0dd0\u0db6\u0dd2\u0dab \u0db1\u0dd2\u0db6\u0db3\u0dc0\u0db8 \u0dc3\u0dd2\u0dba\u0dbd\u0dd4 \u0dc0\u0dd9\u0dbb\r\n\u0dc3\u0db8\u0dcf\u0db0\u0dd2\u0dba\u0dd9\u0db1\u0dca \u0dc3\u0dd2\u0dad \u0d88\u0dad \u0daf\u0dd2\u0dc0\u0dd9\u0db1 \u0dc0\u0dd2\u0da7\r\n\u0db4\u0db8\u0dcf \u0db1\u0ddc\u0dc0\u0dd3 \u0dba\u0dbd\u0dd2 \u0d87\u0dc0\u0dd2\u0daf\u0dd2\u0db1\u0dca \u0db8\u0dda \u0daf\u0dd9\u0dc3\n\r\n\u0dc3\u0dd2\u0dad\u0dda \u0db1\u0dd0\u0d9c\u0dd4\u0dab\u0dd4 \u0d9a\u0dbd\u0d9a\u0dd2\u0dbb\u0dd3\u0db8....\n\r\n\u0d91\u0dba\u0dd2\u0db1\u0dca \u0db8\u0dd2\u0daf\u0dd9\u0db1 \u0db8\u0d82 \u0db4\u0dd9\u0dad \u0dc3\u0ddc\u0dba\u0db1\u0dcf \u0dc3\u0db3\r\n\u0d94\u0d9b\u0dd9\u0db1\u0dca \u0dbd\u0dd0\u0db6\u0dd2\u0dab \u0db1\u0dd2\u0db6\u0db3\u0dc0\u0db8 \u0dc3\u0dd2\u0dba\u0dbd\u0dd4 \u0dc0\u0dd9\u0dbb\r\n\u0daf\u0dba\u0dcf \u0dc3\u0dd2\u0dad\u0dd2\u0db1\u0dca \u0d91\u0d9a \u0db6\u0dd0\u0dbd\u0dca\u0db8\u0d9a\u0dca \u0daf\u0dd3 \u0db1\u0dd9\u0dad\r\n\u0d9a\u0dd9\u0db8\u0dd9\u0db1\u0dca \u0db8\u0dd0\u0d9a\u0dd3 \u0dba\u0dba\u0dd2 \u0dba\u0dc1\u0ddd\u0db0\u0dbb\u0dcf \u0dc0\u0dad\n\r\n\u0dc3\u0dd2\u0dad\u0dda \u0db1\u0dd0\u0d9c\u0dd4\u0dab\u0dd4 \u0d9a\u0dbd\u0d9a\u0dd2\u0dbb\u0dd3\u0db8...."
    },
    {
        "uuid": "0441d858-8a25-11e9-b086-3863bb98c88b",
        "song": "Yeheliyaka Se Soyuriyaka Se ",
        "singer": "Chandrasena Hettiarachchi ",
        "lyricUnicode": "\u0dba\u0dd9\u0dc4\u0dd9\u0dc5\u0dd2\u0dba\u0d9a \u0dc3\u0dda \u0dc3\u0ddc\u0dba\u0dd4\u0dbb\u0dd2\u0dba\u0d9a \u0dc3\u0dda\r\n\u0d94\u0db6 \u0d9a\u0dd2\u0dba\u0db1 \u0d85\u0dba\u0dd4\u0dbb\u0dd2\u0db1\u0dca\r\n\u0db8\u0dcf \u0d9a\u0dd9\u0dc3\u0dda \u0d94\u0db6 \u0daf\u0dd9\u0dc3 \u0db6\u0dbd\u0db1\u0dca\u0db1\u0daf\r\n\u0db4\u0dd9\u0db8\u0dca \u0d9a\u0db3\u0dd4\u0dc5\u0dd4 \u0daf\u0dd1\u0dc3\u0dd2\u0db1\u0dca //\n\r\n\u0dc4\u0dd0\u0db3\u0dd2\u0db1 \u0d9c\u0dad\u0dca\u0dad\u0dda \u0d85\u0db4 \u0db8\u0dd4\u0dbd\u0dd2\u0db1\u0dca \u0db4\u0dd9\u0db8\u0dca\u0dc0\u0dad\u0dd4\u0db1\u0dca \u0dc0\u0dd3\u0db8\u0dd9\u0db1\u0dca\r\n\u0d85\u0db4 \u0d8b\u0db4\u0db1\u0dca\u0db1\u0dda \u0d92 \u0daf\u0dd2\u0db1\u0dda \u0db4\u0dca\u200d\u0dbb\u0dda\u0db8\u0dba\u0dda \u0db1\u0dcf\u0db8\u0dd9\u0db1\u0dca\r\n\u0d89\u0dad\u0dd2\u0db1\u0dca \u0d9a\u0dd9\u0dbd\u0dd9\u0dc3\u0daf \u0db8\u0dcf \u0db6\u0dbd\u0db1\u0dca\u0db1\u0dda \u0d94\u0db6 \u0daf\u0dd2\u0dc4\u0dcf \u0d91\u0dbd\u0dd9\u0dc3\u0dd2\u0db1\u0dca\r\n\u0dba\u0dd9\u0dc4\u0dd9\u0dc5\u0dd2\u0dba\u0d9a \u0dc3\u0dda \u0dc3\u0ddc\u0dba\u0dd4\u0dbb\u0dd2\u0dba\u0d9a \u0dc3\u0dda \u0db4\u0dd9\u0db8\u0dca \u0d9a\u0db3\u0dd4\u0dc5\u0dd4 \u0daf\u0dd1\u0dc3\u0dd2\u0db1\u0dca\n\r\n\u0dba\u0dd9\u0dc4\u0dd9\u0dc5\u0dd2\u0dba\u0d9a \u0dc3\u0dda......\n\r\n\u0d94\u0db6\u0db8 \u0d94\u0db6\u0dda \u0dc3\u0dd2\u0dad \u0dbb\u0dc0\u0da7\u0db8\u0dd2\u0db1\u0dca \u0d85\u0dc4\u0d9a \u0db6\u0dd0\u0dbd\u0dd4 \u0daf\u0dc0\u0dc3\u0dda\r\n\u0d94\u0db6 \u0d89\u0dc0\u0dad \u0dc4\u0dbd \u0db8\u0dcf \u0d85\u0daf\u0dad\u0dca \u0dc4~\u0db8\u0dd2 \u0db4\u0dd9\u0db8\u0dca \u0db4\u0dd2\u0dba\u0dc3\u0dda\r\n\u0d89\u0dad\u0dd2\u0db1\u0dca \u0d9a\u0dd9\u0dbd\u0dd9\u0dc3\u0daf \u0db8\u0dcf \u0db6\u0dbd\u0db1\u0dca\u0db1\u0dda \u0d94\u0db6 \u0daf\u0dd2\u0dc4\u0dcf \u0d91\u0dbd\u0dd9\u0dc3\u0dd2\u0db1\u0dca\r\n\u0dba\u0dd9\u0dc4\u0dd9\u0dc5\u0dd2\u0dba\u0d9a \u0dc3\u0dda \u0dc3\u0ddc\u0dba\u0dd4\u0dbb\u0dd2\u0dba\u0d9a \u0dc3\u0dda \u0db4\u0dd9\u0db8\u0dca \u0d9a\u0db3\u0dd4\u0dc5\u0dd4 \u0daf\u0dd1\u0dc3\u0dd2\u0db1\u0dca\n\r\n\u0dba\u0dd9\u0dc4\u0dd9\u0dc5\u0dd2\u0dba\u0d9a \u0dc3\u0dda......"
    }
]